date,Uriah,Veylan,Sofi,Neve,Elliot,Dash,Dario,Eleanor,Bodhi,Mary,Erin
09-00-05,0,61,33,38,40,0,41,30,29,54,0
09-00-15,0,61,35,38,39,0,42,32,0,55,0
09-00-25,0,61,33,38,40,0,42,31,0,54,0
09-00-35,0,61,34,38,40,0,42,31,0,55,0
09-00-45,0,61,34,38,40,0,42,30,0,55,0
09-00-55,0,61,33,37,40,0,41,31,29,54,0
09-01-05,0,61,34,37,40,0,42,31,0,55,0
09-01-15,0,61,34,38,40,0,42,30,0,55,0
09-01-25,0,61,33,38,40,0,41,30,0,54,0
09-01-35,0,61,34,38,40,0,42,31,0,55,0
09-01-45,0,61,35,38,40,0,42,31,0,55,0
09-01-55,0,61,35,37,41,0,40,31,0,55,0
09-02-05,0,61,35,38,40,0,42,30,0,55,0
09-02-15,0,61,32,38,40,0,42,30,0,54,0
09-02-25,0,61,42,38,38,0,47,32,0,55,0
09-02-35,0,61,38,39,38,0,44,32,0,55,0
09-02-45,0,61,40,38,39,0,45,31,29,54,0
09-02-55,0,61,42,41,41,0,43,34,29,54,0
09-03-05,0,61,45,42,41,0,42,31,29,53,0
09-03-15,0,61,46,41,41,0,42,32,0,54,0
09-03-25,0,61,40,39,37,0,41,31,29,55,0
09-03-35,0,61,41,38,41,0,44,31,30,53,0
09-03-45,0,60,39,38,41,0,44,32,31,54,0
09-03-55,0,61,40,38,38,0,44,31,0,54,0
09-04-05,0,61,39,38,39,0,43,32,29,53,0
09-04-15,0,61,40,38,40,0,44,32,30,55,0
09-04-25,0,61,39,38,39,0,43,32,30,54,0
09-04-35,0,61,39,39,39,0,44,32,30,54,0
09-04-45,0,61,41,38,40,0,43,32,0,54,0
09-04-55,0,61,40,38,39,0,42,31,29,54,0
09-05-05,0,61,40,37,40,0,44,32,29,54,0
09-05-15,0,61,40,38,40,0,45,32,0,54,0
09-05-25,0,61,40,38,40,0,46,32,30,54,0
09-05-35,0,61,41,39,40,0,45,32,31,54,0
09-05-45,0,61,41,38,40,0,46,33,0,54,0
09-05-55,0,61,40,39,40,0,45,32,30,54,0
09-06-05,0,61,39,38,39,0,43,32,30,54,0
09-06-15,0,61,37,40,40,0,45,34,0,53,0
09-06-25,0,61,47,44,40,0,43,32,0,52,0
09-06-35,0,60,45,43,41,0,45,31,0,53,0
09-06-45,0,61,44,43,42,0,44,31,0,53,0
09-06-55,0,61,43,43,42,0,45,30,0,53,0
09-07-05,0,61,44,43,42,0,45,31,0,53,0
09-07-15,0,61,44,42,41,0,46,31,0,53,0
09-07-25,0,61,44,43,41,0,44,30,0,53,0
09-07-35,0,61,44,43,41,0,45,30,0,53,0
09-07-45,0,61,44,44,41,0,44,31,29,52,0
09-07-55,0,61,44,44,41,0,45,30,0,52,0
09-08-05,0,61,45,43,40,0,46,31,0,52,0
09-08-15,0,61,43,42,41,0,46,31,0,53,0
09-08-25,0,61,43,43,42,0,46,30,0,52,0
09-08-35,0,61,44,44,42,0,46,31,0,53,0
09-08-45,0,61,44,43,41,0,44,30,0,53,0
09-08-55,0,61,45,43,40,0,44,30,0,53,0
09-09-05,0,61,47,44,40,0,43,31,0,52,0
09-09-15,0,61,49,41,39,0,35,31,0,54,0
09-09-25,0,61,50,40,38,0,34,31,0,54,0
09-09-35,0,61,49,41,39,0,35,31,0,53,0
09-09-45,0,61,49,40,38,0,34,31,0,53,0
09-09-55,0,61,49,41,41,0,34,32,0,53,0
09-10-05,0,61,49,42,40,0,33,33,0,54,0
09-10-15,0,61,48,42,40,0,34,33,0,55,0
09-10-25,0,61,47,40,40,0,37,31,0,55,0
09-10-35,0,61,53,42,38,0,38,32,0,55,0
09-10-45,0,61,53,42,40,0,38,31,0,53,0
09-10-55,0,61,52,42,39,0,39,30,0,54,0
09-11-05,0,61,52,42,38,0,39,32,0,54,0
09-11-15,0,61,53,42,39,0,38,31,0,54,0
09-11-25,0,61,52,42,39,0,42,30,0,53,0
09-11-35,0,61,52,43,39,0,41,0,0,55,0
09-11-45,0,61,52,42,38,0,41,0,0,55,0
09-11-55,0,61,53,42,39,0,41,0,0,55,0
09-12-05,0,61,52,43,39,0,41,0,0,55,0
09-12-15,0,61,52,42,39,0,41,0,0,55,0
09-12-25,0,61,52,43,38,0,41,0,0,55,0
09-12-35,0,61,53,42,39,0,41,0,0,54,0
09-12-45,0,61,51,42,39,0,41,0,0,54,0
09-12-55,0,61,53,42,39,0,41,0,0,55,0
09-13-05,0,61,52,43,38,0,41,0,0,54,0
09-13-15,0,61,53,43,38,0,41,0,0,54,0
09-13-25,0,61,52,42,39,0,41,0,0,54,0
09-13-35,0,61,52,41,39,0,41,0,0,54,0
09-13-45,0,61,53,43,39,0,41,0,0,55,0
09-13-55,0,61,52,42,39,0,41,0,0,54,0
09-14-05,0,61,52,42,38,0,41,0,0,54,0
09-14-15,0,61,52,43,38,0,41,0,0,54,0
09-14-25,0,61,52,43,38,0,41,0,0,55,0
09-14-35,0,61,51,43,39,0,41,0,0,54,0
09-14-45,0,61,52,43,37,0,41,0,0,54,0
09-14-55,0,61,53,43,39,0,41,0,0,54,0
09-15-05,0,61,52,43,39,0,41,0,0,55,0
09-15-15,0,61,52,43,39,0,41,0,0,55,0
09-15-25,0,61,53,43,38,0,41,0,0,55,0
09-15-35,0,61,52,42,39,0,41,0,0,54,0
09-15-45,0,61,52,43,39,0,41,0,0,54,0
09-15-55,0,61,52,43,40,0,41,0,0,55,0
09-16-05,0,61,53,42,39,0,41,0,0,53,0
09-16-15,0,61,52,42,39,0,41,0,0,55,0
09-16-25,0,61,52,43,39,0,41,0,0,54,0
09-16-35,0,61,52,43,39,0,41,0,0,55,0
09-16-45,0,61,51,43,40,0,41,0,0,54,0
09-16-55,0,61,52,43,39,0,41,0,0,55,0
09-17-05,0,61,51,43,39,0,41,0,0,55,0
09-17-15,0,61,52,43,39,0,42,0,0,55,0
09-17-25,0,61,51,43,39,0,41,0,0,55,0
09-17-35,0,61,52,42,39,0,41,0,0,54,0
09-17-45,0,61,52,42,38,0,41,0,0,54,0
09-17-55,0,61,52,43,39,0,41,0,0,55,0
09-18-05,0,61,52,43,39,0,41,0,0,55,0
09-18-15,0,61,52,43,40,0,41,0,0,55,0
09-18-25,0,61,53,43,38,0,41,0,0,55,0
09-18-35,0,61,52,43,38,0,41,0,0,54,0
09-18-45,0,61,53,43,40,0,41,0,0,54,0
09-18-55,0,61,51,43,39,0,40,0,0,54,0
09-19-05,0,61,52,43,39,0,41,0,0,54,0
09-19-15,0,61,52,43,38,0,41,0,0,54,0
09-19-25,0,62,52,43,38,0,41,0,0,55,0
09-19-35,0,61,52,43,38,0,41,0,0,54,0
09-19-45,0,61,53,43,39,0,41,0,0,54,0
09-19-55,0,61,53,43,38,0,41,0,0,55,0
09-20-05,0,61,51,42,39,0,40,0,0,54,0
09-20-15,0,61,52,43,38,0,42,0,0,54,0
09-20-25,0,61,51,43,38,0,41,29,0,55,0
09-20-35,0,61,51,42,40,0,39,30,0,55,0
09-20-45,0,61,53,42,37,0,41,32,0,55,0
09-20-55,0,61,53,43,39,0,38,0,0,55,0
09-21-05,0,61,53,43,38,0,39,0,0,54,0
09-21-15,0,61,51,42,38,0,39,0,0,55,0
09-21-25,0,61,53,43,37,0,41,31,0,55,0
09-21-35,0,61,52,43,38,0,41,31,0,55,0
09-21-45,0,61,52,43,36,0,42,31,0,53,0
09-21-55,0,61,52,43,37,0,41,30,0,54,0
09-22-05,0,61,52,42,37,0,43,32,0,54,0
09-22-15,0,61,52,43,35,0,42,32,0,54,0
09-22-25,0,61,52,43,35,0,35,32,0,54,0
09-22-35,0,61,52,43,37,0,36,31,0,55,0
09-22-45,0,61,51,42,37,0,31,30,0,54,0
09-22-55,0,61,51,43,38,0,38,0,0,54,0
09-23-05,0,61,52,43,38,0,33,0,0,54,0
09-23-15,0,61,52,43,37,0,45,30,0,54,0
09-23-25,0,61,52,42,39,0,0,30,0,54,0
09-23-35,0,61,52,42,40,0,34,0,0,54,0
09-23-45,0,61,53,43,38,0,0,31,0,54,0
09-23-55,0,61,52,44,38,0,0,31,0,54,0
09-24-05,0,61,52,43,39,0,0,30,0,54,0
09-24-15,0,61,51,43,38,0,0,31,0,54,0
09-24-25,0,61,50,43,37,0,0,30,0,54,0
09-24-35,0,61,52,44,38,0,0,0,0,54,0
09-24-45,0,61,52,43,38,0,0,31,0,55,0
09-24-55,0,61,53,43,40,0,0,32,0,54,0
09-25-05,0,61,52,43,39,0,0,31,0,55,0
09-25-15,0,61,52,43,39,0,0,32,0,54,0
09-25-25,0,61,52,43,38,0,0,31,0,55,0
09-25-35,0,61,53,42,40,0,0,33,0,55,0
09-25-45,0,61,51,43,39,0,0,32,0,54,0
09-25-55,0,61,52,43,39,0,0,32,0,55,0
09-26-05,0,61,53,43,39,0,0,31,0,55,0
09-26-15,0,61,52,42,39,0,0,31,0,55,0
09-26-25,0,61,52,43,38,0,0,33,0,55,0
09-26-35,0,61,51,44,37,0,0,33,0,54,0
09-26-45,0,61,52,43,38,0,0,33,0,55,0
09-26-55,0,61,52,42,38,0,0,32,0,55,0
09-27-05,0,61,52,42,38,0,0,32,0,54,0
09-27-15,0,61,51,43,39,0,0,32,0,54,0
09-27-25,0,61,52,42,39,0,0,31,0,55,0
09-27-35,0,61,53,43,39,0,0,32,0,55,0
09-27-45,0,62,52,43,39,0,0,32,0,55,0
09-27-55,0,61,52,42,40,0,0,31,0,54,0
09-28-05,0,61,50,40,38,0,0,35,31,55,0
09-28-15,29,62,49,37,39,0,0,37,31,56,0
09-28-25,0,61,52,38,40,0,0,38,32,56,0
09-28-35,0,61,50,37,38,0,0,38,31,56,0
09-28-45,30,61,50,38,39,0,0,38,31,56,0
09-28-55,0,61,49,38,40,0,0,38,31,56,0
09-29-05,0,61,48,38,41,0,0,38,31,56,0
09-29-15,0,61,48,40,40,0,0,39,31,56,0
09-29-25,0,61,49,39,39,0,0,38,32,55,0
09-29-35,0,62,49,39,39,0,0,37,31,55,0
09-29-45,0,61,51,37,37,0,0,36,31,55,0
09-29-55,0,61,51,35,37,0,0,37,31,55,0
09-30-05,0,62,51,39,38,0,0,36,31,56,0
09-30-15,0,61,49,38,33,0,0,37,31,55,0
09-30-25,0,61,47,39,39,0,0,34,30,56,0
09-30-35,0,61,47,36,38,0,0,34,29,32,0
09-30-45,0,61,49,35,40,0,0,33,0,30,0
09-30-55,0,61,48,34,40,0,0,34,30,0,0
09-31-05,0,61,49,35,39,0,0,36,30,0,0
09-31-15,0,61,51,38,37,0,0,37,29,0,0
09-31-25,0,61,52,36,39,0,0,36,30,34,0
09-31-35,0,61,52,35,39,0,0,38,31,42,0
09-31-45,0,61,51,40,37,0,0,37,30,39,0
09-31-55,0,61,52,38,38,0,0,36,31,0,0
09-32-05,0,61,51,39,39,0,0,39,31,0,0
09-32-15,0,61,50,39,38,0,0,39,30,0,0
09-32-25,0,61,50,40,39,0,0,39,30,0,0
09-32-35,0,61,49,38,39,0,0,37,30,0,0
09-32-45,0,61,51,39,40,0,0,38,30,0,0
09-32-55,0,61,52,39,40,0,43,38,29,0,0
09-33-05,0,61,52,39,39,0,33,38,29,0,0
09-33-15,0,61,43,41,37,0,35,37,0,0,0
09-33-25,0,61,50,39,37,0,0,37,0,0,0
09-33-35,0,61,51,39,39,0,0,39,30,0,0
09-33-45,0,61,49,39,38,0,0,39,0,0,0
09-33-55,0,61,50,37,37,0,0,36,0,0,0
09-34-05,0,61,45,37,38,0,0,37,29,0,0
09-34-15,0,61,47,35,35,0,0,36,0,0,0
09-34-25,0,61,51,37,33,0,0,38,0,0,0
09-34-35,0,61,50,36,37,0,0,40,0,0,0
09-34-45,0,61,50,36,38,0,0,39,0,0,0
09-34-55,0,61,49,36,35,0,0,38,0,0,0
09-35-05,0,61,50,38,35,0,0,39,0,0,0
09-35-15,0,61,48,38,34,0,0,39,0,0,0
09-35-25,0,61,48,39,32,0,0,38,0,0,0
09-35-35,0,61,48,41,35,0,0,38,0,0,0
09-35-45,29,61,49,41,32,0,0,36,0,0,0
09-35-55,0,62,50,42,31,0,0,37,0,0,0
09-36-05,0,62,47,39,0,0,0,37,0,0,0
09-36-15,0,62,47,39,31,0,0,39,0,0,0
09-36-25,0,62,47,41,32,0,0,37,0,0,0
09-36-35,0,62,45,39,0,0,0,38,0,0,0
09-36-45,0,61,41,37,30,0,0,37,0,0,0
09-36-55,0,62,44,39,31,0,0,39,0,0,0
09-37-05,0,61,49,42,30,0,0,39,0,0,0
09-37-15,0,62,47,41,33,0,0,37,0,0,0
09-37-25,0,61,48,41,31,0,0,39,0,0,0
09-37-35,29,61,48,41,34,0,0,39,0,0,0
09-37-45,0,61,50,42,31,0,0,39,0,0,0
09-37-55,33,44,41,39,38,0,0,36,0,0,0
09-38-05,0,38,33,36,31,0,0,33,0,0,0
09-38-15,0,34,34,31,0,0,0,32,0,0,0
09-38-25,0,35,36,33,0,0,0,32,0,0,0
09-38-35,0,37,34,34,0,0,0,30,0,0,0
09-38-45,0,35,39,35,0,0,0,34,0,0,0
09-38-55,0,33,38,33,0,0,0,35,0,0,0
09-39-05,30,39,44,40,0,0,0,40,0,0,0
09-39-15,31,45,50,51,0,0,0,38,0,0,0
09-39-25,0,38,40,35,0,0,35,37,0,0,0
09-39-35,0,32,34,29,0,0,0,0,0,0,0
09-39-45,0,32,33,31,0,0,0,0,0,0,0
09-39-55,0,32,32,0,0,0,0,0,0,0,0
09-40-05,0,0,31,0,0,0,0,0,0,0,0
09-40-15,0,34,33,0,30,0,0,0,0,0,0
09-40-25,0,0,0,0,32,0,0,0,0,0,0
09-40-35,0,0,0,0,0,0,33,0,0,35,0
09-40-45,0,0,0,0,0,0,38,0,0,0,0
09-40-55,0,0,0,0,0,0,45,0,0,0,0
09-41-05,0,0,0,0,0,0,40,0,0,0,0
09-41-15,0,0,0,0,0,0,34,0,0,0,30
09-41-25,0,0,0,0,0,0,0,0,0,0,0
09-42-25,0,0,0,0,0,0,0,0,0,0,30
09-42-45,0,0,0,0,0,0,32,0,0,0,32
09-43-05,0,0,0,0,0,0,0,0,0,0,29
09-43-15,0,0,0,32,0,0,0,0,0,0,31
09-43-25,0,32,0,0,0,0,0,0,0,0,0
09-43-35,0,31,0,0,0,0,0,0,0,0,0
09-43-45,0,0,29,0,0,0,0,0,0,0,0
09-43-55,0,31,0,0,0,0,0,31,0,0,0
09-44-15,0,0,0,34,0,0,0,0,0,0,0
09-44-35,0,0,0,33,0,0,0,0,0,0,0
09-45-35,0,0,0,0,32,0,0,0,0,0,0
09-45-45,0,0,0,0,30,0,0,0,0,0,0
09-46-15,0,0,0,0,29,0,0,0,0,0,0
09-46-45,0,0,0,0,30,0,0,0,0,0,0
09-46-55,0,34,0,0,0,0,0,0,0,0,0
09-47-15,0,0,0,0,0,0,31,0,0,0,0
09-47-25,0,0,31,0,0,0,0,0,0,0,0
09-47-35,0,0,31,0,34,0,0,38,0,0,0
09-47-45,0,0,33,0,0,0,0,0,0,0,0
09-48-15,0,0,30,0,0,0,0,0,0,0,0
09-48-35,0,0,32,0,0,0,0,0,0,0,0
09-48-45,0,0,29,0,0,0,31,0,0,0,0
09-48-55,0,0,31,34,0,0,0,0,0,0,0
09-49-05,0,0,32,0,0,0,0,0,0,0,0
09-49-15,0,0,33,0,0,0,0,0,0,0,0
09-49-25,0,0,31,0,0,0,0,0,0,0,0
09-49-45,0,0,32,0,0,0,32,0,0,0,0
09-50-05,0,0,32,0,0,0,0,0,0,0,0
09-50-15,0,0,32,0,0,0,0,0,0,0,0
09-50-25,0,0,32,0,0,0,0,0,0,0,0
09-50-35,0,0,29,0,0,0,0,0,0,0,0
09-50-55,0,0,34,0,0,0,0,0,0,0,0
09-51-05,0,0,31,0,0,0,0,0,0,0,0
09-51-15,0,0,30,0,0,0,0,0,0,0,0
09-51-25,0,0,32,0,0,0,0,0,0,0,0
09-51-35,0,0,34,0,0,0,0,0,0,0,0
09-51-45,0,0,33,0,0,0,0,0,0,0,0
09-51-55,0,0,34,0,0,0,0,0,0,0,0
09-52-05,0,0,31,30,0,0,0,0,0,0,0
09-52-15,0,0,31,0,0,0,0,0,0,0,0
09-52-25,0,0,31,0,0,0,0,0,0,0,0
09-52-35,0,0,31,0,0,0,0,0,0,0,0
09-52-45,0,0,30,0,0,0,0,0,0,0,0
09-52-55,0,0,33,0,0,0,31,0,0,0,0
09-53-05,0,0,34,0,0,0,0,0,0,0,0
09-53-15,0,0,32,0,0,0,0,0,0,0,0
09-53-25,0,0,32,0,0,0,0,0,0,0,0
09-53-35,0,0,33,0,0,0,0,0,0,0,0
09-53-45,0,0,35,0,0,0,0,0,0,0,0
09-53-55,0,0,33,0,0,0,0,0,0,0,0
09-54-05,0,0,32,0,0,0,0,0,0,0,0
09-54-15,0,0,34,0,0,0,0,0,0,0,0
09-54-25,0,0,34,36,0,0,0,0,0,0,0
09-54-35,0,0,32,0,0,0,0,0,0,0,0
09-54-45,0,0,34,0,0,0,0,0,0,0,0
09-54-55,0,0,33,0,0,0,0,0,0,0,0
09-55-05,0,0,34,34,0,0,0,0,0,0,0
09-55-15,0,0,33,0,0,0,0,0,0,0,0
09-55-25,0,0,33,33,0,0,0,0,0,0,0
09-55-35,0,0,33,0,0,0,0,0,0,0,0
09-55-45,0,0,31,31,0,0,0,0,0,0,0
09-55-55,0,0,30,0,0,0,0,0,0,0,0
09-56-05,0,0,33,40,0,0,0,0,0,0,0
09-56-15,0,0,31,0,0,0,0,0,0,0,0
09-56-25,0,0,30,0,0,0,0,0,0,0,0
09-56-35,0,0,32,0,0,0,0,0,0,0,0
09-56-45,0,0,32,0,0,0,0,0,0,0,0
09-56-55,0,30,34,0,0,0,0,0,0,0,0
09-57-05,0,33,0,0,0,0,0,0,0,0,0
09-57-35,0,0,0,32,0,0,0,0,0,0,0
09-57-55,0,0,0,0,0,0,0,0,0,0,0
09-58-05,0,0,34,33,0,0,0,0,0,0,0
09-58-15,0,0,35,0,0,0,0,0,0,0,0
09-58-25,0,0,34,31,0,0,0,0,0,0,0
09-58-35,0,0,30,0,0,0,32,0,0,0,0
10-00-15,0,0,0,34,0,0,0,0,0,0,0
10-00-55,0,0,0,0,0,0,0,0,0,0,0
10-01-05,0,0,0,0,0,0,0,0,0,0,0
10-01-15,0,0,0,0,0,0,0,0,0,0,0
10-01-25,0,0,0,0,0,0,0,0,0,0,0
10-01-35,0,0,0,0,0,0,0,0,0,0,0
10-01-45,0,0,0,0,0,0,0,0,0,0,0
10-01-55,0,0,0,0,0,0,0,0,0,0,0
10-02-05,0,0,0,0,0,0,0,0,0,0,0
10-02-15,0,0,0,0,0,0,0,0,0,0,0
10-02-25,0,0,0,33,0,0,0,0,0,0,0
10-02-35,0,0,0,0,0,0,0,0,0,0,0
10-02-45,0,0,0,30,0,0,0,31,0,0,0
10-02-55,0,0,0,0,0,0,0,30,0,0,0
10-03-15,0,0,0,33,0,0,0,0,0,0,0
10-03-25,0,0,0,31,0,0,0,0,0,0,0
10-03-45,0,0,0,31,0,0,0,0,0,0,0
10-04-15,0,0,0,32,0,0,0,0,0,0,0
10-04-25,0,0,0,32,0,0,0,0,0,0,0
10-05-05,0,0,0,0,0,0,29,0,0,0,0
10-05-25,0,0,0,0,0,0,33,0,0,0,0
10-06-15,0,0,30,0,0,0,0,0,0,0,0
10-06-45,0,0,0,0,0,0,0,0,0,0,0
10-07-05,0,0,33,0,0,0,0,0,0,0,0
10-07-15,0,0,31,34,0,0,0,0,0,0,0
10-07-45,0,0,0,0,0,0,0,31,0,0,0
10-08-25,0,31,39,36,0,0,0,0,0,0,0
10-09-05,0,0,0,0,30,0,0,0,0,0,0
10-09-15,0,0,0,0,29,0,0,0,0,0,0
10-09-25,0,0,33,40,32,0,0,0,30,0,0
10-09-35,0,0,33,39,0,0,0,0,30,0,0
10-09-45,0,0,31,0,0,0,0,0,0,0,0
10-09-55,0,0,33,0,0,0,0,0,0,0,0
10-10-05,0,0,0,0,34,0,0,0,0,0,0
10-10-25,0,0,0,0,36,0,0,0,37,0,0
10-10-45,0,0,0,35,0,0,0,35,0,0,0
10-10-55,0,0,0,0,32,0,0,0,36,0,0
10-11-05,0,0,0,0,0,0,0,0,30,0,0
10-11-25,0,0,0,0,32,0,0,0,0,0,0
10-11-35,0,0,0,0,32,0,0,0,0,0,0
10-11-45,0,0,0,0,38,0,33,0,0,0,0
10-11-55,0,0,0,0,0,0,0,0,31,0,0
10-12-05,0,0,0,0,33,0,30,0,0,0,0
10-12-15,0,0,0,0,41,0,0,0,0,0,0
10-12-35,0,0,0,0,0,0,0,0,45,0,0
10-12-55,0,0,0,0,33,0,0,0,35,0,29
10-13-05,0,0,0,0,30,0,0,0,0,0,0
10-13-15,0,0,0,0,34,0,0,0,30,0,0
10-13-25,0,0,0,0,34,0,0,0,0,0,0
10-13-35,0,0,0,0,33,0,0,0,0,0,0
10-13-45,0,0,0,0,33,0,0,0,0,0,0
10-13-55,0,0,0,0,37,0,0,0,0,0,0
10-14-05,0,0,0,0,33,0,0,0,0,0,0
10-14-15,0,0,0,0,35,0,0,0,0,0,0
10-14-25,0,0,0,0,34,0,0,0,0,0,0
10-14-35,0,0,0,0,35,0,0,0,0,0,31
10-14-45,0,0,0,0,39,0,0,0,0,31,31
10-14-55,0,0,0,0,40,0,0,0,0,0,0
10-15-15,0,0,0,0,0,0,0,0,0,0,33
10-15-25,0,0,0,0,0,0,0,0,33,0,0
10-15-45,0,0,0,0,0,0,0,0,0,0,29
10-15-55,0,0,0,0,0,0,30,0,0,0,30
10-16-05,0,0,0,0,0,0,31,0,0,0,0
10-16-15,0,0,0,0,0,0,33,0,0,30,0
10-16-25,0,0,0,0,0,0,0,0,32,0,0
10-16-35,0,31,0,0,0,0,0,0,0,0,0
10-16-45,0,0,0,0,40,0,0,0,0,31,0
10-16-55,0,0,0,0,31,0,0,0,33,0,0
10-17-15,0,0,0,0,32,0,0,0,0,36,0
10-17-35,0,0,0,0,0,0,0,0,0,0,32
10-17-55,0,0,0,0,0,0,32,0,0,0,0
10-18-25,0,0,0,0,0,0,35,0,0,0,0
10-18-35,0,0,0,0,0,0,35,0,0,0,0
10-18-45,0,0,0,0,0,0,0,0,30,0,0
10-18-55,0,0,0,0,0,0,0,0,0,0,29
10-19-05,0,0,0,0,0,0,0,0,0,0,30
10-19-45,0,0,0,0,0,0,32,0,0,0,0
10-19-55,31,0,0,0,0,0,0,0,0,0,0
10-21-15,0,0,0,0,0,0,0,0,0,0,37
10-21-25,0,0,0,0,0,0,0,0,0,0,34
10-22-05,0,0,0,0,0,0,0,0,0,0,33
10-22-15,0,0,0,0,0,0,0,0,0,0,36
10-22-25,0,0,0,0,0,0,0,0,0,30,0
10-22-35,0,0,0,0,0,0,0,0,0,33,0
10-22-45,0,0,0,0,0,0,0,0,37,32,0
10-22-55,0,0,0,0,0,0,0,0,38,0,0
10-23-25,0,0,0,0,0,0,0,0,0,0,41
10-23-45,0,0,0,0,0,0,0,0,30,0,0
10-24-05,0,0,0,0,0,0,0,0,0,0,35
10-24-15,0,0,0,0,0,0,0,0,0,30,0
10-24-25,0,0,0,0,0,0,0,0,0,0,34
10-24-55,0,0,0,0,0,0,0,0,37,0,0
10-25-35,0,0,0,0,0,0,39,0,0,0,0
10-25-45,0,0,0,0,35,0,30,0,0,0,0
10-25-55,0,0,0,0,36,0,0,0,30,0,0
10-26-05,0,0,0,34,31,0,0,0,0,0,39
10-26-15,0,0,0,0,0,0,0,0,0,0,0
10-26-25,0,0,0,0,35,0,0,0,0,0,0
10-26-35,0,0,0,31,0,0,0,0,0,0,0
10-26-45,0,0,0,0,0,0,0,0,0,34,0
10-26-55,0,0,0,0,36,0,0,0,0,0,0
10-27-05,0,0,0,0,0,0,0,0,0,0,0
10-27-15,0,0,31,38,36,0,0,0,0,0,0
10-27-25,0,0,34,30,30,0,0,0,0,0,0
10-27-35,0,0,32,0,0,0,0,0,0,0,0
10-27-45,0,0,32,0,0,0,0,0,0,0,0
10-27-55,0,0,30,0,31,0,0,0,0,32,0
10-28-05,0,0,0,0,29,0,0,0,0,0,0
10-28-15,0,0,31,0,31,0,0,0,0,0,0
10-28-25,0,0,31,0,32,0,0,0,0,0,32
10-28-35,0,0,0,0,35,0,0,0,0,0,0
10-28-45,0,0,0,0,33,0,0,0,0,31,0
10-28-55,0,0,0,0,0,0,0,0,0,30,0
10-29-05,0,0,33,31,0,0,0,0,0,29,0
10-29-15,0,0,0,0,30,0,0,0,0,0,36
10-29-25,0,0,31,0,0,0,0,0,0,0,0
10-29-35,0,0,32,0,0,0,0,0,0,0,0
10-29-45,0,0,35,0,0,0,0,0,0,0,0
10-29-55,0,0,31,32,0,0,0,0,0,0,0
10-30-05,0,0,31,0,30,0,0,0,0,0,0
10-30-15,0,0,35,0,33,0,0,0,0,0,0
10-30-25,0,0,35,31,32,0,0,0,0,0,0
10-30-55,0,0,30,0,33,0,0,0,0,0,0
10-31-05,0,0,33,30,0,0,0,0,0,0,0
10-31-15,0,0,0,0,0,0,0,0,0,0,0
10-31-25,0,0,0,0,32,0,0,0,0,0,0
10-31-35,0,0,0,0,0,0,0,0,0,0,31
10-31-45,0,0,0,0,31,0,0,0,0,0,0
10-31-55,0,0,0,0,33,0,0,0,0,0,0
10-32-05,0,0,0,0,30,0,0,0,0,33,36
10-32-15,0,0,0,0,0,0,0,0,0,0,32
10-32-25,0,0,0,0,30,0,0,0,0,0,0
10-32-35,0,0,0,0,38,0,0,0,0,0,48
10-32-45,0,0,0,0,35,0,0,0,0,0,50
10-32-55,0,0,0,0,30,0,0,0,0,35,32
10-33-05,0,0,0,0,0,0,0,0,0,31,0
10-33-15,0,0,0,0,32,0,0,0,0,0,0
10-33-25,0,0,0,0,0,0,0,0,0,33,35
10-33-35,0,0,0,0,33,0,0,0,0,33,0
10-33-45,0,0,43,45,0,0,0,0,0,0,0
10-33-55,0,0,34,37,33,0,0,0,0,0,31
10-34-55,0,0,0,0,0,0,0,0,0,31,0
10-35-45,0,0,0,0,0,0,0,0,0,33,0
10-36-05,0,0,0,0,0,0,0,0,0,30,0
10-36-15,0,0,30,0,30,0,0,0,0,0,0
10-36-35,0,0,31,0,0,0,0,0,0,0,0
10-36-45,0,0,0,0,0,0,0,0,0,29,0
10-36-55,0,0,0,0,0,0,0,0,0,0,0
10-37-15,0,0,0,0,31,0,0,0,0,0,0
10-37-35,0,0,0,0,0,0,0,0,0,0,0
10-37-45,0,0,0,0,0,0,0,0,0,0,0
10-37-55,0,0,0,0,0,0,0,0,0,0,0
10-38-05,0,0,0,0,0,0,0,0,0,0,0
10-38-15,0,0,0,0,0,0,0,0,0,0,0
10-38-25,0,0,30,0,0,0,0,0,0,0,0
10-38-35,0,0,0,0,0,0,0,0,0,30,0
10-38-45,0,0,0,0,0,0,0,0,0,0,0
10-38-55,0,0,0,0,0,0,0,0,0,32,0
10-39-25,0,0,0,0,0,0,0,0,0,0,0
10-40-15,0,0,0,0,0,0,0,0,0,30,0
10-40-25,0,0,0,0,0,0,0,0,0,32,0
10-40-35,0,0,0,0,0,0,0,0,0,32,0
10-41-05,0,0,31,0,0,0,0,0,0,0,0
10-41-25,0,0,0,0,0,0,0,0,0,0,38
10-41-35,0,0,34,0,0,0,0,0,0,0,38
10-41-45,0,0,38,30,0,0,0,0,0,0,36
10-41-55,0,31,0,0,0,0,0,0,0,35,47
10-42-05,0,34,42,0,0,0,0,0,0,0,38
10-42-35,0,0,31,0,0,0,0,0,0,0,0
10-42-45,0,0,0,0,0,0,0,0,0,0,36
10-42-55,0,0,0,0,0,0,0,0,0,0,32
10-43-05,0,0,0,0,0,0,0,0,0,0,39
10-43-15,0,0,0,0,0,0,0,0,0,0,35
10-43-25,0,0,0,0,0,0,0,0,0,0,37
10-43-35,0,0,0,0,0,0,0,0,0,0,37
10-43-45,0,0,0,0,0,0,0,0,0,0,34
10-43-55,0,0,0,0,0,0,0,0,0,0,31
10-44-45,0,0,0,0,0,0,32,0,0,0,0
10-44-55,0,0,0,0,0,0,31,0,0,0,0
10-45-05,0,0,33,0,0,0,0,0,0,0,0
10-45-15,0,0,32,0,0,0,0,0,0,0,0
10-45-35,0,0,0,0,0,0,0,0,0,0,32
10-45-45,0,0,0,0,0,0,0,0,0,0,42
10-45-55,0,0,32,0,0,0,0,0,0,0,41
10-46-05,0,32,33,29,0,0,0,0,0,0,0
10-46-15,0,33,35,0,0,0,0,0,0,0,31
10-46-25,0,0,34,30,0,0,0,0,0,0,0
10-46-45,0,0,0,0,0,0,33,0,0,0,0
10-46-55,0,0,0,0,0,0,32,0,0,0,0
10-47-05,0,0,32,0,0,0,36,0,0,0,0
10-47-15,0,0,30,0,0,0,37,0,0,0,31
10-47-25,0,0,32,0,0,0,49,0,0,0,32
10-47-35,0,0,0,0,0,0,52,0,0,0,31
10-47-45,0,0,30,0,0,0,0,0,0,0,31
10-47-55,0,0,29,0,0,0,0,0,0,0,30
10-48-05,0,0,0,0,0,0,0,0,0,0,30
10-48-15,0,0,0,0,0,0,0,0,0,0,31
10-48-25,0,0,32,0,0,0,0,0,0,0,33
10-48-35,0,0,0,0,0,0,0,0,0,0,31
10-48-45,0,0,32,0,0,0,0,0,0,0,31
10-49-05,0,0,30,0,0,0,0,0,0,0,31
10-49-15,0,0,30,0,0,0,35,0,0,0,30
10-49-25,0,0,31,0,0,0,0,0,0,0,33
10-49-35,0,0,32,0,0,0,0,0,0,0,0
10-49-45,0,0,31,0,0,0,0,0,0,0,0
10-49-55,0,0,33,0,0,0,0,0,0,0,0
10-50-05,0,0,30,31,0,0,33,0,0,0,0
10-50-15,0,0,34,31,0,0,30,0,0,0,0
10-50-25,0,0,33,32,0,0,33,0,0,0,0
10-50-35,0,0,31,36,0,0,33,0,0,0,0
10-50-45,0,0,29,32,0,0,0,0,0,0,0
10-50-55,0,0,0,34,0,0,30,0,0,0,0
10-51-05,0,0,0,34,0,0,0,0,0,0,0
10-51-15,0,0,29,34,0,0,32,0,0,0,0
10-51-25,0,0,33,40,0,0,35,0,0,0,0
10-51-35,0,0,31,0,0,0,32,0,0,0,0
10-51-45,0,0,32,29,0,0,33,0,0,0,0
10-51-55,0,0,31,0,0,0,32,0,0,0,0
10-52-05,0,32,46,0,0,0,35,0,0,0,33
10-52-15,0,0,30,0,0,0,30,0,0,0,0
10-52-25,0,0,35,0,0,0,0,0,0,0,31
10-52-45,0,0,33,32,0,0,31,0,0,0,0
10-52-55,0,0,0,36,0,0,31,0,0,0,0
10-53-05,0,0,0,33,0,0,0,0,0,0,0
10-53-15,0,0,31,38,0,0,0,0,0,0,31
10-53-25,0,30,33,35,0,0,34,0,0,0,0
10-53-35,0,0,33,32,0,0,31,0,0,0,0
10-53-45,0,0,33,38,0,0,0,0,0,0,0
10-53-55,0,0,34,48,0,0,0,0,0,0,0
10-54-05,0,0,31,0,0,0,32,0,0,0,0
10-54-15,0,0,34,0,0,0,32,0,0,0,0
10-54-25,0,0,33,39,0,0,0,0,0,0,0
10-54-35,0,0,34,0,0,0,32,0,0,0,0
10-54-45,0,0,0,29,0,0,30,0,0,0,0
10-54-55,0,0,0,32,0,0,0,0,0,0,0
10-55-05,0,0,33,32,0,0,0,0,0,0,0
10-55-15,0,0,35,29,0,0,0,0,0,0,0
10-55-25,0,0,0,37,0,0,0,0,0,0,0
10-55-45,0,0,0,0,0,0,32,0,0,0,0
10-55-55,0,0,0,0,0,0,30,0,0,0,0
10-56-05,0,0,0,40,0,0,34,0,0,0,0
10-56-15,0,32,32,31,0,0,33,0,0,0,0
10-56-25,0,0,31,37,0,0,30,0,0,0,0
10-56-35,0,0,34,35,0,0,0,0,0,0,0
10-56-55,0,30,0,0,0,0,36,0,0,0,0
10-57-05,0,0,34,32,0,0,31,0,0,0,0
10-57-15,0,33,35,38,0,0,0,0,0,0,0
10-57-25,0,0,0,31,0,0,30,0,0,0,0
10-57-35,0,0,35,0,0,0,32,0,0,0,0
10-57-45,0,0,0,0,31,0,0,0,0,0,0
10-57-55,0,0,0,0,0,0,0,0,34,0,0
10-58-05,0,0,0,0,0,0,0,0,30,0,0
10-58-25,0,0,0,0,0,0,31,0,0,0,0
10-58-55,0,0,0,0,0,0,32,0,0,0,0
10-59-05,0,0,0,0,0,0,30,0,0,0,0
10-59-15,0,0,0,0,0,0,30,0,0,0,0
10-59-25,0,0,0,0,0,0,33,0,0,0,0
10-59-35,0,0,0,0,0,0,30,0,0,0,0
10-59-45,0,0,0,0,0,0,0,0,0,0,30
10-59-55,0,0,0,0,0,0,31,0,0,0,31
11-00-05,0,0,0,0,0,0,0,0,0,0,31
11-00-15,0,0,0,0,0,0,34,0,0,0,0
11-00-25,0,0,0,0,0,0,0,0,0,0,30
11-00-35,0,0,0,0,0,0,0,0,0,0,31
11-00-45,0,0,0,0,0,0,32,0,0,0,32
11-00-55,0,0,0,0,0,0,33,0,0,0,31
11-01-05,0,0,0,0,0,0,33,0,0,0,31
11-01-15,0,0,0,0,0,0,29,0,0,0,31
11-01-25,0,0,0,0,0,0,30,0,0,0,32
11-01-35,0,0,0,0,0,0,0,0,0,0,30
11-01-45,0,0,0,0,0,0,30,0,0,0,30
11-01-55,0,0,0,0,0,0,31,0,0,0,30
11-02-05,0,0,0,0,0,0,0,0,0,0,33
11-02-15,0,0,0,0,0,0,0,0,0,0,32
11-02-35,0,0,0,0,0,0,0,0,0,0,33
11-02-45,0,0,0,0,0,0,0,0,0,0,35
11-02-55,0,0,0,0,0,0,0,0,0,0,33
11-03-05,0,0,0,0,0,0,0,0,0,0,34
11-03-15,0,0,0,0,0,0,0,0,0,0,34
11-03-35,0,0,0,0,33,0,0,0,0,0,31
11-03-45,0,0,0,0,45,0,0,0,0,0,30
11-03-55,0,0,0,0,0,0,30,0,0,0,32
11-04-05,0,0,0,0,0,0,32,0,0,0,30
11-04-15,0,0,0,0,0,0,30,0,0,0,32
11-04-25,0,0,0,0,33,0,31,0,0,0,32
11-04-35,0,0,0,0,35,0,30,0,0,0,0
11-04-45,0,0,0,0,31,0,0,0,0,0,0
11-05-45,0,0,0,0,0,0,33,0,0,0,0
11-06-35,0,0,0,0,0,0,33,0,0,0,32
11-06-45,0,0,0,0,0,0,36,0,0,0,32
11-06-55,0,0,0,0,0,0,40,0,0,0,0
11-07-05,0,0,0,0,0,0,33,0,0,0,0
11-07-15,0,0,0,0,0,0,34,0,0,0,0
11-07-55,0,0,0,0,0,0,31,0,0,0,0
11-08-05,0,0,0,0,0,0,30,0,0,0,0
11-08-15,0,0,0,0,0,0,33,0,0,0,0
11-10-15,0,0,0,0,0,0,30,0,0,0,0
11-10-25,0,0,0,0,0,0,32,0,0,0,0
11-10-35,0,0,0,0,0,0,31,0,0,0,0
11-10-45,0,0,0,0,0,0,29,0,0,0,0
11-10-55,0,0,0,0,0,0,33,0,0,0,0
11-11-05,0,0,0,0,0,0,33,0,0,0,0
11-11-15,0,0,0,0,0,0,34,0,0,0,0
11-11-35,0,0,0,0,0,0,32,0,0,0,0
11-11-45,0,0,0,0,0,0,31,0,0,32,0
11-11-55,0,0,34,35,0,0,0,0,0,0,0
11-12-05,0,0,32,0,0,0,0,0,0,0,0
11-12-15,0,0,33,0,0,0,0,0,0,0,36
11-12-25,0,0,31,0,0,0,0,0,0,0,40
11-13-35,0,0,0,0,0,0,30,0,0,0,0
11-13-55,0,0,33,0,0,0,0,0,0,0,0
11-14-05,0,0,0,0,0,0,30,0,0,0,0
11-14-15,0,0,0,0,0,0,32,0,0,0,0
11-15-15,0,0,33,0,0,0,0,0,0,0,0
11-15-25,0,0,0,0,0,0,0,0,0,0,33
11-15-35,0,0,0,0,0,0,35,0,0,0,0
11-16-15,0,0,0,0,0,0,0,0,0,33,0
11-16-25,0,0,32,0,0,0,0,0,0,0,0
11-16-35,0,0,0,0,0,0,32,0,0,0,0
11-16-45,0,0,0,0,0,0,32,0,0,0,0
11-17-05,0,0,33,30,0,0,0,0,0,0,0
11-17-15,0,0,0,0,0,0,32,0,0,0,0
11-17-25,0,0,0,0,0,0,32,0,0,0,0
11-17-35,0,0,0,0,0,0,30,0,0,0,0
11-17-45,0,0,0,0,0,0,33,0,0,0,0
11-17-55,0,0,0,0,0,0,31,0,0,0,0
11-18-05,0,0,0,0,0,0,35,0,0,0,0
11-18-55,0,0,0,0,0,0,32,0,0,0,0
11-19-05,0,0,0,0,0,0,30,0,0,0,0
11-19-35,0,0,0,0,0,0,31,0,0,0,0
11-20-15,0,0,0,0,0,0,33,0,0,0,0
11-20-35,0,0,0,0,0,0,32,0,0,0,0
11-21-05,0,0,0,0,0,0,31,0,0,0,0
11-21-25,0,0,0,0,0,0,34,0,0,0,0
11-21-45,0,0,0,0,35,0,34,0,0,0,0
11-21-55,0,0,0,0,0,0,33,0,0,0,0
11-22-05,0,0,0,0,0,0,33,0,0,0,0
11-22-15,0,0,0,0,0,0,33,0,0,0,0
11-22-25,0,0,0,0,0,0,30,0,0,0,0
11-22-35,0,0,0,0,0,0,31,0,0,0,0
11-22-45,0,0,0,0,0,0,33,0,0,0,0
11-22-55,0,0,0,0,0,0,34,0,0,0,0
11-23-05,0,0,0,0,0,0,32,0,0,0,0
11-23-15,0,0,35,0,0,0,34,0,0,0,0
11-23-25,0,0,37,0,0,0,0,0,0,0,0
11-23-35,0,0,36,0,0,0,0,0,0,0,0
11-23-45,0,31,29,0,0,0,0,0,0,0,0
11-23-55,0,30,30,0,0,0,0,0,0,0,0
11-24-05,0,35,31,0,0,0,0,0,0,0,0
11-24-15,0,33,30,31,0,0,0,0,0,0,0
11-24-25,0,32,0,0,0,0,0,0,0,0,0
11-24-35,0,31,0,29,0,0,0,0,0,0,0
11-24-45,0,33,0,0,0,0,0,0,0,0,0
11-24-55,0,33,29,0,0,0,0,0,0,0,0
11-25-05,0,34,31,0,0,0,0,0,0,0,0
11-25-15,0,33,31,0,0,0,0,0,0,0,0
11-25-25,0,33,30,0,0,0,0,0,0,0,0
11-25-35,0,34,32,32,0,0,0,0,0,0,0
11-25-45,0,30,29,0,0,0,0,0,0,0,0
11-25-55,0,0,0,0,38,0,32,0,0,0,0
11-26-05,0,0,0,0,40,0,33,0,0,0,0
11-26-15,0,0,0,0,0,0,32,0,0,0,0
11-26-25,0,0,0,0,31,0,33,0,0,0,0
11-26-35,0,0,0,0,32,0,37,0,0,0,0
11-26-45,0,0,0,0,0,0,33,0,0,0,0
11-26-55,0,0,0,0,0,0,31,0,0,0,0
11-27-05,0,0,0,0,0,0,32,0,0,0,34
11-27-15,0,0,0,0,0,0,33,0,0,0,35
11-27-25,0,0,0,0,0,0,35,0,0,0,0
11-27-45,0,0,0,0,0,0,29,0,0,0,0
11-27-55,0,0,0,0,0,0,31,0,0,0,30
11-28-05,0,0,0,0,0,0,30,0,0,0,0
11-28-25,0,0,0,0,0,0,33,0,0,0,0
11-30-05,0,0,0,0,0,0,30,0,0,0,0
11-30-25,0,0,0,0,0,0,37,0,0,0,0
11-30-35,0,0,0,0,0,0,31,0,0,0,0
11-30-45,0,0,0,0,31,0,0,0,0,0,0
11-30-55,0,0,0,0,0,0,31,0,0,0,0
11-31-05,0,0,0,0,0,0,34,0,0,0,0
11-31-55,0,0,0,0,33,0,0,0,0,34,0
11-32-05,0,0,0,0,0,0,30,0,0,0,0
11-32-25,0,0,0,0,0,0,41,0,0,31,0
11-32-45,0,0,0,0,33,0,32,0,0,0,0
11-32-55,0,0,0,0,33,0,29,0,0,34,0
11-33-05,0,0,0,39,32,0,29,0,0,31,37
11-33-15,0,0,0,33,0,0,36,0,0,31,0
11-33-25,0,0,0,0,0,0,34,0,0,0,30
11-33-35,0,0,0,0,0,0,0,0,0,0,37
11-33-55,0,0,0,0,0,0,30,0,0,0,0
11-34-05,0,0,0,30,0,0,0,0,0,0,0
11-34-25,0,0,0,0,0,0,0,0,0,0,32
11-34-35,0,0,0,0,0,0,0,0,0,33,0
11-34-55,0,0,33,0,0,0,0,0,0,0,0
11-35-05,0,0,35,0,0,0,0,0,0,0,0
11-35-15,0,0,0,0,0,0,31,0,0,0,32
11-35-25,0,0,33,0,0,0,0,0,0,0,0
11-35-35,0,0,0,0,0,0,0,0,0,0,30
11-35-45,0,0,32,0,0,0,0,0,0,0,0
11-35-55,0,0,33,0,0,0,0,0,0,0,0
11-37-45,0,30,0,0,0,0,0,0,0,0,0
11-37-55,0,0,0,0,0,0,29,0,0,0,0
11-41-35,0,29,0,0,0,0,0,0,0,0,0
11-41-45,0,29,0,0,0,0,0,0,0,0,0
11-42-25,0,30,0,0,0,0,0,0,0,0,0
11-45-25,0,0,0,0,0,0,36,0,0,0,0
11-45-35,0,0,0,0,0,0,32,0,0,0,0
11-45-45,0,0,0,0,0,0,33,0,0,0,0
11-45-55,0,0,0,0,0,0,33,0,0,0,0
11-46-05,0,0,0,0,0,0,0,0,0,0,32
11-46-25,0,0,0,0,0,0,0,0,0,0,31
11-46-35,0,0,0,0,0,0,0,0,0,0,30
11-46-45,0,0,0,0,0,0,0,0,0,0,32
11-46-55,0,0,0,0,0,0,0,0,0,0,31
11-49-45,0,0,0,0,0,0,35,0,0,0,0
11-49-55,0,0,0,0,0,0,31,0,0,0,0
11-50-05,0,0,37,0,0,0,0,0,0,0,0
11-50-35,0,0,0,0,0,0,0,0,0,0,33
11-50-45,0,0,32,0,0,0,0,0,0,0,0
11-50-55,0,0,0,0,0,0,48,0,0,30,0
11-51-05,0,0,0,0,0,0,34,0,0,0,0
11-51-15,0,0,0,0,0,0,35,0,0,0,0
11-51-25,0,0,0,0,0,0,33,0,0,0,0
11-51-35,0,0,0,0,0,0,52,0,0,32,0
11-51-45,0,0,0,0,0,0,46,0,0,33,0
11-51-55,0,0,0,0,0,0,38,0,0,40,0
11-52-05,0,0,33,0,0,0,42,0,0,0,0
11-52-15,0,0,32,0,0,0,35,0,0,32,0
11-52-25,0,0,30,0,0,0,33,0,0,0,0
11-52-35,0,0,33,0,0,0,36,0,0,0,0
11-52-45,0,0,0,0,0,0,36,0,0,0,36
11-53-05,0,0,0,0,0,0,31,0,0,0,0
11-53-15,0,31,0,31,0,0,35,0,0,0,0
11-53-35,0,0,0,0,0,0,0,0,0,29,0
11-53-45,0,0,0,0,0,0,0,0,0,37,0
11-53-55,0,0,0,0,31,0,0,0,0,0,0
11-54-05,0,0,0,0,33,0,0,0,0,0,0
11-54-15,0,0,0,0,0,0,0,0,0,32,0
11-54-25,0,0,32,0,0,0,40,0,0,0,0
11-54-45,0,0,32,0,0,0,31,0,0,0,0
11-54-55,0,0,33,0,32,0,30,0,0,0,0
11-55-05,0,0,30,41,31,0,45,0,0,0,0
11-55-15,0,0,0,0,31,0,0,0,0,0,0
11-55-25,0,0,29,0,0,0,29,0,0,0,37
11-55-35,0,33,39,32,0,0,0,0,0,0,0
11-55-45,0,0,49,0,0,0,0,0,0,0,0
11-55-55,0,0,48,0,0,0,0,0,0,0,0
11-56-05,0,0,35,0,0,0,0,0,0,0,0
11-56-15,0,0,35,0,0,0,0,0,0,0,0
11-56-25,0,0,37,0,0,0,0,0,0,0,0
11-56-35,0,0,38,0,0,0,32,0,0,0,0
11-56-45,0,0,44,0,0,0,32,0,0,0,0
11-56-55,0,0,33,0,0,0,32,0,0,0,0
11-57-05,0,0,0,0,0,0,32,0,0,0,0
11-57-15,0,0,30,0,0,0,35,0,0,0,0
11-57-25,0,0,36,0,0,0,30,0,0,0,30
11-57-35,0,0,40,0,0,0,33,0,0,0,0
11-57-45,0,0,38,0,0,0,33,0,0,0,0
11-57-55,0,0,35,0,0,0,32,0,0,0,30
11-58-05,0,43,49,0,0,0,33,0,0,0,0
11-58-15,0,44,49,0,0,0,34,0,0,0,0
11-58-25,0,0,38,0,0,0,32,0,0,0,31
11-58-35,0,30,32,0,0,0,30,0,33,0,0
11-58-45,0,31,36,0,0,0,31,0,0,0,0
11-58-55,0,30,34,0,0,0,0,0,0,0,0
11-59-05,0,29,34,0,0,0,33,0,0,0,0
11-59-15,0,31,38,0,32,0,35,0,0,0,0
11-59-25,0,30,46,0,35,0,31,0,0,0,0
11-59-35,0,31,30,0,30,0,0,0,0,0,0
11-59-45,0,0,42,0,0,0,32,0,0,0,0
11-59-55,0,0,31,0,0,0,38,0,0,0,0
12-00-05,0,0,35,0,0,0,31,0,0,0,34
12-00-15,0,0,32,0,0,0,33,0,0,0,33
12-00-25,0,0,40,0,0,0,0,0,0,0,0
12-00-35,0,0,42,0,0,0,0,0,0,0,0
12-00-45,0,0,33,0,0,0,0,0,0,0,0
12-00-55,0,0,38,0,0,0,0,0,0,0,0
12-01-05,0,0,41,0,0,0,0,0,0,0,0
12-01-15,0,0,42,0,0,0,0,0,0,0,0
12-01-25,0,0,43,0,0,0,0,0,0,0,0
12-01-35,0,0,44,0,0,0,0,0,0,0,0
12-01-45,0,0,54,0,37,0,0,0,0,0,0
12-01-55,0,0,54,0,0,0,0,0,0,0,35
12-02-05,0,0,42,0,35,0,0,0,0,0,0
12-02-15,0,30,46,0,0,0,0,0,0,0,0
12-02-25,0,0,31,0,0,0,0,0,0,0,0
12-02-35,0,0,48,0,0,0,29,0,0,0,0
12-02-45,0,0,50,0,0,0,0,0,0,0,34
12-02-55,0,0,32,0,0,0,0,0,0,0,0
12-03-15,0,0,31,0,0,0,0,0,0,0,0
12-03-45,0,0,34,0,0,0,0,0,0,0,0
12-04-05,0,0,37,0,0,0,0,0,0,0,0
12-04-15,0,0,50,0,0,0,0,0,0,0,0
12-04-25,0,0,47,0,0,0,0,0,0,0,0
12-04-35,0,0,46,0,0,0,0,0,0,0,0
12-04-45,0,0,38,0,0,0,0,0,0,0,0
12-04-55,0,0,45,0,0,0,0,0,0,0,0
12-05-05,0,0,48,0,0,0,0,0,0,0,0
12-05-15,0,0,43,0,0,0,0,0,0,0,0
12-05-25,0,0,47,0,0,0,0,0,0,0,0
12-05-35,0,0,50,0,0,0,0,0,0,0,0
12-05-45,0,0,45,0,0,0,0,0,0,0,0
12-05-55,0,0,46,0,0,0,0,0,0,0,0
12-06-05,0,0,51,0,0,0,0,0,0,0,0
12-06-15,0,0,41,0,0,0,0,0,0,0,0
12-06-25,0,0,46,0,0,0,0,0,0,0,0
12-06-35,0,0,45,0,0,0,0,0,0,0,0
12-06-45,0,0,48,0,0,0,0,0,0,0,0
12-06-55,0,0,40,0,0,0,0,0,0,0,0
12-07-05,0,0,48,0,0,0,0,0,0,0,0
12-07-15,0,0,32,0,0,0,0,0,0,0,0
12-07-25,0,29,38,0,0,0,0,0,0,0,0
12-07-35,0,0,35,0,0,0,0,0,0,0,0
12-07-45,0,0,42,0,0,0,0,0,0,0,0
12-07-55,0,0,44,0,0,0,0,0,0,0,0
12-08-05,0,0,49,0,0,0,0,0,0,0,0
12-08-15,0,0,48,0,0,0,0,0,0,0,0
12-08-25,0,0,47,0,0,0,0,0,0,0,29
12-08-35,0,0,47,0,0,0,0,0,0,0,35
12-08-45,0,0,41,0,0,0,0,0,0,0,0
12-08-55,0,0,39,0,0,0,0,0,0,0,31
12-09-05,0,0,34,0,0,0,0,0,0,0,30
12-09-15,0,0,34,0,0,0,0,0,0,0,31
12-09-25,0,0,36,0,0,0,0,0,0,0,29
12-09-35,0,0,38,0,0,0,0,0,0,0,0
12-09-45,0,0,34,0,0,0,0,0,0,0,29
12-09-55,0,0,32,0,0,0,0,0,0,0,32
12-10-05,0,0,36,0,0,0,0,0,0,0,32
12-10-15,0,0,35,0,0,0,0,0,0,0,0
12-10-25,0,0,35,0,0,0,0,0,0,0,36
12-10-35,0,0,36,0,0,0,0,0,0,0,30
12-10-45,0,0,31,0,0,0,0,0,0,0,0
12-10-55,0,0,37,0,0,0,0,0,0,0,32
12-11-05,0,0,41,0,0,0,0,0,0,0,30
12-11-15,0,0,35,0,0,0,0,0,0,0,0
12-11-25,0,0,37,0,0,0,0,0,0,0,0
12-11-35,0,0,36,0,0,0,0,0,0,0,0
12-11-45,0,0,36,0,0,0,0,0,0,0,0
12-11-55,0,0,34,0,0,0,0,0,0,0,31
12-12-05,0,0,52,0,0,0,0,0,0,0,34
12-12-15,0,0,53,0,0,0,0,0,0,0,0
12-12-25,0,0,50,0,0,0,0,0,0,0,0
12-12-35,0,0,43,0,0,0,0,0,0,0,0
12-12-45,0,0,47,0,0,0,0,0,0,0,0
12-12-55,0,0,47,0,0,0,0,0,0,0,0
12-13-05,0,0,48,0,0,0,0,0,0,0,0
12-13-15,0,0,53,0,0,0,0,0,0,0,32
12-13-25,0,0,0,32,0,0,0,0,0,0,0
12-13-45,0,0,37,0,0,0,0,0,0,0,0
12-13-55,0,0,31,0,0,0,30,0,0,0,0
12-14-05,0,0,33,0,0,0,0,0,0,0,0
12-14-15,0,30,31,0,0,0,30,0,0,0,30
12-14-25,0,31,0,0,0,0,0,0,0,0,0
12-14-35,0,31,36,0,0,0,0,0,0,0,0
12-14-45,0,30,30,0,0,0,0,0,0,0,0
12-14-55,0,30,0,0,0,0,0,0,0,0,35
12-15-05,0,0,32,0,0,0,0,0,0,0,0
12-15-15,0,0,35,0,0,0,0,0,0,0,0
12-15-25,0,30,32,0,0,0,0,0,0,0,31
12-15-35,0,29,0,0,0,0,0,0,0,0,29
12-15-45,0,29,32,0,0,0,0,0,0,0,30
12-15-55,0,0,33,0,0,0,0,0,0,0,36
12-16-25,0,0,31,0,0,0,0,0,0,0,0
12-16-35,0,0,34,0,0,0,29,0,0,0,0
12-16-45,0,31,31,0,0,0,46,0,0,0,0
12-16-55,0,35,0,0,0,0,44,0,0,0,0
12-17-05,0,0,39,0,0,0,0,0,0,0,0
12-17-15,0,0,0,0,0,0,0,0,0,0,33
12-17-25,0,0,36,0,0,0,0,0,0,0,32
12-17-35,0,0,34,0,0,0,0,0,0,0,37
12-17-45,0,0,34,0,0,0,0,0,0,0,0
12-17-55,0,30,39,0,0,0,0,0,0,0,0
12-18-05,0,0,32,0,0,0,0,0,0,0,0
12-18-15,0,0,33,0,0,0,0,0,0,0,0
12-18-25,0,0,51,0,0,0,0,0,0,0,32
12-18-35,0,0,43,0,0,0,0,0,0,0,31
12-18-45,0,0,44,0,0,0,0,0,0,0,0
12-18-55,0,0,35,0,0,0,0,0,0,0,0
12-19-05,0,0,34,0,0,0,0,0,0,0,0
12-19-15,0,0,38,0,0,0,0,0,0,0,0
12-19-25,0,0,36,0,0,0,0,0,0,0,0
12-19-35,0,0,36,0,0,0,0,0,0,0,30
12-19-45,0,0,39,0,0,0,43,0,0,0,0
12-19-55,0,0,37,0,0,0,0,0,0,0,30
12-20-05,0,0,37,0,0,0,32,0,0,0,0
12-20-15,0,0,36,0,0,0,35,0,33,0,0
12-20-25,0,0,40,0,0,0,0,0,0,0,0
12-20-35,0,0,42,0,0,0,41,0,0,0,0
12-20-45,0,0,43,0,0,0,42,0,0,0,0
12-20-55,0,0,38,0,0,0,33,0,0,0,0
12-21-05,0,0,40,0,0,0,32,0,0,0,0
12-21-15,0,0,37,0,0,0,0,0,0,0,0
12-21-25,0,0,35,0,0,0,0,0,0,0,0
12-21-35,0,0,32,0,0,0,34,0,0,0,0
12-21-45,0,0,38,0,0,0,38,0,0,0,0
12-21-55,0,0,37,0,0,0,33,0,0,0,0
12-22-05,0,0,33,0,0,0,0,0,0,0,0
12-22-15,0,0,38,0,0,0,39,0,0,0,0
12-22-25,0,0,38,0,0,0,33,0,0,0,0
12-22-35,0,0,36,0,0,0,34,0,0,0,0
12-22-45,0,0,33,0,0,0,30,0,0,0,29
12-22-55,0,0,34,0,0,0,42,0,0,0,31
12-23-05,0,0,33,0,0,0,34,0,0,0,0
12-23-15,0,0,35,0,0,0,37,0,0,0,0
12-23-25,0,0,36,0,0,0,0,0,35,0,0
12-23-35,0,0,36,0,0,0,0,0,0,0,0
12-23-45,0,0,36,0,0,0,32,0,0,0,0
12-23-55,0,0,33,0,0,0,0,0,0,0,0
12-24-05,0,0,32,0,0,0,0,0,0,0,0
12-24-15,0,0,36,0,0,0,30,0,0,0,0
12-24-25,0,0,35,0,0,0,33,0,0,0,0
12-24-35,0,0,45,0,0,0,42,0,0,0,0
12-24-45,0,0,49,0,0,0,41,0,0,0,0
12-24-55,0,0,34,0,0,0,39,0,0,0,0
12-25-05,0,0,38,0,0,0,42,0,0,0,33
12-25-15,0,0,34,0,0,0,32,0,0,0,29
12-25-25,0,0,34,0,0,0,0,0,0,0,0
12-25-35,0,0,34,0,0,0,0,0,37,0,30
12-25-45,0,0,36,0,0,0,0,0,0,0,0
12-25-55,0,0,37,0,0,0,0,0,0,0,0
12-26-05,0,0,36,0,0,0,0,0,0,0,0
12-26-15,0,0,44,0,40,0,0,0,0,0,0
12-26-25,0,0,38,0,0,0,0,0,0,0,0
12-26-35,0,0,33,0,0,0,0,0,0,0,0
12-26-45,0,0,37,0,32,0,0,0,0,0,0
12-26-55,0,0,32,0,32,0,0,0,0,0,0
12-27-05,0,0,31,46,33,0,0,0,0,0,0
12-27-25,0,0,36,0,32,0,0,0,0,0,31
12-27-35,0,0,31,0,0,0,0,0,0,0,0
12-27-55,0,0,29,0,0,0,0,0,0,0,0
12-28-05,0,0,31,0,0,0,0,0,0,0,0
12-28-15,0,0,32,0,0,0,0,0,0,0,0
12-28-25,0,0,38,0,0,0,30,0,0,0,33
12-28-35,0,0,36,32,0,0,29,0,0,0,0
12-28-45,0,0,33,0,0,0,0,0,0,0,0
12-29-05,0,0,0,0,0,0,31,0,0,0,0
12-29-15,0,0,33,0,29,0,31,0,0,0,0
12-29-25,0,0,31,0,47,0,32,0,0,0,0
12-29-35,0,0,0,0,0,0,33,0,0,0,33
12-29-45,0,0,38,0,0,0,0,0,0,0,31
12-29-55,0,0,32,0,0,0,0,0,0,0,0
12-30-05,0,0,34,36,0,0,0,0,0,0,0
12-30-15,0,0,43,0,0,0,32,0,0,0,38
12-30-25,0,0,29,33,0,0,32,0,0,0,30
12-30-35,0,0,0,43,0,0,0,0,0,0,31
12-30-45,0,0,0,31,0,0,0,0,0,0,0
12-30-55,0,0,38,34,34,0,0,0,0,0,29
12-31-05,0,0,31,29,30,0,0,0,0,0,0
12-31-15,0,0,35,0,30,0,0,0,0,0,32
12-31-25,0,0,34,0,0,0,33,0,0,0,32
12-31-35,0,0,0,32,32,0,30,0,0,0,30
12-31-45,0,0,31,34,0,0,0,0,0,0,0
12-32-15,0,0,30,0,0,0,29,0,0,0,33
12-32-25,0,0,0,29,0,0,0,0,0,0,0
12-32-35,0,0,0,0,32,0,0,0,0,0,0
12-32-55,0,0,37,31,29,0,32,0,0,0,40
12-33-25,0,0,0,32,0,0,0,0,0,0,0
12-34-15,0,0,31,36,0,0,0,0,0,0,35
12-34-25,0,0,37,0,0,0,36,0,0,0,32
12-34-35,0,0,34,0,29,0,33,0,0,0,34
12-34-45,0,0,0,0,0,0,31,0,0,0,35
12-35-05,0,0,32,0,32,0,34,0,0,0,37
12-35-15,0,0,0,0,0,0,31,0,0,0,30
12-35-25,0,0,34,0,0,0,33,0,0,0,0
12-35-35,0,0,0,0,0,0,34,0,0,0,36
12-35-45,0,46,0,40,36,0,42,0,29,0,0
12-35-55,0,32,0,32,0,0,37,0,0,0,0
12-36-05,0,0,34,0,0,0,32,0,0,0,32
12-36-15,0,0,30,0,0,0,29,0,0,0,33
12-36-25,0,0,39,0,0,0,30,0,0,0,35
12-36-35,0,0,32,0,0,0,32,0,0,0,0
12-36-45,0,0,37,0,0,0,32,0,0,0,0
12-36-55,0,0,31,0,0,0,34,0,0,0,0
12-37-05,0,0,33,0,32,0,32,0,0,0,0
12-37-15,0,35,0,37,37,0,40,0,0,0,0
12-37-25,0,52,0,41,33,0,38,0,0,0,0
12-37-35,0,37,0,41,35,0,47,0,0,0,0
12-37-45,0,0,0,0,0,0,35,0,0,0,34
12-37-55,0,0,0,0,33,0,35,0,0,0,32
12-38-05,0,47,0,43,33,0,45,0,30,0,0
12-38-15,0,32,0,0,30,0,34,0,0,0,38
12-38-25,0,0,30,0,0,0,32,0,0,0,37
12-38-35,0,0,40,0,0,0,31,0,0,0,0
12-38-55,0,0,33,0,0,0,33,0,0,0,0
12-39-05,0,0,52,0,0,0,35,0,0,0,0
12-39-15,0,34,0,33,32,0,41,0,0,0,0
12-39-25,0,38,0,36,36,0,44,0,0,0,0
12-39-35,0,32,0,0,29,0,38,0,0,0,0
12-39-45,0,33,0,0,0,0,40,0,0,0,0
12-39-55,0,0,0,0,0,0,32,0,0,0,0
12-40-05,0,32,32,38,34,0,39,0,0,0,0
12-40-15,0,0,39,0,29,0,33,0,0,0,0
12-40-25,0,29,38,0,0,0,38,0,0,0,0
12-40-35,0,29,37,30,0,0,38,0,0,0,0
12-40-45,0,32,31,0,0,0,33,0,0,0,0
12-40-55,0,35,37,31,33,0,44,0,0,0,0
12-41-05,0,39,34,35,34,0,40,0,0,0,0
12-41-15,0,40,35,35,33,0,39,0,0,0,0
12-41-25,0,35,31,31,0,0,35,0,0,0,0
12-41-35,0,34,31,0,29,0,35,0,0,0,0
12-41-45,0,33,31,33,38,0,40,0,0,0,0
12-41-55,0,34,34,32,38,0,44,0,0,0,0
12-42-05,0,32,35,32,32,0,38,0,0,0,0
12-42-15,0,31,35,0,29,0,35,0,0,0,0
12-42-25,0,30,0,0,0,0,29,0,0,0,0
12-42-35,0,0,30,0,29,0,35,0,0,0,0
12-42-45,0,0,0,0,0,0,33,0,0,0,0
12-42-55,0,0,30,0,0,0,33,0,0,0,0
12-43-05,0,0,30,0,0,0,33,0,0,0,0
12-43-15,0,0,0,0,0,0,32,0,0,0,0
12-43-25,0,0,0,0,0,0,32,0,0,0,0
12-43-35,0,0,0,0,0,0,30,0,0,0,0
12-43-45,0,0,0,0,29,0,34,0,0,0,0
12-44-05,0,0,34,0,30,0,33,0,0,0,0
12-44-15,0,0,0,0,0,0,33,0,0,0,0
12-44-25,0,34,40,35,38,0,42,0,0,0,0
12-44-35,0,50,41,49,39,0,46,0,31,0,0
12-44-45,0,50,42,50,38,0,47,0,31,0,0
12-44-55,0,50,42,49,38,0,47,0,31,0,0
12-45-05,0,50,40,48,40,0,47,0,30,0,0
12-45-15,0,50,40,49,37,0,47,0,31,0,0
12-45-25,0,49,39,49,38,0,46,0,31,0,0
12-45-35,0,52,41,49,38,0,46,0,31,0,0
12-45-45,0,51,42,49,39,0,47,0,31,0,0
12-45-55,0,51,41,50,39,0,46,0,32,0,0
12-46-05,0,50,41,49,38,0,48,0,31,0,0
12-46-15,0,50,43,48,38,0,48,0,31,0,0
12-46-25,0,51,42,49,39,0,47,0,31,0,0
12-46-35,0,51,41,49,39,0,47,0,31,0,0
12-46-45,0,51,40,49,38,0,47,0,31,0,0
12-46-55,0,51,40,49,38,0,46,0,31,0,0
12-47-05,0,51,40,49,39,0,46,0,31,0,0
12-47-15,0,51,41,49,39,0,47,0,31,0,0
12-47-25,0,51,40,49,40,0,46,0,31,0,0
12-47-35,0,52,39,49,39,0,45,0,33,0,0
12-47-45,0,51,40,49,39,0,45,0,32,0,0
12-47-55,0,51,42,49,38,0,45,0,32,0,0
12-48-05,0,51,37,50,41,0,46,0,32,0,0
12-48-15,0,51,39,50,40,0,44,0,32,0,0
12-48-25,0,52,40,49,39,0,45,0,33,0,0
12-48-35,0,51,39,50,39,0,45,0,33,0,0
12-48-45,0,51,43,48,39,0,45,0,32,0,0
12-48-55,0,51,40,49,38,0,45,0,32,0,0
12-49-05,0,51,42,49,39,0,45,0,32,0,0
12-49-15,0,53,42,48,37,0,45,0,33,0,0
12-49-25,0,52,42,49,39,0,45,0,32,0,0
12-49-35,0,50,42,49,38,0,50,0,33,0,0
12-49-45,0,53,50,50,40,0,47,0,30,0,0
12-49-55,0,53,45,49,41,0,47,0,30,0,0
12-50-05,0,53,47,50,40,0,46,0,30,0,0
12-50-15,0,53,47,49,41,0,48,0,30,0,0
12-50-25,0,53,47,49,41,0,47,0,30,0,0
12-50-35,0,52,47,49,40,0,47,0,30,0,0
12-50-45,0,53,47,49,41,0,46,0,30,0,0
12-50-55,0,53,49,49,42,0,47,0,31,0,0
12-51-05,0,51,45,49,41,0,48,0,32,0,0
12-51-15,0,52,45,49,39,0,47,0,31,0,0
12-51-25,0,50,48,49,40,0,45,0,31,0,0
12-51-35,0,48,45,49,40,0,41,0,31,0,0
12-51-45,0,48,45,49,41,0,45,0,31,0,0
12-51-55,0,51,41,48,42,0,44,0,32,0,0
12-52-05,0,51,43,49,42,0,46,0,32,0,0
12-52-15,0,51,40,48,40,0,46,0,33,0,0
12-52-25,0,51,42,49,41,0,47,0,33,0,0
12-52-35,0,51,45,49,41,0,45,0,33,0,0
12-52-45,0,51,44,48,41,0,46,0,33,0,0
12-52-55,0,51,44,49,41,0,46,0,33,0,0
12-53-05,0,52,44,49,41,0,45,0,33,0,0
12-53-15,0,52,43,49,41,0,46,0,33,0,0
12-53-25,0,51,44,49,40,0,45,0,32,0,0
12-53-35,0,52,44,49,41,0,46,0,33,0,0
12-53-45,0,51,44,49,41,0,45,0,33,0,0
12-53-55,0,52,44,49,41,0,45,0,33,0,0
12-54-05,0,51,44,49,40,0,45,0,32,0,0
12-54-15,0,52,43,48,41,0,45,0,33,0,0
12-54-25,0,52,44,48,41,0,45,0,32,0,0
12-54-35,0,52,45,48,40,0,45,0,32,0,0
12-54-45,0,51,44,49,42,0,46,0,33,0,0
12-54-55,0,52,44,48,41,0,46,0,32,0,0
12-55-05,0,52,45,48,41,0,45,0,33,0,0
12-55-15,0,52,45,48,40,0,45,0,33,0,0
12-55-25,0,52,43,49,41,0,45,0,32,0,0
12-55-35,0,51,43,48,41,0,46,0,32,0,0
12-55-45,0,52,44,49,41,0,45,0,32,0,0
12-55-55,0,52,45,49,41,0,46,0,32,0,0
12-56-05,0,51,43,48,41,0,45,0,33,0,0
12-56-15,0,52,44,48,41,0,45,0,33,0,0
12-56-25,0,51,44,48,40,0,46,0,32,0,0
12-56-35,0,51,44,49,41,0,45,0,33,0,0
12-56-45,0,51,44,49,41,0,45,0,32,0,0
12-56-55,0,51,44,48,41,0,45,0,33,0,0
12-57-05,0,51,45,49,41,0,45,0,32,0,0
12-57-15,0,52,45,49,42,0,45,0,33,0,0
12-57-25,0,51,43,48,40,0,45,0,33,0,0
12-57-35,0,51,43,48,40,0,46,0,33,0,0
12-57-45,0,52,43,48,41,0,45,0,33,0,0
12-57-55,0,52,44,49,42,0,45,0,33,0,0
12-58-05,0,52,44,49,41,0,45,0,33,0,0
12-58-15,0,52,45,49,40,0,45,0,33,0,0
12-58-25,0,51,45,49,40,0,45,0,33,0,0
12-58-35,0,52,44,48,41,0,45,0,32,0,0
12-58-45,0,51,44,49,41,0,46,0,32,0,0
12-58-55,0,51,44,49,41,0,45,0,33,0,0
12-59-05,0,51,44,48,40,0,45,0,33,0,0
12-59-15,0,51,44,48,41,0,45,0,33,0,0
12-59-25,0,52,45,49,42,0,45,0,32,0,0
12-59-35,0,51,44,48,41,0,45,0,33,0,0
12-59-45,0,51,45,47,41,0,45,0,32,0,0
12-59-55,0,50,45,49,41,0,45,0,33,0,0
13-00-05,0,52,42,48,41,0,45,0,32,0,0
13-00-15,0,51,44,48,41,0,45,0,33,0,0
13-00-25,0,51,45,48,41,0,45,0,33,0,0
13-00-35,0,51,45,49,41,0,45,0,33,0,0
13-00-45,0,51,44,49,41,0,45,0,32,0,0
13-00-55,0,51,45,48,41,0,45,0,33,0,0
13-01-05,0,51,43,49,42,0,46,0,33,0,0
13-01-15,0,51,45,48,41,0,45,0,32,0,0
13-01-25,0,52,45,48,42,0,45,0,32,0,0
13-01-35,0,51,45,48,41,0,45,0,32,0,0
13-01-45,0,51,46,49,41,0,45,0,33,0,0
13-01-55,0,51,44,48,41,0,45,0,33,0,0
13-02-05,0,52,44,49,41,0,45,0,33,0,0
13-02-15,0,51,44,49,41,0,45,0,32,0,0
13-02-25,0,52,45,48,41,0,45,0,33,0,0
13-02-35,0,52,44,49,41,0,45,0,33,0,0
13-02-45,0,51,45,48,41,0,45,0,33,0,0
13-02-55,0,51,45,49,41,0,45,0,32,0,0
13-03-05,0,51,45,49,41,0,45,0,33,0,0
13-03-15,0,51,44,49,41,0,45,0,33,0,0
13-03-25,0,52,44,48,41,0,46,0,32,0,0
13-03-35,0,52,45,49,40,0,45,0,33,0,0
13-03-45,0,52,45,48,40,0,46,0,33,0,0
13-03-55,0,52,46,49,41,0,45,0,33,0,0
13-04-05,0,51,44,48,41,0,45,0,33,0,0
13-04-15,0,51,45,48,41,0,45,0,33,0,0
13-04-25,0,52,44,49,41,0,45,0,32,0,0
13-04-35,0,52,44,49,41,0,45,0,33,0,0
13-04-45,0,52,45,49,41,0,46,0,33,0,0
13-04-55,0,52,45,48,41,0,45,0,33,0,0
13-05-05,0,51,45,48,40,0,45,0,32,0,0
13-05-15,0,51,45,47,41,0,45,0,33,0,0
13-05-25,0,52,45,49,41,0,45,0,32,0,0
13-05-35,0,52,45,50,41,0,45,0,33,0,0
13-05-45,0,52,45,49,41,0,46,0,33,0,0
13-05-55,0,52,45,48,42,0,45,0,33,0,0
13-06-05,0,52,45,49,41,0,45,0,33,0,0
13-06-15,0,52,45,48,41,0,45,0,33,0,0
13-06-25,0,52,45,48,41,0,45,0,33,0,0
13-06-35,0,52,45,49,41,0,46,0,33,0,0
13-06-45,0,51,45,49,41,0,45,0,33,0,0
13-06-55,0,52,45,48,42,0,45,0,32,0,0
13-07-05,0,51,45,49,41,0,45,0,32,0,0
13-07-15,0,51,44,48,41,0,45,0,33,0,0
13-07-25,0,51,45,49,42,0,45,0,33,0,0
13-07-35,0,51,44,49,41,0,45,0,32,0,0
13-07-45,0,51,43,49,41,0,45,0,33,0,0
13-07-55,0,52,45,49,41,0,45,0,33,0,0
13-08-05,0,51,45,49,41,0,45,0,32,0,0
13-08-15,0,52,44,48,41,0,45,0,33,0,0
13-08-25,0,51,43,48,42,0,45,0,32,0,0
13-08-35,0,51,44,48,41,0,45,0,33,0,0
13-08-45,0,52,43,49,41,0,45,0,32,0,0
13-08-55,0,51,44,48,41,0,45,0,33,0,0
13-09-05,0,52,45,48,41,0,45,0,32,0,0
13-09-15,0,52,45,48,41,0,45,0,33,0,0
13-09-25,0,52,45,48,41,0,45,0,33,0,0
13-09-35,0,51,45,49,41,0,45,0,33,0,0
13-09-45,0,51,44,48,42,0,45,0,32,0,0
13-09-55,0,51,44,48,41,0,45,0,33,0,0
13-10-05,0,51,45,48,41,0,45,0,33,0,0
13-10-15,0,52,45,48,41,0,45,0,32,0,0
13-10-25,0,52,46,49,41,0,45,0,33,0,0
13-10-35,0,52,44,48,41,0,45,0,33,0,0
13-10-45,0,51,44,48,42,0,45,0,33,0,0
13-10-55,0,52,45,49,41,0,45,0,33,0,0
13-11-05,0,51,45,47,41,0,45,0,33,0,0
13-11-15,0,51,45,48,42,0,45,0,33,0,0
13-11-25,0,52,44,49,41,0,45,0,33,38,0
13-11-35,0,52,45,49,41,0,45,0,33,0,0
13-11-45,0,51,45,49,42,0,45,0,33,0,0
13-11-55,0,52,45,49,41,0,45,0,33,0,0
13-12-05,0,51,44,49,41,0,45,0,33,0,0
13-12-15,0,52,44,49,41,0,45,0,33,0,0
13-12-25,0,51,46,49,41,0,45,0,33,0,0
13-12-35,0,52,44,49,41,0,45,0,33,0,0
13-12-45,0,51,46,48,41,0,45,0,33,0,0
13-12-55,0,51,45,48,42,0,45,0,33,0,0
13-13-05,0,52,44,49,41,0,45,0,33,0,0
13-13-15,0,51,46,48,41,0,45,0,33,0,0
13-13-25,0,51,45,48,41,0,45,0,32,0,0
13-13-35,0,51,45,49,41,0,45,0,32,0,0
13-13-45,0,52,46,48,40,0,45,0,33,0,0
13-13-55,0,52,45,49,41,0,45,0,33,0,0
13-14-05,0,51,43,49,42,0,45,0,33,0,0
13-14-15,0,52,44,49,42,0,45,0,33,0,0
13-14-25,0,51,44,47,41,0,45,0,33,0,0
13-14-35,0,52,44,48,41,0,45,0,33,0,0
13-14-45,0,52,45,48,41,0,45,0,33,0,0
13-14-55,0,52,45,48,41,0,45,0,33,0,0
13-15-05,0,52,44,48,42,0,45,0,33,0,0
13-15-15,0,51,45,49,41,0,45,0,33,0,0
13-15-25,0,52,44,48,42,0,47,0,33,0,0
13-15-35,0,52,46,48,43,0,44,0,33,0,0
13-15-45,0,53,46,48,41,0,40,0,33,0,0
13-15-55,0,53,49,49,41,0,49,0,0,0,0
13-16-05,0,53,45,49,40,0,48,0,0,0,0
13-16-15,0,52,38,49,42,0,48,0,0,0,0
13-16-25,0,52,33,50,41,0,47,0,0,0,0
13-16-35,0,52,33,49,40,0,48,0,0,0,0
13-16-45,0,37,33,40,35,0,44,0,0,0,0
