yearmonth,rate
09-00-05,158.111111111
09-00-15,86.7777777778
09-00-25,86.2222222222
09-00-35,90.1111111111
09-00-45,83.8888888889
09-00-55,110.666666667
09-01-05,142.555555556
09-01-15,88.3333333333
09-01-25,77.0555555556
09-01-35,83.3888888889
09-01-45,86.9444444444
09-01-55,88.7222222222
09-02-05,85.8888888889
09-02-15,94.5
09-02-25,78.5
09-02-35,85.8888888889
09-02-45,79.6111111111
09-02-55,77.7777777778
09-03-05,85.3888888889
09-03-15,78.2777777778
09-03-25,84.6111111111
09-03-35,86.5555555556
09-03-45,83.5555555556
09-03-55,78.5
09-04-05,81.6666666667
09-04-15,87.7777777778
09-04-25,102.888888889
09-04-35,98.2777777778
09-04-45,88.1666666667
09-04-55,83.3333333333
09-05-05,86.0555555556
09-05-15,78.9444444444
09-05-25,84.2777777778
09-05-35,88.3333333333
09-05-45,80.6666666667
09-05-55,83.3888888889
09-06-05,75.3888888889
09-06-15,86.6666666667
09-06-25,86.7777777778
09-06-35,85.3333333333
09-06-45,85.2222222222
09-06-55,85.2777777778
09-07-05,83.3333333333
09-07-15,84.7222222222
09-07-25,85.5
09-07-35,81.8888888889
09-07-45,78.0555555556
09-07-55,87.3333333333
09-08-05,86.2222222222
09-08-15,85.3888888889
09-08-25,77.4444444444
09-08-35,79.1111111111
09-08-45,82.7777777778
09-08-55,87.2222222222
09-09-05,92.7222222222
09-09-15,91.5555555556
09-09-25,87.5
09-09-35,84.6111111111
09-09-45,89.1666666667
09-09-55,90.1666666667
09-10-05,88.6111111111
09-10-15,88.8888888889
09-10-25,87.7777777778
09-10-35,84.7777777778
09-10-45,84.4444444444
09-10-55,81.8888888889
09-11-05,81.7777777778
09-11-15,81.5
09-11-25,80.7222222222
09-11-35,82.3888888889
09-11-45,86.7777777778
09-11-55,82.4444444444
09-12-05,84.9444444444
09-12-15,83.4444444444
09-12-25,85.8888888889
09-12-35,86.7777777778
09-12-45,88.5
09-12-55,87.9444444444
09-13-05,86.7777777778
09-13-15,86.5
09-13-25,85.6111111111
09-13-35,85.0555555556
09-13-45,86.0555555556
09-13-55,82.8888888889
09-14-05,81.2222222222
09-14-15,80.2777777778
09-14-25,86.0555555556
09-14-35,88.8333333333
09-14-45,88.6666666667
09-14-55,84.6111111111
09-15-05,84.2222222222
09-15-15,84.8888888889
09-15-25,82.3333333333
09-15-35,80.7222222222
09-15-45,82.1111111111
09-15-55,81.7777777778
09-16-05,81.8888888889
09-16-15,82.1111111111
09-16-25,80.3333333333
09-16-35,83.0
09-16-45,79.8888888889
09-16-55,82.3888888889
09-17-05,78.2777777778
09-17-15,81.4444444444
09-17-25,82.7777777778
09-17-35,85.3333333333
09-17-45,83.0
09-17-55,85.2777777778
09-18-05,81.5555555556
09-18-15,84.5555555556
09-18-25,80.6111111111
09-18-35,83.0555555556
09-18-45,83.8888888889
09-18-55,84.8333333333
09-19-05,86.8888888889
09-19-15,84.4444444444
09-19-25,74.0
09-19-35,93.9375
09-19-45,90.625
09-19-55,85.2222222222
09-20-05,83.0
09-20-15,86.2222222222
09-20-25,67.6153846154
09-20-35,88.25
09-20-45,91.8125
09-20-55,88.5
09-21-05,89.5
09-21-15,80.1111111111
09-21-25,83.5555555556
09-21-35,79.7777777778
09-21-45,81.8333333333
09-21-55,73.7272727273
09-22-05,90.0625
09-22-15,89.8125
09-22-25,87.6666666667
09-22-35,71.2272727273
09-22-45,90.6875
09-22-55,87.75
09-23-05,84.5555555556
09-23-15,74.15
09-23-25,91.0625
09-23-35,79.6
09-23-45,90.0625
09-23-55,73.5
09-24-05,89.875
09-24-15,89.5625
09-24-25,89.3125
09-24-35,88.75
09-24-45,73.85
09-24-55,89.4375
09-25-05,79.4
09-25-15,91.0625
09-25-25,63.1428571429
09-25-35,88.1875
09-25-45,90.625
09-25-55,60.8666666667
09-26-05,103.357142857
09-26-15,104.214285714
09-26-25,73.5
09-26-35,99.9285714286
09-26-45,107.214285714
09-26-55,96.7857142857
09-27-05,105.357142857
09-27-15,86.0
09-27-25,80.8333333333
09-27-35,85.6111111111
09-27-45,60.0666666667
09-27-55,86.125
09-28-05,90.875
09-28-15,77.3
09-28-25,91.1875
09-28-35,109.083333333
09-28-45,61.8
09-28-55,91.5625
09-29-05,100.5
09-29-15,80.2777777778
09-29-25,85.3888888889
09-29-35,94.0625
09-29-45,115.5
09-29-55,39.3035714286
09-30-05,133.4
09-30-15,135.6
09-30-25,34.9285714286
09-30-35,134.5
09-30-45,113.666666667
09-30-55,46.224137931
09-31-05,132.9
09-31-15,122.0
09-31-25,125.3
09-31-35,131.9
09-31-45,120.4
09-31-55,128.5
09-32-05,113.083333333
09-32-15,109.583333333
09-32-25,115.75
09-32-35,112.833333333
09-32-45,66.9642857143
09-32-55,133.8
09-33-05,127.8
09-33-15,131.0
09-33-25,130.4
09-33-35,110.416666667
09-33-45,164.0
09-33-55,122.2
09-34-05,129.3
09-34-15,116.5
09-34-25,96.6428571429
09-34-35,130.5
09-34-45,91.125
09-34-55,82.6111111111
09-35-05,126.7
09-35-15,50.1666666667
09-35-25,132.1
09-35-35,132.9
09-35-45,126.2
09-35-55,125.6
09-36-05,54.3333333333
09-36-15,127.6
09-36-25,97.2142857143
09-36-35,75.2727272727
09-36-45,123.0
09-36-55,114.0
09-37-05,117.416666667
09-37-15,97.4285714286
09-37-25,62.34375
09-37-35,109.083333333
09-37-45,109.75
09-37-55,112.166666667
09-38-05,89.8125
09-38-15,144.75
09-38-25,124.416666667
09-38-35,112.25
09-38-45,99.8571428571
09-38-55,96.2142857143
09-39-05,92.5
09-39-15,69.0416666667
09-39-25,98.3571428571
09-39-35,98.8571428571
09-39-45,97.7857142857
09-39-55,93.1875
09-40-05,75.65
09-40-15,97.8571428571
09-40-25,96.1428571429
09-40-35,62.0
09-40-45,63.1428571429
09-40-55,272.125
09-41-05,74.2
09-41-15,72.4
09-41-25,113.5
09-41-35,543.8125
09-41-45,51.2727272727
09-41-55,98.3333333333
09-42-05,49.0
09-42-15,89.75
09-42-25,36.3076923077
09-42-35,77.5
09-42-45,65.1666666667
09-42-55,75.9
09-43-05,347.0
09-43-15,83.375
09-43-25,56.875
09-43-35,58.3571428571
09-43-45,32.5188679245
09-43-55,294.95
09-44-05,67.9166666667
09-44-15,51.9
09-44-25,87.0
09-44-35,87.25
09-44-45,213.5625
09-44-55,432.964285714
09-45-05,71.9166666667
09-45-15,92.0
09-45-25,76.0
09-45-35,51.85
09-45-45,81.5
09-45-55,79.4
09-46-05,30.8356164384
09-46-15,89.5
09-46-25,88.75
09-46-35,42.1388888889
09-46-45,88.125
09-46-55,78.75
09-47-05,82.125
09-47-15,84.75
09-47-25,79.5
09-47-35,64.6666666667
09-47-45,85.875
09-47-55,39.3913043478
09-48-05,85.25
09-48-15,85.0
09-48-25,85.625
09-48-35,86.5
09-48-45,38.0434782609
09-48-55,86.625
09-49-05,82.5
09-49-15,84.625
09-49-25,87.125
09-49-35,82.375
09-49-45,88.75
09-49-55,90.0
09-50-05,72.5
09-50-15,80.75
09-50-25,69.25
09-50-35,82.5
09-50-45,51.1818181818
09-50-55,87.125
09-51-05,88.0
09-51-15,86.375
09-51-25,84.875
09-51-35,85.25
09-51-45,86.125
09-51-55,379.413173653
09-52-05,88.75
09-52-15,85.375
09-52-25,248.625
09-52-35,70.0
09-52-45,266.777777778
09-52-55,30.5
09-53-05,112.1
09-53-15,44.8235294118
09-53-25,129.75
09-53-35,67.7142857143
09-53-45,96.2857142857
09-53-55,27.5
09-54-05,61.4166666667
09-54-15,56.95
09-54-35,105.0
09-54-45,177.625
09-54-55,70.7857142857
09-55-05,43.9642857143
09-55-15,276.625
09-55-25,102.0
09-55-35,91.4
09-55-45,83.2
09-55-55,104.0
09-56-05,69.9
09-56-15,76.9
09-56-25,137.125
09-56-35,135.0
09-56-45,155.2
09-56-55,195.75
09-57-05,64.5
09-57-15,79.9166666667
09-57-25,60.0
09-57-35,47.5909090909
09-57-45,101.615384615
09-57-55,127.375
09-58-05,77.725
09-58-15,52.7
09-58-25,347.833333333
09-58-35,109.571428571
09-58-45,46.9285714286
09-58-55,120.722222222
09-59-05,29.25
09-59-15,29.75
09-59-25,70.1666666667
09-59-35,94.375
09-59-45,83.7
09-59-55,73.1
10-00-05,140.725
10-00-15,29.0
10-00-25,28.0
10-00-35,28.5833333333
10-00-45,29.0625
10-00-55,62.8333333333
10-01-05,235.3
10-01-15,28.1428571429
10-01-25,36.7631578947
10-01-35,86.4375
10-01-45,28.1785714286
10-01-55,28.5
10-02-05,44.5
10-02-15,305.333333333
10-02-25,27.25
10-02-35,28.5625
10-02-45,29.25
10-02-55,159.666666667
10-03-05,29.1666666667
10-03-15,28.6333333333
10-03-35,28.5
10-03-45,28.5
10-03-55,42.9666666667
10-04-05,77.5
10-04-15,83.5
10-04-25,90.2142857143
10-04-35,28.25
10-04-45,57.4375
10-04-55,320.666666667
10-05-05,299.541666667
10-05-15,28.75
10-05-25,29.0
10-05-35,28.5
10-05-45,88.6666666667
10-05-55,37.6666666667
10-06-05,26.75
10-06-15,86.0
10-06-25,27.5
10-06-35,29.0
10-06-45,28.55
10-06-55,65.0
10-07-15,68.3
10-07-25,77.0322580645
10-07-35,30.125
10-07-45,28.5
10-08-05,28.875
10-08-35,29.0
10-08-45,112.5
10-08-55,28.875
10-09-15,28.5
10-09-25,70.7
10-09-35,69.0833333333
10-09-45,334.875
10-09-55,34.625
10-10-05,213.916666667
10-10-15,29.5
10-10-25,32.5
10-10-35,32.25
10-10-45,29.25
10-10-55,90.375
10-11-05,51.9
10-11-15,41.225
10-11-25,114.166666667
10-11-35,78.8
10-11-45,245.5
10-11-55,189.428571429
10-12-05,116.7
10-12-15,169.666666667
10-12-25,68.0714285714
10-12-35,100.7
10-12-45,58.6071428571
10-12-55,71.5
10-13-05,226.5
10-13-15,71.5
10-13-25,72.9375
10-13-35,73.7
10-13-45,66.4
10-13-55,48.125
10-14-05,145.666666667
10-14-15,72.2
10-14-25,76.9
10-14-35,58.1666666667
10-14-45,53.0
10-14-55,80.5
10-15-05,66.75
10-15-15,87.5714285714
10-15-25,75.2
10-15-35,69.4285714286
10-15-45,59.1052631579
10-15-55,56.625
10-16-05,110.7
10-16-15,27.375
10-16-25,76.6875
10-16-35,102.375
10-16-45,36.6764705882
10-16-55,246.5
10-17-05,98.1666666667
10-17-15,274.944444444
10-17-25,58.5555555556
10-17-35,84.0833333333
10-17-45,226.28125
10-17-55,140.833333333
10-18-05,28.625
10-18-15,28.5
10-18-25,143.892857143
10-18-35,95.4444444444
10-18-45,28.5
10-18-55,727.121212121
10-19-05,62.6428571429
10-19-15,73.4285714286
10-19-25,54.5
10-19-35,43.3
10-19-45,145.5
10-19-55,48.25
10-20-05,84.5
10-20-15,72.4166666667
10-20-25,120.916666667
10-20-35,27.75
10-20-45,53.4545454545
10-20-55,54.8636363636
10-21-05,121.5
10-21-15,68.3571428571
10-21-25,84.6
10-21-35,35.472972973
10-21-45,108.0
10-21-55,27.625
10-22-05,68.6428571429
10-22-15,51.625
10-22-25,67.3
10-22-35,74.4
10-22-45,104.625
10-22-55,27.4
10-23-05,95.375
10-23-15,96.9545454545
10-23-25,28.2857142857
10-23-35,240.714285714
10-23-45,29.8333333333
10-23-55,458.102678571
10-24-05,124.666666667
10-24-15,100.875
10-24-25,28.8125
10-24-35,28.25
10-24-45,91.6
10-24-55,111.409090909
10-25-05,27.9166666667
10-25-15,28.75
10-25-25,88.5
10-25-35,40.0555555556
10-25-45,95.125
10-25-55,57.25
10-26-05,82.8
10-26-15,63.7777777778
10-26-25,90.7
10-26-35,31.8719512195
10-26-45,88.2
10-26-55,65.0555555556
10-27-05,134.0
10-27-15,79.5
10-27-25,55.1818181818
10-27-35,129.166666667
10-27-45,126.25
10-27-55,29.0
10-28-05,52.0769230769
10-28-15,230.666666667
10-28-25,29.0
10-28-35,63.7222222222
10-28-45,86.6111111111
10-28-55,467.666666667
10-29-05,52.2727272727
10-29-15,250.875
10-29-25,48.0
10-29-35,360.25
10-29-45,42.7333333333
10-29-55,95.375
10-30-05,90.25
10-30-15,94.875
10-30-25,78.4375
10-30-35,124.8
10-30-45,64.6666666667
10-30-55,445.666666667
10-31-05,168.85
10-31-15,147.269230769
10-31-25,89.3125
10-31-35,29.0
10-31-45,115.4
10-31-55,122.4
10-32-05,90.1111111111
10-32-15,44.1764705882
10-32-25,464.083333333
10-32-35,29.75
10-32-45,91.3125
10-32-55,166.5
10-33-05,71.5833333333
10-33-15,108.5
10-33-25,217.9
10-33-35,58.375
10-33-45,421.875
10-33-55,259.961538462
10-34-05,28.125
10-34-15,78.9
10-34-25,113.111111111
10-34-35,74.1
10-34-45,28.5
10-34-55,61.5
10-35-05,52.1071428571
10-35-15,159.333333333
10-35-25,264.375
10-35-35,135.8
10-35-45,84.0
10-35-55,142.555555556
10-36-05,149.388888889
10-36-15,82.25
10-36-25,399.8
10-36-35,29.3333333333
10-36-45,167.333333333
10-36-55,101.285714286
10-37-05,87.75
10-37-15,54.9375
10-37-25,87.25
10-37-35,38.8181818182
10-37-45,67.25
10-37-55,58.5714285714
10-38-05,107.083333333
10-38-15,29.0
10-38-25,59.3333333333
10-38-35,66.7
10-38-45,111.0
10-38-55,64.5
10-39-05,48.5909090909
10-39-15,59.0714285714
10-39-25,42.1052631579
10-39-35,166.0
10-39-45,55.2222222222
10-39-55,81.2
10-40-05,78.5
10-40-15,96.3571428571
10-40-25,27.875
10-40-35,71.6
10-40-45,69.9166666667
10-40-55,59.0
10-41-05,28.0
10-41-15,58.5625
10-41-25,152.444444444
10-41-35,61.625
10-41-45,574.910714286
10-41-55,279.833333333
10-42-05,67.8846153846
10-42-15,30.0
10-42-25,75.6666666667
10-42-35,36.224137931
10-42-45,48.5714285714
10-42-55,28.3333333333
10-43-05,65.25
10-43-15,66.9285714286
10-43-25,106.35
10-43-35,28.0
10-43-45,27.0
10-43-55,77.8
10-44-05,42.8666666667
10-44-15,114.416666667
10-44-25,30.4871794872
10-44-35,56.25
10-44-45,115.75
10-44-55,78.0
10-45-05,79.1153846154
10-45-15,27.962962963
10-45-25,28.0
10-45-35,28.5
10-45-45,83.0
10-45-55,55.0833333333
10-46-05,71.375
10-46-15,79.8333333333
10-46-25,59.1
10-46-35,95.4186046512
10-46-45,28.1
10-46-55,27.75
10-47-05,29.25
10-47-15,28.4848484848
10-47-35,27.7777777778
10-48-35,29.0
10-48-45,29.3333333333
10-49-05,28.0
10-49-15,86.25
10-49-25,27.75
10-49-35,53.3571428571
10-49-45,91.0555555556
10-49-55,231.03125
10-50-05,55.8571428571
10-50-15,59.75
10-50-25,92.6666666667
10-50-35,53.1944444444
10-50-45,316.887755102
10-50-55,106.142857143
10-51-05,29.0
10-51-15,28.1739130435
10-51-25,131.5
10-51-35,29.75
10-51-45,29.75
10-51-55,53.7142857143
10-52-05,107.75
10-52-15,29.5
10-52-25,28.5
10-52-35,29.375
10-52-45,85.4166666667
10-52-55,129.055555556
10-53-05,28.28125
10-53-15,27.8333333333
10-53-25,121.884615385
10-53-35,29.3333333333
10-53-45,29.0
10-53-55,29.0
10-54-05,66.125
10-54-15,127.305084746
10-54-25,30.3333333333
10-54-35,28.75
10-54-45,28.8333333333
10-54-55,27.6315789474
10-55-05,28.5
10-55-15,29.0
10-55-25,28.2916666667
10-55-35,28.5
10-55-45,28.5
10-55-55,28.6
10-56-05,27.5
10-56-15,29.5
10-56-25,29.0
10-56-35,28.75
10-56-45,28.875
10-56-55,28.0
10-57-05,28.0
10-57-15,28.75
10-57-25,161.888888889
10-57-35,28.3125
10-57-45,29.0
10-57-55,82.1
10-58-05,58.7222222222
10-58-15,134.142857143
10-58-25,67.35
10-58-35,111.230769231
10-58-45,28.75
10-58-55,201.863636364
10-59-05,138.455882353
10-59-15,29.0
10-59-25,31.0
10-59-35,28.1666666667
10-59-45,30.0
10-59-55,27.75
11-00-05,28.0
11-00-15,92.7272727273
11-00-25,185.923076923
11-00-35,97.875
11-00-45,115.75
11-00-55,383.802752294
11-01-05,68.0833333333
11-01-15,124.083333333
11-01-25,28.1923076923
11-01-35,255.388888889
11-01-45,329.25
11-01-55,28.6
11-02-05,63.3636363636
11-02-15,149.25
11-02-25,218.25
11-02-35,62.8571428571
11-02-45,67.3571428571
11-02-55,62.7857142857
11-03-05,397.8
11-03-15,221.891304348
11-03-25,29.0
11-03-35,28.75
11-03-45,28.7272727273
11-03-55,45.1153846154
11-04-05,118.5
11-04-15,44.8461538462
11-04-25,107.666666667
11-04-35,92.25
11-04-45,154.5
11-04-55,329.5
11-05-05,27.7
11-05-15,59.8684210526
11-05-25,42.82
11-05-35,124.9
11-05-45,29.5
11-05-55,106.666666667
11-06-05,271.75
11-06-15,331.75
11-06-25,118.25
11-06-35,104.9375
11-06-45,211.321428571
11-06-55,27.25
11-07-05,28.5
11-07-15,27.5
11-07-25,28.5
11-07-35,28.0
11-07-45,28.5
11-07-55,28.1136363636
11-08-05,28.0
11-08-15,28.6333333333
11-08-45,52.0
11-08-55,58.1428571429
11-09-05,40.4444444444
11-09-15,128.5
11-09-25,209.9
11-09-35,26.8
11-09-55,30.0
11-10-05,49.7142857143
11-10-25,184.0
11-10-35,29.5
11-10-45,61.4444444444
11-10-55,222.333333333
11-11-05,71.5666666667
11-11-15,232.0
11-11-25,175.5
11-11-35,130.0
11-11-45,68.15
11-11-55,86.25
11-12-05,147.25
11-12-15,46.4736842105
11-12-25,32.25
11-12-35,26.5
11-12-45,95.25
11-12-55,105.0
11-13-05,190.8
11-13-15,29.5
11-13-25,90.3
11-13-35,158.0
11-13-45,184.923076923
11-13-55,26.5
11-14-05,40.1129032258
11-14-15,94.25
11-14-25,98.25
11-14-35,95.375
11-14-45,84.75
11-14-55,65.6666666667
11-15-05,76.2
11-15-15,64.5833333333
11-15-25,90.75
11-15-35,57.0
11-15-45,110.166666667
11-15-55,90.875
11-16-05,53.9375
11-16-15,90.625
11-16-25,48.6739130435
11-16-35,27.3333333333
11-16-45,208.045454545
11-16-55,29.5
11-17-05,27.3
11-17-15,30.0
11-17-25,29.1666666667
11-17-35,30.0
11-17-45,29.5
11-17-55,27.821969697
11-18-05,70.1666666667
11-18-15,476.875
11-18-25,28.5555555556
11-18-35,87.5
11-18-45,30.5
11-19-05,59.5357142857
11-19-15,30.1785714286
11-19-25,64.0
11-19-35,144.25
11-19-45,75.2
11-19-55,114.0
11-20-05,140.25
11-20-15,88.0
11-20-25,62.5833333333
11-20-35,75.7
11-20-45,68.25
11-20-55,59.5714285714
11-21-05,74.7
11-21-15,83.5
11-21-25,35.375
11-21-35,153.625
11-21-45,87.75
11-21-55,186.363636364
11-22-05,29.0
11-22-15,30.2804878049
11-22-25,26.5
11-22-35,27.0
11-22-45,29.5
11-22-55,28.5
11-23-05,87.0
11-23-15,173.0
11-23-25,28.5
11-23-35,25.75
11-23-45,28.0
11-23-55,86.5
11-24-05,125.1
11-24-15,381.3
11-24-25,118.333333333
11-24-35,87.5
11-24-45,86.5
11-24-55,75.7
11-25-05,105.666666667
11-25-15,90.25
11-25-25,216.555555556
11-25-35,58.3333333333
11-25-45,279.583333333
11-25-55,29.5
11-26-05,28.5
11-26-15,28.5
11-26-25,139.083333333
11-26-35,29.3333333333
11-26-45,92.125
11-26-55,57.7638888889
11-27-05,284.375
11-27-15,28.75
11-27-25,130.833333333
11-27-35,257.5
11-27-45,28.25
11-27-55,142.666666667
11-28-05,190.833333333
11-28-15,82.375
11-28-25,132.333333333
11-28-35,127.166666667
11-28-45,133.833333333
11-28-55,130.166666667
11-29-05,65.0714285714
11-29-15,73.0833333333
11-29-25,154.25
11-29-35,155.75
11-29-45,166.25
11-29-55,61.7857142857
11-30-05,155.75
11-30-15,111.5
11-30-25,182.583333333
11-30-35,28.4
11-30-45,477.166666667
11-30-55,169.966666667
11-31-05,29.0
11-31-15,30.25
11-31-25,29.0
11-31-35,28.25
11-31-45,28.875
11-31-55,28.65
11-32-05,59.3125
11-32-15,54.8888888889
11-32-25,337.333333333
11-32-35,119.333333333
11-32-45,202.5
11-32-55,174.5
11-33-05,40.8055555556
11-33-15,418.716216216
11-33-25,46.7857142857
11-33-35,83.375
11-33-45,146.75
11-33-55,82.8
11-34-05,109.166666667
11-34-15,135.5
11-34-25,96.25
11-34-35,68.8333333333
11-34-45,42.0555555556
11-34-55,104.333333333
11-35-05,65.25
11-35-15,49.0416666667
11-35-25,143.833333333
11-35-35,137.875
11-35-45,124.535714286
11-35-55,26.0
11-36-05,26.75
11-36-15,575.5
11-36-25,28.0
11-36-35,93.4
11-36-45,166.2
11-36-55,156.7
11-37-05,199.5
11-37-15,140.8125
11-37-25,158.0
11-37-35,76.7142857143
11-37-45,79.0
11-37-55,169.083333333
11-38-05,108.583333333
11-38-15,135.3
11-38-25,93.0
11-38-35,88.3461538462
11-38-45,87.9
11-38-55,284.066666667
11-39-05,62.45
11-39-15,128.333333333
11-39-25,128.166666667
11-39-35,55.1
11-39-45,64.0625
11-39-55,84.7
11-40-05,89.2
11-40-15,77.3333333333
11-40-25,55.6818181818
11-40-35,53.9433962264
11-40-45,135.5
11-40-55,119.0
11-41-05,67.3125
11-41-15,113.5
11-41-25,117.666666667
11-41-35,155.777777778
11-41-45,75.5
11-41-55,80.9166666667
11-42-05,84.8333333333
11-42-15,79.3333333333
11-42-25,355.712389381
11-42-35,39.1034482759
11-42-45,114.75
11-42-55,101.125
11-43-05,104.125
11-43-15,106.5
11-43-25,100.625
11-43-35,104.5
11-43-45,96.875
11-43-55,101.875
11-44-05,98.5
11-44-15,97.125
11-44-25,109.125
11-44-35,112.25
11-44-45,102.625
11-44-55,102.125
11-45-05,99.5
11-45-15,108.125
11-45-25,113.375
11-45-35,101.875
11-45-45,109.375
11-45-55,100.5
11-46-05,105.625
11-46-15,39.8571428571
11-46-25,109.375
11-46-35,68.125
11-46-45,47.6875
11-46-55,163.285714286
11-47-05,26.0
11-47-15,29.0
11-47-25,60.4
11-47-35,181.0
11-47-45,133.0
11-47-55,68.6428571429
11-48-05,128.166666667
11-48-15,92.3
11-48-25,78.6666666667
11-48-35,82.5
11-48-45,66.25
11-48-55,46.7333333333
11-49-05,182.5
11-49-15,179.5
11-49-25,176.25
11-49-35,80.3333333333
11-49-45,49.3157894737
11-49-55,77.3846153846
11-50-05,28.0
11-50-15,95.7777777778
11-50-25,29.25
11-50-35,277.333333333
11-51-05,348.083333333
11-51-15,438.5
11-51-25,92.7083333333
11-51-35,169.333333333
11-51-45,51.5
11-51-55,56.8
11-52-05,281.375
11-52-15,281.9
11-52-25,27.9375
11-52-35,28.5
11-52-45,151.68
11-52-55,27.7586206897
11-53-05,135.857142857
11-53-15,190.2
11-53-25,124.4375
11-53-35,685.958333333
11-53-45,29.0
11-53-55,29.6666666667
11-54-05,29.0
11-54-15,27.6
11-54-25,27.2
11-54-35,30.0
11-54-45,28.4375
11-54-55,340.666666667
11-55-05,435.0
11-55-15,28.2
11-55-25,182.0
11-55-35,439.547619048
11-55-45,90.2857142857
11-55-55,206.0
11-56-05,57.65
11-56-15,76.3
11-56-25,161.35
11-56-35,67.7272727273
11-56-45,152.75
11-56-55,218.5
11-57-05,182.0
11-57-15,158.4
11-57-25,97.5833333333
11-57-35,152.05
11-57-45,28.5
11-57-55,55.1666666667
11-58-05,236.666666667
11-58-15,846.74
11-58-25,127.166666667
11-58-35,36.0897435897
11-58-45,105.625
11-59-05,174.5
11-59-15,137.666666667
11-59-25,107.875
11-59-35,66.625
11-59-45,61.9444444444
11-59-55,129.333333333
12-00-05,103.388888889
12-00-25,142.625
12-00-35,28.8
12-00-45,28.0
12-00-55,187.0
12-01-05,88.375
12-01-15,131.6
12-01-25,182.55
12-01-35,28.25
12-01-45,29.0
12-01-55,406.764705882
12-02-05,28.125
12-02-15,32.8189655172
12-02-25,94.7857142857
12-02-35,27.0
12-02-45,48.2692307692
12-02-55,51.8763157895
12-03-05,34.8472222222
12-03-15,835.5
12-03-25,416.333333333
12-03-35,109.666666667
12-03-45,90.25
12-03-55,154.291666667
12-04-05,30.0
12-04-15,605.584745763
12-04-25,27.25
12-04-35,27.6666666667
12-04-45,29.75
12-04-55,264.3
12-05-05,443.5
12-05-15,89.8333333333
12-05-25,30.0
12-05-35,128.3
12-05-45,30.0
12-05-55,122.0
12-06-05,129.6
12-06-15,32.0
12-06-25,64.15625
12-06-35,31.0
12-06-45,118.5
12-06-55,122.166666667
12-07-05,118.166666667
12-07-15,121.166666667
12-07-25,107.666666667
12-07-35,108.0
12-07-45,116.166666667
12-07-55,107.5
12-08-05,133.5
12-08-15,31.5
12-08-25,28.375
12-08-35,38.78
12-08-45,107.833333333
12-08-55,150.0
12-09-05,29.75
12-09-15,133.0
12-09-25,29.5
12-09-35,64.9333333333
12-09-45,30.0
12-09-55,132.0
12-10-05,29.0
12-10-15,29.5
12-10-25,130.5
12-10-35,27.0
12-10-45,115.166666667
12-10-55,44.9
12-11-05,113.833333333
12-11-15,84.0
12-11-25,53.4047619048
12-11-35,26.0
12-11-45,115.333333333
12-11-55,110.166666667
12-12-05,111.5
12-12-15,30.0859375
12-12-25,112.5
12-12-35,202.583333333
12-12-45,28.875
12-12-55,28.375
12-13-05,31.0
12-13-15,113.0
12-13-25,38.675
12-13-35,107.333333333
12-13-45,476.721238938
12-13-55,29.5
12-14-05,31.5
12-14-15,30.5555555556
12-14-25,28.0
12-14-35,31.5
12-14-45,28.5
12-14-55,27.2
12-15-05,144.785714286
12-15-15,31.5
12-15-25,31.0
12-15-35,62.9
12-15-45,109.833333333
12-15-55,120.0
12-16-05,106.833333333
12-16-15,76.2
12-16-25,148.5
12-16-35,28.4736842105
12-16-45,115.25
12-16-55,28.0
12-17-05,60.75
12-17-15,134.6
12-17-25,27.3333333333
12-17-35,153.25
12-17-45,156.5
12-17-55,84.2272727273
12-18-05,30.0
12-18-15,113.833333333
12-18-25,110.666666667
12-18-35,77.1
12-18-45,363.75
12-18-55,28.1
12-19-05,32.25
12-19-15,28.0
12-19-25,29.0
12-19-35,32.806122449
12-19-45,134.166666667
12-19-55,88.125
12-20-05,70.8333333333
12-20-15,109.666666667
12-20-25,115.0
12-20-35,72.0714285714
12-20-45,141.6
12-20-55,27.0
12-21-05,161.5
12-21-15,28.8333333333
12-21-25,124.6
12-21-35,29.5
12-21-45,119.2
12-21-55,28.4230769231
12-22-05,140.75
12-22-15,30.25
12-22-25,119.166666667
12-22-35,121.833333333
12-22-45,113.833333333
12-22-55,107.166666667
12-23-05,123.666666667
12-23-15,107.833333333
12-23-25,122.0
12-23-35,364.4
12-23-45,32.0
12-23-55,69.4583333333
12-24-05,29.5
12-24-15,106.0
12-24-25,112.833333333
12-24-35,366.666666667
12-24-45,31.5
12-24-55,27.5
12-25-05,27.5
12-25-15,122.9375
12-25-25,30.1666666667
12-25-35,28.0
12-25-45,92.8333333333
12-25-55,29.0
12-26-05,256.0
12-26-15,107.375
12-26-25,112.166666667
12-26-35,28.0
12-26-45,154.166666667
12-26-55,38.90625
12-27-05,100.666666667
12-27-15,94.6666666667
12-27-25,58.6428571429
12-27-35,95.5
12-27-45,100.833333333
12-27-55,91.5
12-28-05,80.125
12-28-15,72.8
12-28-25,92.3333333333
12-28-35,78.125
12-28-45,76.375
12-28-55,98.5833333333
12-29-05,27.6041666667
12-29-15,79.125
12-29-25,66.4
12-29-35,100.166666667
12-29-45,124.071428571
12-29-55,29.5
12-30-05,96.2
12-30-15,493.0
12-30-25,29.0
12-30-35,701.222222222
12-30-45,28.75
12-30-55,27.6666666667
12-31-05,31.0
12-31-15,28.75
12-31-25,27.9444444444
12-31-35,123.285714286
12-31-45,30.0
12-31-55,30.0
12-32-05,135.928571429
12-32-15,27.0
12-32-25,29.5
12-32-35,147.5
12-32-45,29.1666666667
12-32-55,27.6666666667
12-33-05,1246.07692308
12-33-15,27.5
12-33-25,28.0
12-33-35,27.4
12-33-45,201.363636364
12-33-55,28.5
12-34-05,30.0
12-34-15,56.5
12-34-25,27.5
12-34-35,170.5
12-34-45,252.166666667
12-34-55,317.14
12-35-05,28.0
12-35-15,568.75
12-35-25,248.266666667
12-35-35,29.0
12-35-45,28.0
12-35-55,26.1666666667
12-36-05,29.3333333333
12-36-15,27.3333333333
12-36-25,28.0
12-36-35,76.2
12-36-45,74.1
12-36-55,355.833333333
12-37-05,73.4
12-37-15,526.642857143
12-37-25,76.6
12-37-35,75.2
12-37-45,77.6
12-37-55,75.0
12-38-05,75.5
12-38-15,71.1
12-38-25,52.25
12-38-35,75.8
12-38-45,234.714285714
12-38-55,62.6785714286
12-39-05,88.75
12-39-15,114.0
12-39-25,99.7142857143
12-39-35,103.0
12-39-45,90.0
12-39-55,101.357142857
12-40-05,72.2272727273
12-40-15,94.3571428571
12-40-25,93.7857142857
12-40-35,96.5714285714
12-40-45,79.75
12-40-55,101.428571429
12-41-05,98.2857142857
12-41-15,87.5
12-41-25,88.5
12-41-35,82.6666666667
12-41-45,98.9285714286
12-41-55,90.875
12-42-05,86.5625
12-42-15,88.125
12-42-25,87.1875
12-42-35,92.1875
12-42-45,84.5625
12-42-55,90.4375
12-43-05,87.3125
12-43-15,91.0625
12-43-25,94.1875
12-43-35,91.6875
12-43-45,91.0625
12-43-55,89.25
12-44-05,91.5
12-44-15,89.1875
12-44-25,86.75
12-44-35,85.875
12-44-45,89.1875
12-44-55,89.3125
12-45-05,91.3125
12-45-15,89.3125
12-45-25,94.375
12-45-35,83.5625
12-45-45,90.5
12-45-55,87.75
12-46-05,85.0
12-46-15,89.5625
12-46-25,92.5625
12-46-35,89.9375
12-46-45,96.625
12-46-55,90.625
12-47-05,89.375
12-47-15,94.125
12-47-25,91.6875
12-47-35,90.125
12-47-45,86.4375
12-47-55,91.8125
12-48-05,86.5
12-48-15,88.6875
12-48-25,94.125
12-48-35,86.75
12-48-45,89.1875
12-48-55,84.75
12-49-05,90.4375
12-49-15,86.1875
12-49-25,88.875
12-49-35,92.4375
12-49-45,93.0625
12-49-55,91.0
12-50-05,93.1875
12-50-15,87.875
12-50-25,86.4375
12-50-35,92.125
12-50-45,91.625
12-50-55,86.5625
12-51-05,89.125
12-51-15,92.3125
12-51-25,90.25
12-51-35,86.75
12-51-45,92.0625
12-51-55,89.125
12-52-05,86.1875
12-52-15,93.4375
12-52-25,89.1875
12-52-35,90.875
12-52-45,86.0625
12-52-55,89.125
12-53-05,93.375
12-53-15,90.6875
12-53-25,92.0
12-53-35,95.1875
12-53-45,91.9375
12-53-55,88.1875
12-54-05,86.375
12-54-15,90.25
12-54-25,90.875
12-54-35,88.25
12-54-45,92.625
12-54-55,90.5
12-55-05,86.9375
12-55-15,91.5625
12-55-25,94.75
12-55-35,87.3125
12-55-45,93.375
12-55-55,90.5625
12-56-05,90.8125
12-56-15,87.875
12-56-25,94.1875
12-56-35,87.75
12-56-45,90.125
12-56-55,90.375
12-57-05,94.8125
12-57-15,86.3125
12-57-25,89.4375
12-57-35,90.75
12-57-45,94.1875
12-57-55,88.625
12-58-05,89.4375
12-58-15,91.25
12-58-25,88.8125
12-58-35,91.8125
12-58-45,93.25
12-58-55,94.6875
12-59-05,88.875
12-59-15,92.8125
12-59-25,89.875
12-59-35,92.0
12-59-45,91.25
12-59-55,91.4375
13-00-05,91.1875
13-00-15,91.1875
13-00-25,90.1875
13-00-35,88.75
13-00-45,90.125
13-00-55,87.6875
13-01-05,89.9375
13-01-15,90.75
13-01-25,91.75
13-01-35,88.125
13-01-45,89.9375
13-01-55,86.5
13-02-05,94.6875
13-02-15,95.3125
13-02-25,93.4375
13-02-35,93.5625
13-02-45,90.25
13-02-55,90.125
13-03-05,91.5625
13-03-15,89.5625
13-03-25,87.5
13-03-35,88.4375
13-03-45,87.75
13-03-55,88.9375
13-04-05,90.0
13-04-15,91.6875
13-04-25,92.75
13-04-35,87.5
13-04-45,87.9375
13-04-55,92.1875
13-05-05,92.125
13-05-15,92.125
13-05-25,89.0
13-05-35,88.125
13-05-45,89.0625
13-05-55,95.125
13-06-05,96.0625
13-06-15,94.375
13-06-25,89.625
13-06-35,89.5625
13-06-45,87.0625
13-06-55,89.75
13-07-05,90.9375
13-07-15,88.0
13-07-25,86.5
13-07-35,86.625
13-07-45,91.3125
13-07-55,92.375
13-08-05,92.0625
13-08-15,86.8125
13-08-25,92.25
13-08-35,91.625
13-08-45,91.1875
13-08-55,92.375
13-09-05,88.625
13-09-15,87.625
13-09-25,88.0
13-09-35,92.375
13-09-45,94.125
13-09-55,90.8125
13-10-05,91.75
13-10-15,84.8125
13-10-25,87.0625
13-10-35,85.1875
13-10-45,92.875
13-10-55,87.625
13-11-05,92.9375
13-11-15,88.6875
13-11-25,92.4375
13-11-35,89.5625
13-11-45,92.375
13-11-55,91.6875
13-12-05,91.8125
13-12-15,93.4375
13-12-25,89.375
13-12-35,93.375
13-12-45,93.125
13-12-55,93.125
13-13-05,90.3125
13-13-15,90.6875
13-13-25,92.25
13-13-35,88.5625
13-13-45,89.1875
13-13-55,88.1875
13-14-05,91.6875
13-14-15,86.875
13-14-25,88.25
13-14-35,87.3125
13-14-45,94.3125
13-14-55,91.3125
13-15-05,92.5
13-15-15,88.4375
13-15-25,91.5625
13-15-35,94.875
13-15-45,93.125
13-15-55,90.9375
13-16-05,89.5
13-16-15,90.25
13-16-25,46.2413793103
13-16-35,97.6428571429
13-16-45,104.071428571
13-16-55,97.5714285714
13-17-05,98.5714285714
13-17-15,101.142857143
13-17-25,96.2142857143
13-17-35,95.2142857143
13-17-45,100.5
13-17-55,156.071428571
13-18-05,126.857142857
13-18-15,105.928571429
13-18-25,275.577272727
13-18-35,148.583333333
13-18-45,72.25
13-18-55,60.5
13-19-05,78.1
13-19-15,168.416666667
13-19-25,55.0
13-19-35,191.75
13-19-45,219.375
13-19-55,73.5714285714
13-20-05,42.1730769231
13-20-15,42.0555555556
13-20-25,27.6824324324
13-20-35,29.125
13-20-45,27.925
13-20-55,130.5
13-21-05,130.5
13-21-15,120.666666667
13-21-25,134.333333333
13-21-35,132.166666667
13-21-45,143.166666667
13-21-55,128.833333333
13-22-05,130.833333333
13-22-15,150.666666667
13-22-25,133.0
13-22-35,140.166666667
13-22-45,119.5
13-22-55,133.5
13-23-05,132.166666667
13-23-15,127.333333333
13-23-25,132.166666667
13-23-35,49.3928571429
13-23-45,135.166666667
13-23-55,106.0
13-24-05,93.0
13-24-15,26.5
13-24-25,62.6923076923
13-24-35,129.833333333
13-24-45,135.333333333
13-24-55,129.5
13-25-05,129.0
13-25-15,131.333333333
13-25-25,74.9166666667
13-25-35,183.0
13-25-45,27.5
13-25-55,36.4358974359
13-26-05,114.5
13-26-15,99.9583333333
13-26-25,25.5
13-26-35,28.5
13-26-45,27.5
13-26-55,27.5
13-27-05,27.0
13-27-15,28.0
13-27-25,27.5
13-27-35,27.5
13-27-45,26.5
13-27-55,29.5
13-28-05,28.5
13-28-15,27.0
13-28-25,26.5
13-28-35,27.5
13-28-45,26.5
13-28-55,28.0
13-29-05,173.982758621
13-29-15,28.5
13-29-25,23.5
13-29-35,28.0
13-29-45,28.5
13-29-55,28.0
13-30-05,28.5
13-30-15,28.5
13-30-25,27.5
13-30-35,27.5
13-30-45,24.5
13-30-55,26.0
13-31-05,25.0
13-31-15,24.5
13-31-25,130.166666667
13-31-35,136.5
13-31-45,130.333333333
13-31-55,101.125
13-32-05,64.2
13-32-15,28.0
13-32-25,27.9
13-32-35,31.6418918919
13-32-45,105.75
13-32-55,70.5
13-33-05,100.5
13-33-15,98.625
13-33-25,88.8333333333
13-33-35,62.3888888889
13-33-45,89.75
13-33-55,88.375
13-34-05,87.25
13-34-15,84.6
13-34-25,132.833333333
13-34-35,168.8
13-34-45,59.0
13-34-55,99.3571428571
13-35-05,27.0
13-35-15,147.8
13-35-25,27.4285714286
13-35-35,96.125
13-35-45,287.585227273
13-35-55,316.0
13-36-05,27.25
13-36-15,169.125
13-36-25,27.25
13-36-35,122.257575758
13-36-45,26.75
13-36-55,27.0
13-37-05,28.0
13-37-15,27.0
13-37-25,26.9583333333
13-37-35,27.5
13-37-45,27.8333333333
13-37-55,26.5
13-38-05,28.5
13-38-15,26.5
13-38-25,28.1666666667
13-38-35,27.5
13-38-45,26.625
13-38-55,27.5
13-39-05,25.5
13-39-15,27.0
13-39-25,27.1666666667
13-39-35,27.5
13-39-45,27.2826086957
13-39-55,26.0
13-40-05,26.65625
13-40-15,26.5
13-40-25,27.5
13-40-35,26.5
13-40-45,26.5
13-40-55,27.5
13-41-05,25.5
13-41-15,27.0
13-41-25,28.0
13-41-35,28.5
13-41-45,25.5
13-41-55,26.5
13-42-05,25.5
13-42-15,26.5
13-42-25,26.5
13-42-35,27.1
13-42-45,27.5
13-42-55,26.5
13-43-05,28.5
13-43-15,591.166666667
13-43-25,27.25
13-43-35,244.25
13-43-45,28.5
13-43-55,60.55
13-44-05,119.3125
13-44-15,25.25
13-44-25,87.0
13-44-35,90.875
13-44-45,105.5
13-44-55,29.2336956522
13-45-05,59.8333333333
13-45-15,130.666666667
13-45-25,145.166666667
13-45-35,141.833333333
13-45-45,122.333333333
13-45-55,196.166666667
13-46-05,34.8421052632
13-46-15,167.333333333
13-46-25,112.25
13-46-35,27.0833333333
13-46-45,25.5
13-46-55,116.8
13-47-05,26.5
13-47-15,172.8
13-47-25,26.75
13-47-35,27.75
13-47-45,27.25
13-47-55,26.75
13-48-05,27.0
13-48-15,28.0
13-48-25,27.0
13-48-35,26.75
13-48-45,93.3125
13-48-55,143.8
13-49-05,99.375
13-49-15,86.5
13-49-25,62.25
13-49-35,89.2142857143
13-49-45,125.166666667
13-49-55,103.5
13-50-05,90.625
13-50-15,81.8
13-50-25,107.769230769
13-50-35,26.25
13-50-45,90.9166666667
13-50-55,25.0
13-51-05,82.875
13-51-15,206.75
13-51-25,82.8
13-51-35,122.833333333
13-51-45,76.8
13-51-55,35.75
13-52-05,85.4277777778
13-52-15,26.0
13-52-25,27.25
13-52-35,27.25
13-52-45,27.25
13-52-55,27.75
13-53-05,27.0
13-53-15,30.25
13-53-25,27.25
13-53-35,25.25
13-53-45,27.0
13-53-55,26.5
13-54-05,26.0
13-54-15,27.75
13-54-25,27.0
13-54-35,27.5
13-54-45,25.5
13-54-55,28.0
13-55-05,27.0
13-55-15,232.222222222
13-55-25,29.25
13-55-35,29.5
13-55-45,26.25
13-55-55,28.25
13-56-05,28.5
13-56-15,27.25
13-56-25,155.892405063
13-56-35,26.5
13-56-45,26.75
13-56-55,26.75
13-57-05,26.75
13-57-15,27.0
13-57-25,28.25
13-57-35,26.75
13-57-45,27.5
13-57-55,27.75
13-58-05,28.0
13-58-15,26.75
13-58-25,30.25
13-58-35,27.5
13-58-45,26.75
13-58-55,26.5
13-59-05,28.75
13-59-15,27.375
13-59-25,26.5
13-59-35,28.25
13-59-45,27.2
13-59-55,25.5
14-00-05,27.0
14-00-15,25.75
14-00-25,26.25
14-00-35,28.75
14-00-45,28.25
14-00-55,27.5
14-01-05,27.25
14-01-15,27.5
14-01-25,26.75
14-01-35,27.25
14-01-45,26.75
14-01-55,26.75
14-02-05,26.0
14-02-15,25.75
14-02-25,27.0
14-02-35,25.5
14-02-45,28.0657894737
14-02-55,208.66
14-03-05,27.35
14-03-15,25.5
14-03-25,24.5
14-03-35,24.5
14-03-45,27.0
14-03-55,27.5
14-04-05,25.5
14-04-15,137.25
14-04-25,26.0
14-04-35,26.5
14-04-45,29.9782608696
14-04-55,26.25
14-05-05,26.5
14-05-15,27.0
14-05-25,27.75
14-05-35,26.25
14-05-45,26.0
14-05-55,28.5
14-06-05,26.25
14-06-15,263.892857143
14-06-25,26.0
14-06-35,24.75
14-06-45,27.1964285714
14-06-55,27.5
14-07-05,26.0
14-07-15,27.5
14-07-25,26.75
14-07-35,26.75
14-07-45,28.0
14-07-55,28.6666666667
14-08-05,26.5
14-08-15,74.0
14-08-25,118.458333333
14-08-35,27.25
14-08-45,79.0333333333
14-08-55,26.5
14-09-05,87.875
14-09-15,111.0
14-09-25,27.0
14-09-35,535.375
14-09-45,137.0625
14-09-55,28.0
14-10-05,124.833333333
14-10-15,88.4
14-10-25,179.166666667
14-10-35,33.7965116279
14-10-45,318.5
14-10-55,132.125
14-11-05,79.7
14-11-15,184.2
14-11-25,148.966666667
14-11-35,25.625
14-11-45,27.0666666667
14-11-55,629.5
14-12-05,29.5294117647
14-12-15,202.611111111
14-12-25,27.5
14-12-35,27.1666666667
14-12-45,26.5
14-12-55,28.25
14-13-05,27.0
14-13-15,28.5
14-13-25,119.055555556
14-13-35,25.75
14-13-45,27.8137254902
14-13-55,25.75
14-14-05,26.3333333333
14-14-15,30.3266666667
14-14-25,119.359649123
14-14-35,26.5
14-14-45,28.5
14-14-55,28.5
14-15-05,28.5
14-15-15,28.25
14-15-25,26.5
14-15-35,28.0
14-15-45,26.75
14-15-55,26.75
14-16-05,28.0
14-16-15,26.8333333333
14-16-25,27.5
14-16-35,26.5
14-16-45,25.5
14-16-55,25.5
14-17-05,25.75
14-17-15,28.0
14-17-25,28.5
14-17-35,28.5
14-17-45,27.25
14-17-55,28.75
14-18-05,27.5
14-18-15,26.3333333333
14-18-25,24.5
14-18-35,26.9285714286
14-18-45,24.5
14-18-55,25.5
14-19-05,26.5
14-19-15,26.5
14-19-25,26.5
14-19-35,26.75
14-19-45,27.6666666667
14-19-55,25.5
14-20-05,27.4166666667
14-20-15,26.5
14-20-25,26.5
14-20-35,27.5
14-20-45,26.5
14-20-55,26.6136363636
14-21-05,28.5
14-21-15,26.5
14-21-25,26.5
14-21-35,28.5
14-21-45,25.5
14-21-55,89.262295082
14-22-05,27.5
14-22-15,25.5
14-22-25,26.5
14-22-35,26.5
14-22-45,27.5
14-22-55,30.5
14-23-05,27.5
14-23-15,26.5
14-23-25,25.5
14-23-35,27.5
14-23-45,30.5
14-23-55,24.5
14-24-05,27.5
14-24-15,27.5
14-24-25,33.4212598425
14-24-35,27.5
14-24-45,28.0
14-24-55,157.102941176
14-25-05,26.5
14-25-15,28.5
14-25-25,26.5
14-25-35,25.5
14-25-45,27.0
14-25-55,27.5
14-26-05,26.8238095238
14-26-15,27.0
14-26-25,26.5
14-26-35,26.5
14-26-45,27.5
14-26-55,28.5
14-27-05,29.7777777778
14-27-15,27.5
14-27-25,26.75
14-27-35,26.5
14-27-45,27.0
14-27-55,26.5
14-28-05,27.0
14-28-15,174.25
14-28-25,83.0
14-28-35,149.3125
14-28-45,26.75
14-28-55,27.25
14-29-05,103.625
14-29-15,145.4
14-29-25,159.125
14-29-35,85.5833333333
14-29-45,160.0
14-29-55,70.6071428571
14-30-05,25.5
14-30-15,268.909090909
14-30-25,27.5
14-30-35,26.5
14-30-45,27.75
14-30-55,29.0
14-31-05,357.375
14-31-15,88.5
14-31-25,138.75
14-31-35,148.25
14-31-45,85.75
14-31-55,113.722222222
14-32-05,28.25
14-32-15,88.0
14-32-25,94.25
14-32-35,256.625
14-32-45,48.9939759036
14-32-55,27.0
14-33-05,25.75
14-33-15,28.25
14-33-25,27.25
14-33-35,25.75
14-33-45,161.357142857
14-33-55,27.0
14-34-05,26.5
14-34-15,26.5
14-34-25,28.5
14-34-35,28.0
14-34-45,163.861111111
14-34-55,27.75
14-35-05,27.0
14-35-15,24.75
14-35-25,26.75
14-35-35,28.0
14-35-45,27.0
14-35-55,27.5
14-36-05,109.125
14-36-15,90.375
14-36-25,147.4
14-36-35,28.3333333333
14-36-45,107.0
14-36-55,184.285714286
14-37-05,28.25
14-37-15,25.75
14-37-25,26.25
14-37-35,26.25
14-37-45,29.375
14-37-55,27.25
14-38-05,101.625
14-38-15,147.15
14-38-25,26.75
14-38-35,25.75
14-38-45,25.75
14-38-55,106.625
14-39-05,150.194444444
14-39-15,27.75
14-39-25,25.5
14-39-35,27.0
14-39-45,26.5
14-39-55,26.75
14-40-05,28.25
14-40-15,29.0
14-40-25,29.0
14-40-35,26.0
14-40-45,28.25
14-40-55,27.0
14-41-05,25.5
14-41-15,26.0
14-41-25,27.75
14-41-35,27.25
14-41-45,26.5
14-41-55,112.875
14-42-05,100.875
14-42-15,109.25
14-42-25,104.5
14-42-35,125.0
14-42-45,27.5
14-42-55,106.625
14-43-05,104.25
14-43-15,57.9
14-43-25,142.666666667
14-43-35,27.0
14-43-45,259.0
14-43-55,70.1470588235
14-44-05,296.666666667
14-44-15,54.8686868687
14-44-25,27.5
14-44-35,27.5
14-44-45,26.5
14-44-55,26.5
14-45-05,26.5666666667
14-45-15,26.0
14-45-25,28.9285714286
14-45-35,27.5
14-45-45,221.3
14-45-55,26.75
14-46-05,27.25
14-46-15,133.833333333
14-46-25,26.75
14-46-35,113.571428571
14-46-45,26.25
14-46-55,105.125
14-47-05,28.0
14-47-15,182.7
14-47-25,174.666666667
14-47-35,117.166666667
14-47-45,127.75
14-47-55,98.0
14-48-05,202.333333333
14-48-15,152.3
14-48-25,76.05
14-48-35,114.833333333
14-48-45,106.416666667
14-48-55,99.4285714286
14-49-05,94.2857142857
14-49-15,107.833333333
14-49-25,102.142857143
14-49-35,63.3214285714
14-49-45,124.2
14-49-55,94.5714285714
14-50-05,125.9
14-50-15,113.333333333
14-50-25,110.166666667
14-50-35,74.55
14-50-45,96.7857142857
14-50-55,122.7
14-51-05,113.75
14-51-15,91.1875
14-51-25,110.5
14-51-35,88.75
14-51-45,105.25
14-51-55,105.25
14-52-05,89.75
14-52-15,113.166666667
14-52-25,101.785714286
14-52-35,90.6875
14-52-45,109.333333333
14-52-55,84.5625
14-53-05,103.5
14-53-15,92.125
14-53-25,112.333333333
14-53-35,98.5714285714
14-53-45,81.1666666667
14-53-55,107.666666667
14-54-05,110.166666667
14-54-15,96.1428571429
14-54-25,103.357142857
14-54-35,94.9285714286
14-54-45,96.5
14-54-55,52.0526315789
14-55-05,97.2142857143
14-55-15,99.0
14-55-25,98.2142857143
14-55-35,95.1428571429
14-55-45,97.0714285714
14-55-55,98.2142857143
14-56-05,98.8571428571
14-56-15,97.5
14-56-25,99.2857142857
14-56-35,95.7142857143
14-56-45,100.357142857
14-56-55,88.875
14-57-05,87.1875
14-57-15,88.9375
14-57-25,91.375
14-57-35,91.75
14-57-45,87.6875
14-57-55,88.1875
14-58-05,86.875
14-58-15,84.875
14-58-25,90.6875
14-58-35,92.0
14-58-45,93.0625
14-58-55,84.5625
14-59-05,86.4375
14-59-15,88.5625
14-59-25,91.125
14-59-35,92.5
14-59-45,89.875
14-59-55,87.3125
15-00-05,87.5625
15-00-15,88.0
15-00-25,88.125
15-00-35,86.6875
15-00-45,88.625
15-00-55,87.375
15-01-05,88.25
15-01-15,84.1875
15-01-25,85.375
15-01-35,82.9375
15-01-45,89.1875
15-01-55,88.5
15-02-05,91.9375
15-02-15,88.0625
15-02-25,82.4375
15-02-35,85.8125
15-02-45,86.3125
15-02-55,89.0625
15-03-05,89.5625
15-03-15,84.3125
15-03-25,87.25
15-03-35,85.5625
15-03-45,90.625
15-03-55,88.375
15-04-05,87.125
15-04-15,86.375
15-04-25,89.0625
15-04-35,84.6875
15-04-45,94.375
15-04-55,88.3125
15-05-05,87.6875
15-05-15,88.9375
15-05-25,83.25
15-05-35,90.875
15-05-45,83.0
15-05-55,88.5
15-06-05,92.6875
15-06-15,91.0625
15-06-25,87.25
15-06-35,83.875
15-06-45,80.9375
15-06-55,85.9375
15-07-05,88.375
15-07-15,88.6875
15-07-25,90.6875
15-07-35,90.875
15-07-45,89.1875
15-07-55,85.625
15-08-05,86.125
15-08-15,88.3125
15-08-25,86.125
15-08-35,90.625
15-08-45,85.25
15-08-55,86.8125
15-09-05,86.9375
15-09-15,88.3125
15-09-25,88.875
15-09-35,87.75
15-09-45,89.75
15-09-55,88.1875
15-10-05,88.0
15-10-15,87.75
15-10-25,87.5625
15-10-35,89.375
15-10-45,86.3125
15-10-55,85.8125
15-11-05,84.0
15-11-15,58.7857142857
15-11-25,61.5714285714
15-11-35,62.2142857143
15-11-45,59.2857142857
15-11-55,56.6428571429
15-12-05,55.0714285714
15-12-15,56.6428571429
15-12-25,61.1428571429
15-12-35,60.7142857143
15-12-45,62.1428571429
15-12-55,61.3571428571
15-13-05,62.7857142857
15-13-15,61.7857142857
15-13-25,60.2142857143
15-13-35,58.4285714286
15-13-45,58.2857142857
15-13-55,59.9285714286
15-14-05,63.2142857143
15-14-15,58.2142857143
15-14-25,57.3571428571
15-14-35,61.9285714286
15-14-45,58.5
15-14-55,57.7857142857
15-15-05,59.7857142857
15-15-15,60.3571428571
15-15-25,60.4285714286
15-15-35,59.0
15-15-45,58.0
15-15-55,59.2857142857
15-16-05,61.1428571429
15-16-15,59.2857142857
15-16-25,58.5714285714
15-16-35,59.7142857143
15-16-45,60.9285714286
15-16-55,58.6428571429
15-17-05,59.7857142857
15-17-15,57.0714285714
15-17-25,59.5714285714
15-17-35,59.0
15-17-45,58.4285714286
15-17-55,54.5
15-18-05,60.5
15-18-15,59.0714285714
15-18-25,58.5
15-18-35,61.8571428571
15-18-45,58.7857142857
15-18-55,61.2142857143
15-19-05,59.3571428571
15-19-15,66.2857142857
15-19-25,59.5714285714
15-19-35,59.7857142857
15-19-45,60.5714285714
15-19-55,57.0
15-20-05,56.1428571429
15-20-15,55.5714285714
15-20-25,61.6428571429
15-20-35,56.0714285714
15-20-45,58.8571428571
15-20-55,57.3571428571
15-21-05,58.1428571429
15-21-15,59.5
15-21-25,59.2142857143
15-21-35,57.5714285714
15-21-45,57.1428571429
15-21-55,59.4285714286
15-22-05,59.5
15-22-15,60.5
15-22-25,58.8571428571
15-22-35,60.6428571429
15-22-45,57.6428571429
15-22-55,59.5714285714
15-23-05,59.0714285714
15-23-15,59.7142857143
15-23-25,60.2857142857
15-23-35,61.4285714286
15-23-45,59.0
15-23-55,59.9285714286
15-24-05,60.2142857143
15-24-15,59.0714285714
15-24-25,64.0
15-24-35,58.3571428571
15-24-45,59.2142857143
15-24-55,58.8571428571
15-25-05,57.5714285714
15-25-15,59.8571428571
15-25-25,58.7857142857
15-25-35,59.2142857143
15-25-45,59.0
15-25-55,60.0714285714
15-26-05,60.4285714286
15-26-15,59.7857142857
15-26-25,59.1428571429
15-26-35,60.7857142857
15-26-45,58.1428571429
15-26-55,58.0
15-27-05,56.9285714286
15-27-15,57.8571428571
15-27-25,59.3571428571
15-27-35,60.1428571429
15-27-45,54.8571428571
15-27-55,54.4285714286
15-28-05,57.0
15-28-15,58.7142857143
15-28-25,57.9285714286
15-28-35,58.7142857143
15-28-45,58.3571428571
15-28-55,57.9285714286
15-29-05,59.6428571429
15-29-15,58.9285714286
15-29-25,58.8571428571
15-29-35,57.7142857143
15-29-45,62.0
15-29-55,56.6428571429
15-30-05,57.6428571429
15-30-15,58.5714285714
15-30-25,57.7142857143
15-30-35,57.2857142857
15-30-45,58.5714285714
15-30-55,59.2857142857
15-31-05,58.5
15-31-15,61.7857142857
15-31-25,62.0714285714
15-31-35,59.2142857143
15-31-45,55.9285714286
15-31-55,59.5
15-32-05,59.2142857143
15-32-15,57.5
15-32-25,60.0714285714
15-32-35,60.0714285714
15-32-45,59.4285714286
15-32-55,61.1428571429
15-33-05,57.6428571429
15-33-15,56.3571428571
15-33-25,58.4285714286
15-33-35,60.3571428571
15-33-45,56.0
15-33-55,55.7857142857
15-34-05,58.7857142857
15-34-15,59.9285714286
15-34-25,57.0
15-34-35,61.2857142857
15-34-45,57.5714285714
15-34-55,55.0714285714
15-35-05,57.1428571429
15-35-15,55.5714285714
15-35-25,61.3571428571
15-35-35,58.7857142857
15-35-45,57.7857142857
15-35-55,57.7857142857
15-36-05,55.7857142857
15-36-15,57.0
15-36-25,56.2142857143
15-36-35,55.5714285714
15-36-45,62.7857142857
15-36-55,57.2142857143
15-37-05,61.0
15-37-15,62.5714285714
15-37-25,58.9285714286
15-37-35,58.0714285714
15-37-45,59.4285714286
15-37-55,60.2857142857
15-38-05,58.9285714286
15-38-15,59.8571428571
15-38-25,56.7142857143
15-38-35,63.6428571429
15-38-45,62.2857142857
15-38-55,56.7857142857
15-39-05,57.5
15-39-15,62.5714285714
15-39-25,59.7142857143
15-39-35,57.6428571429
15-39-45,62.4285714286
15-39-55,56.0714285714
15-40-05,58.1428571429
15-40-15,59.6428571429
15-40-25,60.7142857143
15-40-35,57.1428571429
15-40-45,61.0714285714
15-40-55,57.9285714286
15-41-05,58.2142857143
15-41-15,59.3571428571
15-41-25,56.9285714286
15-41-35,61.3571428571
15-41-45,58.7857142857
15-41-55,58.5714285714
15-42-05,56.7857142857
15-42-15,60.6428571429
15-42-25,63.5
15-42-35,60.4285714286
15-42-45,56.7857142857
15-42-55,55.2857142857
15-43-05,59.5714285714
15-43-15,57.7857142857
15-43-25,62.1428571429
15-43-35,61.5
15-43-45,60.1428571429
15-43-55,56.7142857143
15-44-05,60.4285714286
15-44-15,60.7142857143
15-44-25,61.0
15-44-35,60.3571428571
15-44-45,60.4285714286
15-44-55,58.5714285714
15-45-05,60.2142857143
15-45-15,60.0
15-45-25,57.9285714286
15-45-35,59.3571428571
15-45-45,57.4285714286
15-45-55,61.1428571429
15-46-05,59.4285714286
15-46-15,61.5
15-46-25,57.0
15-46-35,57.9285714286
15-46-45,57.1428571429
15-46-55,57.3571428571
15-47-05,55.3571428571
15-47-15,57.2857142857
15-47-25,57.0714285714
15-47-35,58.7142857143
15-47-45,61.6428571429
15-47-55,58.7142857143
15-48-05,56.0714285714
15-48-15,58.8571428571
15-48-25,62.4285714286
15-48-35,58.0714285714
15-48-45,60.2142857143
15-48-55,64.5
15-49-05,57.7857142857
15-49-15,54.5714285714
15-49-25,56.5714285714
15-49-35,57.1428571429
15-49-45,55.1428571429
15-49-55,59.0714285714
15-50-05,57.5
15-50-15,55.8571428571
15-50-25,59.2857142857
15-50-35,55.3571428571
15-50-45,63.0
15-50-55,58.2857142857
15-51-05,57.6428571429
15-51-15,60.1428571429
15-51-25,59.2857142857
15-51-35,59.0714285714
15-51-45,60.2142857143
15-51-55,60.2857142857
15-52-05,56.7857142857
15-52-15,59.2142857143
15-52-25,59.7142857143
15-52-35,59.1428571429
15-52-45,58.0
15-52-55,59.2142857143
15-53-05,57.2142857143
15-53-15,57.6428571429
15-53-25,58.3571428571
15-53-35,58.9285714286
15-53-45,60.7857142857
15-53-55,58.5714285714
15-54-05,59.2142857143
15-54-15,60.1428571429
15-54-25,59.7857142857
15-54-35,56.5714285714
15-54-45,59.4285714286
15-54-55,60.7142857143
15-55-05,55.7857142857
15-55-15,59.7857142857
15-55-25,58.4285714286
15-55-35,56.3571428571
15-55-45,56.4285714286
15-55-55,57.6428571429
15-56-05,59.1428571429
15-56-15,62.7857142857
15-56-25,55.7142857143
15-56-35,56.5714285714
15-56-45,59.0
15-56-55,56.6428571429
15-57-05,57.5
15-57-15,59.7142857143
15-57-25,61.9285714286
15-57-35,59.2142857143
15-57-45,57.6428571429
15-57-55,55.2857142857
15-58-05,57.8571428571
15-58-15,57.4285714286
15-58-25,59.0714285714
15-58-35,56.7857142857
15-58-45,58.0714285714
15-58-55,59.4285714286
15-59-05,59.2142857143
15-59-15,61.2857142857
15-59-25,57.7857142857
15-59-35,56.0
15-59-45,61.7857142857
15-59-55,57.9285714286
16-00-05,58.5714285714
16-00-15,61.7857142857
16-00-25,58.3571428571
16-00-35,56.9285714286
16-00-45,61.6428571429
16-00-55,59.1428571429
16-01-05,55.8571428571
16-01-15,60.5
16-01-25,60.2142857143
16-01-35,58.7857142857
16-01-45,59.5714285714
16-01-55,56.2857142857
16-02-05,55.7142857143
16-02-15,59.9285714286
16-02-25,57.8571428571
16-02-35,58.0
16-02-45,58.7142857143
16-02-55,57.8571428571
16-03-05,60.7857142857
16-03-15,57.4285714286
16-03-25,60.2857142857
16-03-35,57.3571428571
16-03-45,56.0714285714
16-03-55,55.0
16-04-05,59.8571428571
16-04-15,58.5714285714
16-04-25,59.1428571429
16-04-35,57.2857142857
16-04-45,56.9285714286
16-04-55,56.2142857143
16-05-05,57.5714285714
16-05-15,57.1428571429
16-05-25,55.1428571429
16-05-35,57.2857142857
16-05-45,60.5
16-05-55,59.2857142857
16-06-05,56.2142857143
16-06-15,59.5
16-06-25,58.6428571429
16-06-35,58.2142857143
16-06-45,56.2142857143
16-06-55,59.0
16-07-05,57.7142857143
16-07-15,57.7142857143
16-07-25,59.7857142857
16-07-35,56.2142857143
16-07-45,57.2857142857
16-07-55,59.7142857143
16-08-05,55.7857142857
16-08-15,57.1428571429
16-08-25,56.5
16-08-35,56.7857142857
16-08-45,60.3571428571
16-08-55,58.1428571429
16-09-05,56.9285714286
16-09-15,58.3571428571
16-09-25,57.2142857143
16-09-35,60.7857142857
16-09-45,61.9166666667
16-09-55,62.3333333333
16-10-05,64.25
16-10-15,64.0
16-10-25,61.0833333333
16-10-35,66.25
16-10-45,64.3333333333
16-10-55,63.0
16-11-05,60.25
16-11-15,67.5833333333
16-11-25,63.5
16-11-35,63.75
16-11-45,65.5
16-11-55,67.3333333333
16-12-05,64.0833333333
16-12-15,62.4166666667
16-12-25,62.5833333333
16-12-35,64.25
16-12-45,58.9166666667
16-12-55,62.9166666667
16-13-05,64.0833333333
16-13-15,63.25
16-13-25,65.0833333333
16-13-35,64.25
16-13-45,66.0833333333
16-13-55,59.8333333333
16-14-05,61.6666666667
16-14-15,61.1666666667
16-14-25,66.75
16-14-35,65.8333333333
16-14-45,61.4166666667
16-14-55,60.5833333333
16-15-05,67.9166666667
16-15-15,63.0833333333
16-15-25,64.8333333333
16-15-35,65.75
16-15-45,63.3333333333
16-15-55,62.4166666667
16-16-05,64.1666666667
16-16-15,66.9166666667
16-16-25,64.0
16-16-35,62.9166666667
16-16-45,63.6666666667
16-16-55,65.9166666667
16-17-05,64.0
16-17-15,64.6666666667
16-17-25,62.9166666667
16-17-35,64.6666666667
16-17-45,61.8333333333
16-17-55,62.8333333333
16-18-05,66.0
16-18-15,63.5
16-18-25,62.4166666667
16-18-35,66.4166666667
16-18-45,62.8333333333
16-18-55,61.3333333333
16-19-05,62.3333333333
16-19-15,63.1666666667
16-19-25,61.5833333333
16-19-35,63.0
16-19-45,61.5833333333
16-19-55,59.25
16-20-05,65.0833333333
16-20-15,64.5833333333
16-20-25,61.0
16-20-35,61.5833333333
16-20-45,61.25
16-20-55,61.1666666667
16-21-05,65.75
16-21-15,66.8333333333
16-21-25,65.5833333333
16-21-35,73.1
16-21-45,70.5
16-21-55,71.8
16-22-05,78.5
16-22-15,72.1
16-22-25,73.4
16-22-35,76.8
16-22-45,72.8
16-22-55,70.6
16-23-05,71.9
16-23-15,77.1
16-23-25,69.4
16-23-35,73.5
16-23-45,68.4
16-23-55,75.9
16-24-05,72.4
16-24-15,68.4
16-24-25,71.1
16-24-35,72.8
16-24-45,65.4
16-24-55,76.0
16-25-05,67.3
16-25-15,69.5
16-25-25,78.1
16-25-35,70.8
16-25-45,71.2
16-25-55,71.3
16-26-05,70.6
16-26-15,70.4
16-26-25,73.1
16-26-35,71.3
16-26-45,64.4
16-26-55,70.4
16-27-05,73.9
16-27-15,68.9
16-27-25,70.2
16-27-35,72.1
16-27-45,70.7
16-27-55,77.9
16-28-05,72.8
16-28-15,73.5
16-28-25,71.3
16-28-35,74.9
16-28-45,71.9
16-28-55,69.4
16-29-05,76.1
16-29-15,69.4
16-29-25,71.1
16-29-35,71.7
16-29-45,71.9
16-29-55,73.4
16-30-05,69.4
16-30-15,67.4
16-30-25,75.2
16-30-35,75.5
16-30-45,71.7
16-30-55,69.3
16-31-05,71.4
16-31-15,72.1
16-31-25,68.2
16-31-35,69.4
16-31-45,68.3
16-31-55,67.3
16-32-05,69.3
16-32-15,74.5
16-32-25,72.9
16-32-35,68.4
16-32-45,74.9
16-32-55,73.6
16-33-05,72.5
16-33-15,72.0
16-33-25,79.1
16-33-35,77.5
16-33-45,66.6
16-33-55,63.2
16-34-05,84.25
16-34-15,249.8515625
16-34-25,21.8333333333
16-34-35,21.6666666667
16-34-45,21.1666666667
16-34-55,20.8333333333
16-35-05,21.8333333333
16-35-15,21.1666666667
16-35-25,22.0
16-35-35,21.8333333333
16-35-45,22.0
16-35-55,21.1666666667
16-36-05,22.8333333333
16-36-15,21.8333333333
16-36-25,24.0
16-36-35,21.5
16-36-45,23.6666666667
16-36-55,21.3333333333
16-37-05,20.1666666667
16-37-15,20.8333333333
16-37-25,21.3333333333
16-37-35,21.5
16-37-45,22.8333333333
16-37-55,21.3333333333
16-38-05,22.0
16-38-15,20.8333333333
16-38-25,20.6666666667
16-38-35,21.6666666667
16-38-45,21.3333333333
16-38-55,21.6666666667
16-39-05,21.5
16-39-15,22.3333333333
16-39-25,20.5
16-39-35,21.0
16-39-45,21.6666666667
16-39-55,23.5
16-40-05,22.0
16-40-15,22.5
16-40-25,22.6666666667
16-40-35,20.6666666667
16-40-45,22.0
16-40-55,21.0
16-41-05,21.1666666667
16-41-15,21.0
16-41-25,22.1666666667
16-41-35,20.8333333333
16-41-45,21.6666666667
16-41-55,21.6666666667
16-42-05,21.0
16-42-15,21.6666666667
16-42-25,21.6666666667
16-42-35,21.0
16-42-45,21.8333333333
16-42-55,21.6666666667
16-43-05,21.5
16-43-15,20.6666666667
16-43-25,21.6666666667
16-43-35,20.5
16-43-45,20.5
16-43-55,21.6666666667
16-44-05,21.3333333333
16-44-15,22.0
16-44-25,21.75
16-44-35,21.6976744186
