date,Uriah,Veylan,Sofi,Neve,Elliot,Riella,Dash,Dario,Eleanor,Mary,Erin,Taj,Silas,Beatrice,Willa
09-00-05,0,37,43,32,33,57,33,0,0,0,0,0,32,44,33,0
09-00-15,0,38,43,32,33,57,32,0,0,0,0,0,32,43,33,0
09-00-25,0,37,44,32,33,57,32,0,0,0,0,0,32,43,33,0
09-00-35,0,37,42,32,33,57,32,0,0,0,0,0,33,43,33,0
09-00-45,0,38,43,32,33,57,32,0,0,0,0,0,32,44,33,0
09-00-55,0,38,43,0,33,57,32,0,0,0,0,0,32,43,33,0
09-01-05,0,37,42,32,33,58,33,0,0,0,0,0,32,43,32,0
09-01-15,0,38,44,32,33,56,32,0,0,0,0,0,33,44,32,0
09-01-25,0,39,41,32,33,56,33,0,0,0,0,0,32,44,32,0
09-01-35,0,38,43,32,33,57,33,0,0,0,0,0,32,44,33,0
09-01-45,0,37,43,32,33,57,32,0,0,0,0,0,32,44,33,0
09-01-55,0,37,42,32,33,58,32,0,0,0,0,0,32,44,32,0
09-02-05,0,38,42,32,33,56,33,0,0,0,0,0,32,43,33,0
09-02-15,0,36,44,32,33,57,32,0,0,0,0,0,32,43,33,0
09-02-25,0,39,42,0,33,57,33,0,0,0,0,0,33,43,35,0
09-02-35,0,36,42,32,33,57,33,0,0,0,0,0,33,44,34,0
09-02-45,0,37,40,32,32,57,34,0,0,0,0,0,33,44,33,0
09-02-55,0,37,40,32,33,57,34,0,0,0,0,0,33,45,34,0
09-03-05,0,38,40,32,35,56,33,0,0,0,0,0,33,41,33,0
09-03-15,0,38,40,32,35,57,33,0,0,0,0,0,33,45,33,0
09-03-25,0,37,41,32,33,57,35,0,0,0,0,0,33,44,34,0
09-03-35,0,39,40,32,33,56,33,0,0,0,0,0,33,44,33,0
09-03-45,0,37,41,0,33,56,35,0,0,0,0,0,33,45,33,0
09-03-55,0,37,41,32,33,56,34,0,0,0,0,0,33,45,33,0
09-04-05,0,35,42,0,33,57,34,0,0,0,0,0,33,44,33,0
09-04-15,0,37,40,32,34,57,34,0,0,0,0,0,33,45,33,0
09-04-25,0,35,41,32,33,57,34,0,0,0,0,0,33,45,33,0
09-04-35,0,35,40,32,33,57,34,0,0,0,0,0,33,44,33,0
09-04-45,0,36,41,32,33,56,34,0,0,0,0,0,33,45,33,0
09-04-55,0,37,41,32,33,56,34,0,0,0,0,0,33,44,33,0
09-05-05,0,36,41,32,33,57,34,0,0,0,0,0,33,45,33,0
09-05-15,0,35,40,32,34,56,35,0,0,0,0,0,33,45,33,0
09-05-25,0,38,41,32,34,56,34,0,0,0,0,0,33,45,33,0
09-05-35,0,36,39,32,34,57,34,0,0,0,0,0,33,44,33,0
09-05-45,0,34,40,32,34,57,34,0,0,0,0,0,33,44,33,0
09-05-55,0,37,41,32,33,57,34,0,0,0,0,0,33,44,33,0
09-06-05,0,37,41,32,33,57,34,0,0,0,0,0,33,44,33,0
09-06-15,0,36,41,0,33,55,35,32,0,0,0,0,33,45,35,0
09-06-25,0,36,35,32,0,55,35,0,0,0,0,0,32,45,33,0
09-06-35,0,37,32,32,0,55,32,0,0,0,0,0,32,45,33,0
09-06-45,0,36,32,32,0,54,32,0,0,0,0,0,32,45,33,0
09-06-55,0,36,32,32,0,54,32,0,0,0,0,0,32,46,33,0
09-07-05,0,36,32,32,0,55,32,0,0,0,0,0,32,45,33,0
09-07-15,0,36,32,32,0,55,32,0,0,0,0,0,32,45,33,0
09-07-25,0,36,32,32,0,54,32,0,0,0,0,0,33,45,33,0
09-07-35,0,36,32,32,0,54,32,0,0,0,0,0,32,45,33,0
09-07-45,0,36,32,32,0,55,32,0,0,0,0,0,32,46,33,0
09-07-55,0,37,32,0,0,54,33,0,0,0,0,0,32,45,33,0
09-08-05,0,36,32,32,0,54,33,0,0,0,0,0,32,46,33,0
09-08-15,0,36,32,32,0,55,32,0,0,0,0,0,32,46,33,0
09-08-25,0,36,32,32,0,54,32,0,0,0,0,0,32,45,33,0
09-08-35,0,36,32,32,0,54,32,0,0,0,0,0,32,45,33,0
09-08-45,0,36,32,32,0,55,32,0,0,0,0,0,32,45,33,0
09-08-55,0,37,32,32,0,55,33,0,0,0,0,0,32,45,33,0
09-09-05,0,39,36,32,32,55,35,0,0,0,0,0,33,46,34,0
09-09-15,0,44,38,32,33,54,39,32,0,0,0,0,0,48,35,0
09-09-25,0,44,38,0,32,54,40,0,0,0,0,0,0,47,35,0
09-09-35,0,43,38,0,32,55,38,0,0,0,0,0,0,48,35,0
09-09-45,0,42,38,0,32,54,38,0,0,0,0,0,0,49,35,0
09-09-55,0,41,37,0,32,55,36,0,0,0,0,0,32,47,34,0
09-10-05,0,39,33,0,0,56,35,0,0,0,0,0,32,46,33,0
09-10-15,0,39,34,0,0,57,36,0,0,0,0,0,32,46,34,0
09-10-25,0,40,35,0,32,56,35,0,0,0,0,0,32,45,35,0
09-10-35,0,37,36,32,32,57,35,0,0,0,0,0,33,46,34,0
09-10-45,0,37,35,32,32,57,37,0,0,0,0,0,32,45,34,0
09-10-55,0,37,35,32,32,57,35,0,0,0,0,0,33,45,34,0
09-11-05,0,37,36,32,32,56,36,0,0,0,0,0,32,45,33,0
09-11-15,0,37,36,32,32,56,35,0,0,0,0,0,33,46,34,0
09-11-25,0,37,37,32,32,56,35,0,0,0,0,0,33,46,33,0
09-11-35,0,37,37,32,32,57,34,0,0,0,0,0,33,45,33,0
09-11-45,0,37,37,32,32,57,34,0,0,0,0,0,32,45,34,0
09-11-55,0,38,37,32,32,56,34,0,0,0,0,0,32,45,33,0
09-12-05,0,38,37,32,32,57,34,0,0,0,0,0,32,45,33,0
09-12-15,0,38,37,32,32,57,34,0,0,0,0,0,32,45,33,0
09-12-25,0,37,37,32,32,57,35,0,0,0,0,0,32,45,33,0
09-12-35,0,37,37,32,32,56,35,0,0,0,0,0,32,45,33,0
09-12-45,0,37,36,32,32,57,35,0,0,0,0,0,32,45,34,0
09-12-55,0,37,37,32,32,57,34,0,0,0,0,0,32,45,34,0
09-13-05,0,37,38,32,32,56,34,0,0,0,0,0,32,45,33,0
09-13-15,0,38,37,32,32,57,34,0,0,0,0,0,32,45,33,0
09-13-25,0,37,37,32,32,56,34,0,0,0,0,0,33,45,33,0
09-13-35,0,38,37,32,32,56,34,32,0,0,0,0,32,45,33,0
09-13-45,0,37,37,32,32,57,34,0,0,0,0,0,32,45,33,0
09-13-55,0,38,37,32,32,56,35,0,0,0,0,0,32,45,33,0
09-14-05,0,37,37,32,32,57,34,0,0,0,0,0,33,45,33,0
09-14-15,0,38,37,32,32,56,34,0,0,0,0,0,32,45,33,0
09-14-25,0,38,37,32,32,56,34,0,0,0,0,0,32,44,33,0
09-14-35,0,37,37,32,32,56,34,0,0,0,0,0,32,45,33,0
09-14-45,0,37,37,32,32,56,34,0,0,0,0,0,32,45,34,0
09-14-55,0,38,38,32,32,56,34,0,0,0,0,0,32,45,33,0
09-15-05,0,37,37,32,32,57,34,0,0,0,0,0,32,45,34,0
09-15-15,0,37,36,32,32,57,34,0,0,0,0,0,32,45,33,0
09-15-25,0,37,37,32,32,57,34,0,0,0,0,0,33,45,33,0
09-15-35,0,37,37,32,32,56,34,0,0,0,0,0,32,45,33,0
09-15-45,0,37,37,32,32,56,35,32,0,0,0,0,32,45,33,0
09-15-55,0,37,37,32,32,57,35,32,0,0,0,0,32,46,33,0
09-16-05,0,37,37,32,32,57,34,0,0,0,0,0,32,46,33,0
09-16-15,0,38,37,32,32,57,34,0,0,0,0,0,32,45,33,0
09-16-25,0,37,37,32,32,56,35,0,0,0,0,0,32,45,33,0
09-16-35,0,38,37,32,32,57,34,0,0,0,0,0,32,45,33,0
09-16-45,0,37,37,32,32,57,35,0,0,0,0,0,33,45,33,0
09-16-55,0,38,37,32,32,56,35,0,0,0,0,0,33,45,33,0
09-17-05,0,37,37,32,32,56,34,0,0,0,0,0,32,45,33,0
09-17-15,0,38,38,32,32,56,35,0,0,0,0,0,32,45,33,0
09-17-25,0,38,38,32,32,56,34,0,0,0,0,0,32,45,33,0
09-17-35,0,37,37,32,32,57,0,0,0,0,0,0,32,45,34,0
09-17-45,0,37,38,32,32,57,35,0,0,0,0,0,32,46,33,0
09-17-55,0,38,37,32,32,57,35,0,0,0,0,0,32,45,33,0
09-18-05,0,37,37,32,32,57,34,0,0,0,0,0,32,45,34,0
09-18-15,0,37,37,32,32,57,34,0,0,0,0,0,33,45,33,0
09-18-25,0,37,37,32,32,57,34,0,0,0,0,0,32,45,34,0
09-18-35,0,37,37,32,32,56,34,0,0,0,0,0,32,45,33,0
09-18-45,0,37,37,32,32,57,34,0,0,0,0,0,33,45,34,0
09-18-55,0,37,37,32,32,55,34,0,0,0,0,0,33,45,34,0
09-19-05,0,37,37,32,32,57,34,0,0,0,0,0,32,45,34,0
09-19-15,0,37,37,32,32,57,34,0,0,0,0,0,32,45,33,0
09-19-25,0,38,37,32,32,57,34,0,0,0,0,0,32,45,34,0
09-19-35,0,36,37,32,32,56,34,0,0,0,0,0,32,45,33,0
09-19-45,0,37,38,32,32,57,34,0,0,0,0,0,32,45,33,0
09-19-55,0,37,37,32,32,57,34,32,0,0,0,0,32,45,33,0
09-20-05,0,37,37,32,32,57,34,0,0,0,0,0,32,45,34,0
09-20-15,0,37,38,32,32,57,35,0,0,0,0,0,32,45,33,0
09-20-25,0,36,37,32,32,57,34,32,0,0,0,0,32,46,34,0
09-20-35,0,37,37,32,32,56,34,0,0,0,0,0,33,45,34,0
09-20-45,0,37,36,32,32,56,35,0,0,0,0,0,33,45,34,0
09-20-55,0,36,37,32,32,58,33,0,0,0,0,0,32,45,33,0
09-21-05,0,37,38,32,32,57,34,0,0,0,0,0,32,45,34,0
09-21-15,0,37,38,32,32,56,34,0,0,0,0,0,32,45,34,0
09-21-25,0,37,37,32,32,57,33,0,0,0,0,0,32,44,34,0
09-21-35,0,37,37,32,32,57,33,0,0,0,0,0,32,45,34,0
09-21-45,0,37,38,32,32,57,33,0,0,0,0,0,32,45,34,0
09-21-55,0,37,37,32,32,57,33,0,0,0,0,0,32,44,34,0
09-22-05,0,37,36,32,32,56,34,0,0,0,0,0,33,45,34,0
09-22-15,0,37,36,32,32,57,32,0,0,0,0,0,33,44,33,0
09-22-25,0,37,36,32,0,57,32,0,0,0,0,0,33,45,34,0
09-22-35,0,37,35,32,32,56,34,32,0,0,0,0,32,45,33,0
09-22-45,0,38,35,32,32,57,37,32,0,0,0,0,32,45,34,0
09-22-55,0,36,34,32,32,56,32,32,0,0,0,0,33,45,33,0
09-23-05,0,36,34,32,32,56,0,32,0,0,0,0,32,45,33,0
09-23-15,0,37,34,32,32,57,38,32,0,0,0,0,32,45,34,0
09-23-25,0,36,34,32,32,56,0,32,0,0,0,0,32,45,33,0
09-23-35,0,37,33,32,32,57,34,0,0,0,0,0,32,45,34,0
09-23-45,0,36,34,32,32,57,0,0,0,0,0,0,32,45,34,0
09-23-55,0,35,33,32,0,57,0,0,0,0,0,0,32,45,33,0
09-24-05,0,37,34,32,32,56,0,32,0,0,0,0,32,45,33,0
09-24-15,0,37,34,33,32,57,0,32,0,0,0,0,32,45,34,0
09-24-25,0,37,33,32,32,57,0,0,0,0,0,0,33,45,34,0
09-24-35,0,38,34,32,32,56,0,0,0,0,0,0,33,45,33,0
09-24-45,0,37,35,32,32,57,0,0,0,0,0,0,32,45,33,0
09-24-55,0,37,36,32,32,57,0,0,0,0,0,0,32,45,33,0
09-25-05,0,37,35,32,32,56,0,0,0,0,0,0,32,44,33,0
09-25-15,0,36,34,32,32,56,0,0,0,0,0,0,32,45,33,0
09-25-25,0,36,34,32,32,57,0,0,0,0,0,0,32,45,34,0
09-25-35,0,36,34,32,32,57,0,0,0,0,0,0,33,45,34,0
09-25-45,0,37,36,32,32,56,0,0,0,0,0,0,32,45,33,0
09-25-55,0,37,35,32,32,57,0,32,0,0,0,0,33,45,33,0
09-26-05,0,37,35,33,33,57,0,0,0,0,0,0,32,45,33,0
09-26-15,0,36,33,32,32,56,0,32,0,0,0,0,32,45,34,0
09-26-25,0,36,33,32,32,56,0,0,0,0,0,0,32,45,33,0
09-26-35,0,37,33,32,32,57,0,0,0,0,0,0,32,45,33,0
09-26-45,0,37,33,32,32,56,0,0,0,0,0,0,32,45,34,0
09-26-55,0,36,33,32,32,56,0,0,0,0,0,0,33,45,33,0
09-27-05,0,37,33,32,32,56,0,0,0,0,0,0,33,45,33,0
09-27-15,0,37,33,32,32,56,0,0,0,0,0,0,32,45,34,0
09-27-25,0,38,35,32,32,56,0,32,0,0,0,0,32,45,33,0
09-27-35,0,36,36,32,32,56,0,0,0,0,0,0,32,44,33,0
09-27-45,0,38,34,32,32,57,0,0,0,0,0,0,33,45,33,0
09-27-55,0,38,35,32,0,57,0,0,0,0,0,0,32,45,34,0
09-28-05,0,37,38,34,33,57,0,32,0,0,0,0,32,44,35,0
09-28-15,0,39,37,34,33,58,0,0,0,0,0,0,33,40,35,0
09-28-25,0,38,38,33,32,58,0,0,0,0,0,0,32,43,35,0
09-28-35,0,36,37,33,33,57,0,0,0,0,0,0,32,43,36,0
09-28-45,0,35,36,34,33,57,0,0,0,0,0,0,32,44,33,0
09-28-55,0,35,35,34,32,57,0,0,0,0,0,0,32,43,36,0
09-29-05,0,36,36,34,33,57,0,0,0,0,0,0,32,43,37,0
09-29-15,0,36,36,34,32,57,0,0,0,0,0,0,32,42,35,0
09-29-25,0,36,34,34,0,57,0,0,0,0,0,0,32,43,36,0
09-29-35,0,35,37,34,0,57,0,0,0,0,0,0,32,43,35,0
09-29-45,0,37,38,34,0,57,0,0,0,0,0,0,33,44,34,0
09-29-55,0,37,38,34,0,58,0,0,0,0,0,0,32,46,35,0
09-30-05,0,36,36,35,0,56,0,0,0,0,0,0,33,33,36,0
09-30-15,0,35,36,35,32,57,0,0,0,0,0,0,32,43,34,0
09-30-25,0,36,35,34,0,57,0,0,0,0,0,0,32,43,36,0
09-30-35,0,37,36,0,33,34,0,0,0,0,0,0,0,34,33,0
09-30-45,0,33,32,0,0,34,0,0,0,0,0,0,0,32,32,0
09-30-55,0,32,0,0,0,0,0,0,0,0,0,0,0,0,0,0
09-31-15,0,32,33,32,0,32,0,32,0,0,0,0,0,32,33,0
09-31-25,0,33,36,32,0,36,0,32,0,0,0,0,0,34,35,0
09-31-35,0,41,41,35,32,44,0,33,0,0,0,0,32,39,39,0
09-31-45,0,39,44,38,34,40,0,32,0,0,0,0,0,34,47,0
09-31-55,0,32,36,32,32,0,0,0,0,0,0,0,0,33,36,0
09-32-25,0,0,0,0,0,0,46,0,0,0,0,0,0,0,0,0
09-32-35,0,0,0,0,0,0,48,0,0,0,0,0,0,0,0,0
09-32-45,0,0,0,0,0,0,38,0,0,0,0,0,0,0,0,0
09-35-55,0,0,0,0,0,0,0,0,0,0,0,0,0,0,39,0
09-36-05,0,0,0,0,0,0,40,0,0,0,0,0,0,0,0,0
09-36-15,0,0,0,0,0,0,34,0,0,0,0,0,0,0,32,0
09-36-25,0,0,0,0,0,0,34,0,0,0,0,0,0,0,46,0
09-36-35,0,0,0,0,0,0,33,0,0,0,0,0,0,0,0,0
09-36-45,0,0,0,0,0,0,33,0,0,0,0,0,0,0,0,0
09-38-25,0,0,0,0,0,0,44,0,0,0,0,0,0,0,0,0
09-38-35,0,0,0,0,0,0,36,0,0,0,0,0,0,0,34,0
09-38-45,0,0,0,0,0,32,0,0,0,0,0,0,0,0,0,0
09-38-55,0,0,0,0,0,0,32,0,0,0,0,0,0,0,0,0
09-39-05,0,0,0,0,0,0,35,0,0,0,0,0,0,0,32,0
09-39-15,0,0,0,0,34,0,34,0,0,0,0,0,0,0,0,0
09-39-25,0,0,0,0,36,0,35,0,0,0,0,0,0,0,0,0
09-39-35,0,0,0,0,33,0,33,0,0,0,0,0,0,0,0,0
09-39-45,0,0,0,0,39,0,33,0,0,0,0,0,0,0,0,0
09-39-55,0,0,0,0,32,0,0,0,0,0,0,0,0,0,0,0
09-40-25,0,0,0,0,0,0,33,0,0,0,0,0,0,0,0,0
09-40-35,0,0,0,0,0,36,0,0,0,0,0,0,0,0,0,0
09-40-55,0,0,0,0,33,0,0,0,0,0,0,0,0,0,0,0
09-41-25,0,0,0,0,0,0,0,33,0,0,0,0,0,0,0,0
09-41-35,0,0,0,0,0,0,0,33,0,0,0,0,0,0,0,0
09-41-45,0,0,0,0,0,0,0,32,0,0,0,0,0,0,0,0
09-45-35,0,0,0,0,0,34,0,0,0,0,0,0,0,0,0,0
09-46-45,0,0,0,0,0,32,0,0,0,0,0,0,0,0,0,0
09-48-35,0,0,0,0,0,0,32,0,0,0,0,0,0,0,0,0
09-48-45,0,0,0,0,0,0,0,0,0,0,0,0,0,0,32,0
09-48-55,0,0,0,0,0,0,0,0,0,0,0,0,0,0,33,0
09-54-45,0,0,0,36,0,0,0,0,0,0,0,0,0,0,0,0
09-54-55,0,0,0,33,0,0,0,0,0,0,0,0,0,0,0,0
09-55-25,0,0,0,0,0,0,0,0,0,0,0,0,0,39,0,0
09-55-35,0,0,0,0,0,0,0,0,0,0,0,0,0,42,0,0
09-55-45,0,0,0,0,0,0,0,0,0,0,0,0,0,37,0,0
09-55-55,0,0,0,0,0,0,0,0,0,0,0,0,0,36,0,0
09-56-05,0,0,0,0,0,0,0,0,0,0,0,0,0,36,0,0
09-56-15,0,0,0,0,0,0,0,0,0,0,0,0,0,38,0,0
09-56-25,0,0,0,0,0,0,0,0,0,0,0,0,0,35,0,0
09-56-35,0,0,0,0,0,0,0,0,0,0,0,0,0,33,0,0
09-56-45,0,0,0,0,0,0,0,0,0,0,0,0,0,35,0,0
09-56-55,0,0,0,0,0,0,0,0,0,0,0,0,0,35,0,0
09-57-05,0,0,0,0,0,0,0,0,0,0,0,0,0,36,0,0
09-57-15,0,0,0,0,0,0,0,0,0,0,0,0,0,37,0,0
09-57-25,0,0,0,0,0,0,0,0,0,0,0,0,0,35,0,0
09-57-35,0,0,0,0,0,0,0,0,0,0,0,0,0,35,0,0
09-57-45,0,0,0,0,0,0,0,0,0,0,0,0,0,35,0,0
09-57-55,0,0,0,0,0,0,0,0,0,0,0,0,0,35,0,0
09-58-05,0,0,0,0,0,0,0,0,0,0,0,0,0,36,0,0
09-58-15,0,0,0,0,0,0,0,0,0,0,0,0,0,36,0,0
09-58-25,0,0,0,0,0,0,0,0,0,0,0,0,0,35,0,0
09-58-35,0,0,0,0,0,0,0,0,0,0,0,0,0,35,0,0
09-58-45,0,0,0,0,0,0,0,0,0,0,0,0,0,36,0,0
09-58-55,0,0,0,0,0,0,0,0,0,0,0,0,0,36,0,0
09-59-05,0,0,0,0,0,0,0,0,0,0,0,0,0,36,0,0
09-59-15,0,0,0,0,0,0,0,0,0,0,0,0,0,36,0,0
09-59-25,0,0,0,0,0,0,0,0,0,0,0,0,0,36,0,0
09-59-35,0,0,0,0,0,0,0,0,0,0,0,0,0,36,0,0
09-59-45,0,0,0,0,0,0,0,0,0,0,0,0,0,33,0,0
09-59-55,0,0,0,0,0,0,0,0,0,0,0,0,0,34,0,0
10-00-05,0,0,0,0,0,0,0,0,0,0,0,0,0,36,0,0
10-00-15,0,0,0,0,0,0,0,0,0,0,0,0,0,35,0,0
10-00-25,0,0,0,0,0,0,0,0,0,0,0,0,0,36,0,0
10-00-35,0,0,0,0,0,0,0,0,0,0,0,0,0,35,0,0
10-00-45,0,0,0,0,0,0,0,0,0,0,0,0,0,34,0,0
10-00-55,0,0,0,0,0,0,0,0,0,0,0,0,0,33,0,0
10-01-05,0,0,0,0,0,0,0,0,0,0,0,0,0,32,0,0
10-01-15,0,0,0,0,0,0,0,0,0,0,0,0,0,32,0,0
10-01-25,0,0,0,0,0,0,0,0,0,0,0,0,0,32,0,0
10-01-35,0,0,0,0,0,0,0,0,0,0,0,0,0,36,0,0
10-01-45,0,0,0,0,0,0,0,0,0,0,0,0,0,41,0,0
10-01-55,0,0,0,0,0,0,0,0,0,0,0,0,0,38,0,0
10-02-05,0,0,0,0,0,0,0,0,0,0,0,0,0,48,0,0
10-02-15,0,0,0,0,0,0,0,0,0,0,0,0,0,51,0,0
10-02-25,0,0,0,0,0,0,0,0,0,0,0,0,0,52,0,0
10-02-35,0,0,0,0,0,0,0,0,0,0,0,0,0,41,0,0
10-02-45,0,0,0,0,0,0,0,0,0,0,0,0,0,51,0,0
10-02-55,0,0,0,0,0,0,0,0,0,0,0,0,0,50,0,0
10-03-05,0,0,0,0,0,0,0,0,0,0,0,0,0,33,0,0
10-03-15,0,0,0,0,0,0,0,0,0,0,0,0,0,32,0,0
10-03-25,0,0,0,0,0,0,0,0,0,0,0,0,0,34,0,0
10-03-35,0,0,0,0,0,0,0,0,0,0,0,0,0,32,0,0
10-04-35,0,0,0,0,0,0,0,0,0,0,0,0,0,35,0,0
10-04-45,0,0,0,0,0,0,0,0,0,0,0,0,0,32,0,0
10-04-55,0,0,0,0,0,0,0,0,0,0,0,0,0,33,0,0
10-05-05,0,0,0,0,0,0,0,0,0,0,0,0,0,40,0,0
10-05-15,0,0,0,0,0,0,0,0,0,0,0,0,0,36,0,0
10-05-25,0,0,0,33,0,0,0,0,0,0,0,0,0,44,0,0
10-05-35,0,0,0,0,0,0,0,0,0,0,0,0,0,34,0,0
10-05-45,0,0,0,0,0,0,0,0,0,0,0,0,0,38,0,0
10-05-55,0,0,0,0,0,0,0,0,0,0,0,0,0,33,0,0
10-06-05,0,0,0,0,0,0,0,0,0,0,0,0,0,35,0,0
10-06-15,0,0,34,0,0,0,0,0,0,0,0,0,0,34,0,0
10-06-25,0,0,0,0,0,0,0,0,0,0,0,0,0,33,0,0
10-06-35,0,0,0,0,0,0,0,0,0,0,0,0,0,32,0,0
10-06-55,0,0,0,0,0,0,0,0,0,0,0,0,0,33,0,0
10-07-05,0,0,0,33,0,0,0,0,0,0,0,0,0,33,0,0
10-07-15,0,0,0,0,0,0,0,0,0,0,0,0,0,36,0,0
10-07-25,0,0,0,0,0,0,0,0,0,0,0,0,0,32,0,0
10-07-35,0,0,0,0,0,0,0,0,0,0,0,0,0,32,0,0
10-07-45,0,0,0,32,0,0,0,0,0,0,0,0,0,0,0,0
10-08-25,0,0,0,0,0,0,0,0,0,0,0,0,0,36,0,0
10-09-35,0,0,0,0,0,32,0,0,0,0,0,0,0,0,0,0
10-09-45,0,0,32,0,0,0,0,0,0,0,0,0,0,0,0,0
10-09-55,0,0,32,0,0,0,0,0,0,0,0,0,0,0,0,0
10-10-15,0,0,0,0,0,0,0,33,0,0,0,0,0,0,0,0
10-11-15,0,0,0,0,0,0,0,0,0,0,0,0,0,33,0,0
10-11-35,0,0,0,0,0,0,0,0,0,0,0,0,0,32,0,0
10-11-45,0,0,0,0,0,0,0,0,0,0,0,33,0,0,0,0
10-12-15,0,0,0,0,0,0,0,0,0,0,0,33,0,0,0,0
10-13-15,0,0,0,0,0,0,0,0,0,0,0,0,0,0,32,0
10-13-35,0,0,0,0,0,0,0,0,0,0,32,0,0,0,0,0
10-13-55,0,0,0,0,0,0,0,0,0,0,32,0,0,0,0,0
10-14-05,0,0,0,0,0,0,0,0,0,0,33,0,0,0,0,0
10-14-15,0,0,0,0,0,0,0,0,0,0,33,0,0,0,0,0
10-14-25,0,0,0,0,0,0,0,0,0,0,0,0,0,0,35,0
10-14-45,0,0,0,0,0,34,0,0,0,0,0,0,0,0,33,0
10-15-05,0,0,0,0,0,0,0,0,0,0,0,0,0,0,32,0
10-15-15,0,0,0,0,0,0,0,0,0,0,0,33,0,0,0,0
10-15-25,0,0,0,0,0,0,0,0,0,0,0,33,0,0,0,0
10-15-35,0,0,0,0,0,0,0,0,0,0,32,0,0,0,0,0
10-15-45,0,0,0,0,0,0,0,0,0,0,0,32,0,0,0,0
10-15-55,0,0,0,0,0,0,0,0,0,0,0,32,0,0,0,0
10-16-15,0,0,0,0,0,33,0,0,0,0,0,0,0,0,38,0
10-16-25,0,0,0,0,0,0,0,0,0,0,0,0,0,0,33,0
10-16-45,0,0,0,0,0,34,0,0,0,0,0,0,0,0,0,0
10-17-15,0,0,0,0,32,39,0,0,0,0,0,0,0,0,38,0
10-17-25,0,0,0,0,0,0,0,0,0,0,32,0,0,0,0,0
10-17-45,0,0,0,0,0,0,0,0,0,0,0,0,0,0,33,0
10-18-05,0,0,0,0,0,0,0,0,0,0,0,0,0,0,33,0
10-18-25,0,0,0,0,0,0,0,0,0,0,32,32,0,0,32,0
10-18-35,0,0,0,0,0,0,0,0,0,0,32,32,0,0,32,0
10-18-45,0,0,0,0,0,0,0,0,0,0,0,33,0,0,32,0
10-18-55,0,0,0,0,0,0,0,0,0,0,0,32,0,0,35,0
10-19-05,0,0,0,0,0,0,0,0,0,0,0,0,0,0,33,0
10-19-15,0,0,0,0,0,0,0,0,0,0,0,0,0,0,32,0
10-19-25,0,0,0,0,32,0,0,0,0,0,0,0,0,0,0,0
10-19-45,0,0,0,0,0,0,0,0,0,0,0,0,0,36,0,0
10-19-55,0,0,0,0,0,0,0,0,0,0,0,0,0,35,0,0
10-20-05,0,0,0,0,0,0,0,0,0,0,0,0,0,32,0,0
10-20-15,0,0,0,0,0,0,0,0,0,0,0,32,0,0,37,0
10-20-25,0,0,0,0,0,0,0,0,0,0,0,0,0,38,33,0
10-20-35,0,0,0,0,0,0,0,0,0,0,0,0,0,0,32,0
10-20-55,0,0,0,0,0,0,0,0,0,0,0,0,0,0,32,0
10-21-35,0,0,0,0,0,0,0,0,0,0,0,0,0,0,34,0
10-22-05,0,0,0,0,0,0,0,0,0,0,0,0,0,0,36,0
10-22-15,0,0,0,0,0,32,0,0,0,0,0,0,0,0,32,0
10-22-25,0,0,0,0,0,32,0,0,0,0,0,0,0,0,33,0
10-22-35,0,0,0,0,0,33,0,0,0,0,0,0,0,0,0,0
10-22-45,0,0,0,0,0,34,0,0,0,0,0,0,0,0,0,0
10-23-05,0,0,0,0,0,32,0,0,0,0,0,0,0,0,33,0
10-23-15,0,0,0,0,0,0,0,0,0,0,0,0,0,0,32,0
10-23-25,0,0,0,0,0,33,0,0,0,0,0,0,0,0,0,0
10-23-35,0,0,0,0,0,0,0,0,0,0,0,0,0,0,33,0
10-24-05,0,0,0,0,0,0,0,0,0,0,0,0,0,0,32,0
10-24-15,0,0,0,0,0,34,0,0,0,0,0,0,0,0,33,0
10-24-25,0,0,0,0,0,0,0,0,0,0,0,0,0,0,33,0
10-24-35,0,0,0,0,0,0,0,0,0,0,0,0,0,0,33,0
10-24-45,0,0,0,0,0,0,0,0,0,0,0,0,0,0,33,0
10-24-55,0,0,0,0,0,0,0,0,0,0,0,0,0,0,33,0
10-25-05,0,0,0,0,0,0,0,0,0,0,0,0,0,0,33,0
10-25-55,0,0,0,0,0,0,0,0,0,0,0,0,0,0,32,0
10-26-05,0,0,0,0,0,32,0,0,0,0,0,0,0,0,32,0
10-26-15,0,0,0,0,0,32,0,0,0,0,0,0,0,0,0,0
10-26-25,0,0,0,0,0,33,0,0,0,0,0,0,0,0,33,0
10-26-35,0,0,0,0,0,0,0,0,0,0,0,0,0,0,33,0
10-26-45,0,0,0,0,0,34,0,0,0,0,0,44,0,0,33,0
10-26-55,0,0,0,0,0,0,0,0,0,0,0,0,0,0,33,0
10-27-05,0,0,0,0,0,0,0,0,0,0,0,0,0,0,32,0
10-27-15,0,0,32,0,0,0,0,0,0,0,0,0,0,0,33,0
10-27-25,0,0,0,36,0,0,0,0,0,0,0,0,0,0,0,0
10-27-55,0,0,0,0,0,33,0,0,0,0,0,0,0,0,0,0
10-28-05,0,0,0,0,0,32,0,0,0,0,0,0,0,0,32,0
10-28-25,0,0,0,0,0,0,0,0,0,0,0,0,0,0,32,0
10-28-45,0,0,0,0,32,33,0,0,0,0,0,0,0,0,0,0
10-28-55,0,0,0,0,0,33,0,0,0,0,0,0,0,0,0,0
10-29-05,0,0,0,0,0,32,0,0,0,0,0,0,0,0,32,0
10-29-15,0,0,0,0,0,32,0,0,0,0,0,0,0,0,0,0
10-29-25,0,0,0,0,0,32,0,0,0,0,0,0,0,0,0,0
10-30-45,0,0,0,0,0,0,0,0,0,0,0,0,0,0,32,0
10-31-25,0,0,0,0,0,32,0,0,0,0,0,0,0,0,0,0
10-31-55,0,0,0,0,34,0,0,0,0,0,0,0,0,0,0,0
10-32-05,0,0,0,0,0,34,0,0,0,0,0,0,0,0,0,0
10-32-15,0,0,0,0,0,0,0,0,0,0,33,0,0,0,0,0
10-32-55,0,0,0,0,0,36,0,0,0,0,0,0,0,0,0,0
10-33-05,0,0,0,0,0,33,0,0,0,0,0,0,0,0,0,0
10-33-15,0,0,0,0,32,32,0,0,0,0,0,0,0,0,0,0
10-33-25,0,0,0,0,0,34,0,0,0,0,0,0,0,0,0,0
10-33-35,0,0,0,0,0,35,0,0,0,0,0,0,0,0,0,0
10-33-45,0,0,0,0,0,32,0,0,0,0,0,0,0,0,0,0
10-33-55,0,0,33,0,0,0,0,0,0,0,32,0,0,0,0,0
10-34-55,0,0,0,0,0,34,0,0,0,0,0,0,0,0,0,0
10-35-15,0,0,0,0,0,33,0,0,0,0,0,0,0,0,0,0
10-35-45,0,0,0,0,0,35,0,0,0,0,0,0,0,0,0,0
10-36-05,0,0,0,0,0,33,0,0,0,0,0,0,0,0,0,0
10-36-35,0,0,0,0,0,32,0,0,0,0,0,0,0,33,0,0
10-36-45,0,0,0,0,0,32,0,0,0,0,0,0,0,0,0,0
10-36-55,0,0,0,0,0,32,0,0,0,0,0,0,0,0,0,0
10-37-05,0,0,0,0,0,33,0,0,0,0,0,0,0,0,0,0
10-37-45,0,0,0,0,0,32,0,0,0,0,0,0,0,0,0,0
10-38-05,0,0,0,0,0,32,0,0,0,0,0,0,0,0,0,0
10-38-25,0,0,0,0,0,33,0,0,0,0,0,0,0,0,0,0
10-38-35,0,0,0,0,0,33,0,0,0,0,0,0,0,0,0,0
10-38-45,0,0,0,0,0,32,0,0,0,0,0,0,0,0,0,0
10-38-55,0,0,0,0,0,34,0,0,0,0,0,0,0,0,0,0
10-39-05,0,0,0,0,0,33,0,0,0,0,0,0,0,0,0,0
10-39-55,0,0,0,0,0,0,0,0,0,0,0,34,0,34,0,0
10-40-15,0,0,0,0,0,33,0,0,0,0,0,0,0,0,0,0
10-40-25,0,0,0,0,0,33,0,0,0,0,0,0,0,0,0,0
10-40-35,0,0,0,0,0,33,0,0,0,0,0,0,0,0,0,0
10-41-45,0,0,0,0,0,33,0,0,0,0,0,0,0,0,0,0
10-41-55,0,0,0,0,0,37,0,0,0,0,0,0,0,0,0,0
10-42-35,0,0,0,0,0,32,0,0,0,0,0,0,0,0,0,0
10-43-35,0,0,0,0,0,0,0,0,0,0,0,0,0,0,32,0
10-44-25,0,0,0,0,0,0,0,0,0,0,0,0,0,0,32,0
10-44-45,0,0,0,0,0,32,0,0,0,0,0,0,0,0,0,0
10-47-35,0,0,0,0,0,0,32,0,0,0,0,0,0,0,0,0
10-47-45,0,0,0,0,0,0,33,0,0,0,0,0,0,0,0,0
10-47-55,0,0,0,0,0,0,32,0,0,0,0,0,0,0,0,0
10-49-05,0,0,0,0,0,0,32,0,0,0,0,0,0,0,0,0
10-49-35,0,0,0,0,0,0,0,0,0,0,33,0,0,0,0,0
10-49-45,0,0,0,0,0,32,0,0,0,0,0,0,0,0,0,0
10-49-55,0,0,0,0,0,0,32,0,0,0,0,0,0,0,0,0
10-50-05,0,0,0,0,0,0,47,0,0,0,0,0,0,0,0,0
10-50-15,0,0,0,0,0,0,38,0,0,0,0,0,0,0,0,0
10-51-35,0,0,0,0,0,0,32,0,0,0,0,0,0,0,0,0
10-52-45,0,0,32,0,0,0,0,0,0,0,0,0,0,0,0,0
10-52-55,0,0,0,0,0,0,32,0,0,0,0,0,0,0,0,0
10-53-25,0,0,0,0,0,0,32,0,0,0,0,0,0,0,0,0
10-54-15,0,0,0,0,0,0,0,0,0,0,0,0,0,0,34,0
10-57-15,0,0,0,0,0,0,0,0,0,0,0,0,0,32,0,0
10-57-35,0,0,0,0,0,0,0,0,0,0,0,0,0,0,32,0
10-57-55,0,0,0,0,0,0,0,0,0,0,32,0,0,34,0,0
10-58-05,0,0,0,0,0,0,0,0,0,0,0,0,0,32,0,0
11-05-25,0,0,34,0,0,0,0,0,0,0,0,0,0,0,0,0
11-09-25,0,0,0,0,0,0,38,0,0,0,0,0,0,0,0,0
11-09-35,0,0,0,0,0,0,38,0,0,0,0,0,0,0,0,0
11-09-45,0,0,0,0,0,0,35,0,0,0,0,0,0,0,0,0
11-11-45,0,0,0,0,0,34,0,0,0,0,0,0,0,0,0,0
11-12-35,0,0,0,0,0,0,33,0,0,0,0,0,0,0,0,0
11-12-45,0,0,0,0,0,0,32,0,0,0,0,0,0,0,0,0
11-16-15,0,0,0,0,0,34,36,0,0,0,0,0,0,0,0,0
11-16-45,0,0,0,0,0,0,0,0,0,0,0,0,0,0,32,0
11-17-15,0,0,0,0,0,0,0,0,0,0,0,0,0,35,0,0
11-18-05,0,0,0,0,32,0,0,0,0,0,0,0,0,0,0,0
11-18-25,0,0,0,0,32,0,0,0,0,0,0,0,0,0,0,0
11-18-55,0,0,0,0,42,0,0,0,0,0,0,0,0,0,0,0
11-19-05,0,0,0,0,33,0,0,0,0,0,0,0,0,0,0,0
11-19-15,0,0,0,0,32,0,0,0,0,0,0,0,0,0,0,0
11-19-25,0,0,0,0,33,0,0,0,0,0,0,0,0,0,0,0
11-19-35,0,0,0,0,33,0,0,0,0,0,0,0,0,0,0,0
11-19-45,0,0,0,0,34,0,0,0,0,0,0,0,0,0,0,0
11-19-55,0,33,0,0,0,0,0,0,0,0,0,0,32,0,0,0
11-20-05,0,32,0,0,0,0,0,0,0,0,0,0,0,0,0,0
11-20-15,0,0,0,0,32,0,0,0,0,0,0,0,0,0,0,0
11-21-05,0,0,0,0,0,0,0,0,0,0,0,0,0,32,0,0
11-21-25,0,0,0,0,34,0,0,0,0,0,0,0,0,32,0,0
11-23-15,0,0,35,0,0,32,0,0,0,0,0,0,0,0,0,0
11-23-25,0,0,0,0,0,0,35,0,0,0,0,0,0,37,0,0
11-26-05,0,0,0,0,0,0,33,0,0,0,0,0,0,32,0,0
11-27-05,0,0,0,0,0,0,0,0,0,0,0,0,0,34,0,0
11-27-15,0,0,0,0,0,0,0,0,0,0,0,0,0,35,0,0
11-27-25,0,0,0,0,0,0,0,0,0,0,0,0,0,32,0,0
11-27-35,0,0,0,0,0,0,0,0,0,0,0,0,0,34,0,0
11-27-45,0,0,0,0,0,32,0,0,0,0,0,0,0,32,0,0
11-28-05,0,0,0,0,0,0,0,0,0,0,0,0,0,0,32,0
11-28-25,0,0,0,0,0,33,0,0,0,0,0,0,0,0,33,0
11-29-25,0,0,0,0,0,0,0,0,0,0,0,0,0,32,0,0
11-30-25,0,0,0,0,0,0,33,0,0,0,0,0,0,0,0,0
11-31-05,0,0,0,0,0,33,40,0,0,0,0,0,0,0,0,0
11-31-35,0,0,0,0,32,0,32,0,0,0,0,0,0,33,33,0
11-31-45,0,0,0,0,0,0,0,0,0,0,0,0,0,34,0,0
11-31-55,0,0,0,0,33,35,0,0,0,0,0,0,0,46,33,0
11-32-15,0,0,0,0,0,32,0,0,0,0,0,0,0,0,0,0
11-32-25,0,0,0,0,0,33,32,0,0,0,0,0,0,0,0,0
11-32-45,0,0,0,0,0,32,0,0,0,0,0,0,0,32,32,0
11-32-55,0,0,0,0,0,35,0,0,0,0,0,0,0,0,33,0
11-33-05,0,0,0,33,40,33,0,0,0,0,32,0,0,33,33,0
11-33-15,0,0,0,0,0,33,0,0,0,0,0,0,0,0,0,0
11-33-25,0,0,0,0,0,0,0,0,0,0,0,0,0,0,32,0
11-33-35,0,0,0,0,0,32,0,0,0,0,0,0,0,0,32,0
11-33-55,0,0,0,0,0,0,0,0,0,0,0,0,0,0,33,0
11-34-25,0,0,0,0,0,0,0,0,0,0,0,0,0,0,32,0
11-34-35,0,0,0,0,0,33,0,0,0,0,0,0,0,0,0,0
11-35-05,0,0,0,0,0,0,0,0,0,0,0,0,0,0,32,0
11-36-05,0,0,0,0,0,0,0,0,0,0,0,0,0,33,0,0
11-36-35,0,0,0,0,0,0,0,0,0,0,0,0,0,34,0,0
11-36-45,0,0,0,0,0,0,0,0,0,0,0,0,0,32,0,0
11-37-05,0,0,0,0,0,0,0,0,0,0,0,0,0,38,0,0
11-42-05,0,0,0,0,0,0,32,0,0,0,0,0,0,0,0,0
11-42-15,0,0,0,0,0,0,33,0,0,0,0,0,0,0,0,0
11-42-25,0,0,0,0,0,0,33,0,0,0,0,0,0,0,0,0
11-42-35,0,0,0,0,0,0,34,0,0,0,32,0,0,0,0,0
11-42-45,0,0,0,0,0,0,33,0,0,0,0,0,0,0,0,0
11-42-55,0,0,0,0,0,0,32,0,0,0,0,0,0,0,0,0
11-43-05,0,0,0,0,0,0,32,0,0,0,0,0,0,0,0,0
11-43-15,0,0,0,0,0,0,33,0,0,0,0,0,0,0,0,0
11-43-25,0,0,0,0,0,0,32,0,0,0,0,0,0,0,0,0
11-43-35,0,0,0,0,0,0,35,0,0,0,0,0,0,0,0,0
11-43-45,0,0,0,0,0,0,36,0,0,0,0,0,0,0,0,0
11-43-55,0,0,0,0,0,0,35,0,0,0,0,0,0,0,0,0
11-44-05,0,0,0,0,0,0,36,0,0,0,0,0,0,0,0,0
11-44-15,0,0,0,0,0,0,32,0,0,0,0,0,0,0,0,0
11-44-25,0,0,0,0,0,0,39,0,0,0,0,0,0,0,0,0
11-44-35,0,0,0,0,0,0,39,0,0,0,0,0,0,0,0,0
11-44-45,0,0,0,0,0,0,37,0,0,0,0,0,0,0,0,0
11-44-55,0,0,0,0,0,0,37,0,0,0,0,0,0,0,0,0
11-45-05,0,0,0,0,0,0,36,0,0,0,0,0,0,0,0,0
11-45-15,0,0,0,0,0,0,36,0,0,0,0,0,0,0,0,0
11-45-25,0,0,0,0,0,32,39,0,0,0,0,0,0,0,0,0
11-45-35,0,0,0,0,0,0,33,0,0,0,0,0,0,0,0,0
11-45-45,0,0,0,0,0,0,35,0,0,0,0,0,0,0,0,0
11-45-55,0,0,0,0,0,0,34,0,0,0,0,0,0,0,0,0
11-46-05,0,0,0,0,0,0,35,0,0,0,0,0,0,0,0,0
11-46-15,0,0,0,0,0,0,38,0,0,0,0,0,0,0,0,0
11-46-25,0,0,0,0,0,0,37,0,0,0,0,0,0,0,0,0
11-46-35,0,0,0,0,0,0,33,0,0,0,0,0,0,0,0,0
11-46-45,0,0,0,0,0,0,33,0,0,0,0,0,0,0,0,0
11-46-55,0,0,0,0,0,0,36,0,0,0,0,0,0,0,0,0
11-47-05,0,0,0,0,0,0,52,0,0,0,0,0,0,0,0,0
11-47-15,0,0,0,0,0,0,46,0,0,0,0,0,0,0,0,0
11-47-25,0,0,0,0,0,0,47,0,0,0,0,0,0,0,0,0
11-47-35,0,0,0,0,0,0,44,0,0,0,0,0,0,0,0,0
11-47-45,0,0,0,0,0,0,44,0,0,0,0,0,0,0,0,0
11-47-55,0,0,0,0,0,0,41,0,0,0,0,0,0,0,0,0
11-48-05,0,0,0,0,0,0,32,0,0,0,0,0,0,0,0,0
11-48-15,0,0,0,0,0,0,36,0,0,0,0,0,0,0,0,0
11-48-25,0,0,0,0,0,0,37,0,0,0,0,0,0,0,0,0
11-48-35,0,0,0,0,0,0,41,0,0,0,0,0,0,0,0,0
11-48-45,0,0,0,0,0,0,38,0,0,0,0,0,0,0,0,0
11-48-55,0,0,0,0,0,0,37,0,0,0,0,0,0,0,0,0
11-49-05,0,0,0,0,0,0,37,0,0,0,0,0,0,0,0,0
11-49-15,0,0,0,0,0,0,38,0,0,0,0,0,0,0,0,0
11-49-25,0,0,0,0,0,0,38,0,0,0,0,0,0,0,0,0
11-49-35,0,0,0,0,0,0,38,0,0,0,0,0,0,0,0,0
11-49-55,0,0,33,0,0,0,0,0,0,0,0,0,0,0,0,0
11-50-15,0,0,0,0,0,32,0,0,0,0,0,0,0,0,0,0
11-50-25,0,0,0,0,0,0,0,0,0,0,0,0,0,40,0,0
11-50-55,0,0,0,0,0,34,32,0,0,0,0,0,0,0,0,0
11-51-05,0,0,0,0,0,0,33,0,0,0,0,0,0,0,33,0
11-51-15,0,0,0,0,0,0,32,0,0,0,0,0,0,0,33,0
11-51-25,0,0,0,0,0,0,37,0,0,0,0,0,0,0,0,0
11-51-35,0,0,0,0,0,34,34,0,0,0,0,0,0,0,0,0
11-51-45,0,0,0,0,0,34,35,0,0,0,0,0,0,0,0,0
11-51-55,0,0,0,0,0,37,32,0,0,0,0,0,0,0,0,0
11-52-15,0,0,0,0,0,32,0,0,0,0,0,0,0,0,0,0
11-52-55,0,0,0,0,0,0,0,0,0,0,0,0,0,0,34,0
11-53-35,0,0,0,0,0,32,0,0,0,0,0,0,0,0,0,0
11-53-45,0,0,0,0,0,38,0,0,0,0,0,0,0,0,0,0
11-54-15,0,0,0,0,0,34,32,0,0,0,0,0,0,0,0,0
11-54-25,0,0,0,0,0,32,40,0,0,0,0,0,0,0,0,0
11-54-35,0,0,32,0,0,32,39,0,0,0,0,0,0,0,0,0
11-55-05,0,0,0,0,0,0,0,0,0,0,0,0,0,40,0,0
11-55-15,0,0,0,0,0,0,0,0,0,0,0,0,0,39,0,0
11-55-35,0,0,0,0,0,0,0,0,0,0,0,0,0,33,0,0
11-55-45,0,0,0,0,0,0,0,0,0,0,0,0,0,33,0,0
11-55-55,0,0,0,0,0,0,0,0,0,0,0,0,0,32,0,0
11-56-05,0,0,0,0,0,0,0,0,0,0,0,0,0,34,0,0
12-03-55,0,0,0,0,0,0,0,0,0,0,49,0,0,0,0,0
12-04-05,0,0,0,0,0,0,0,0,0,0,35,0,0,0,0,0
12-04-15,0,0,0,0,0,0,0,0,0,0,33,0,0,0,0,0
12-04-35,0,0,0,0,0,0,0,0,0,0,33,0,0,0,0,0
12-05-15,0,0,0,0,0,0,0,0,0,0,33,0,0,0,0,0
12-05-45,0,0,0,0,0,0,0,0,0,0,32,0,0,0,0,0
12-06-05,0,0,0,0,0,0,0,0,0,0,32,0,0,0,0,0
12-06-45,0,0,0,0,0,0,0,0,0,0,35,0,0,0,0,0
12-06-55,0,0,0,0,0,0,0,0,0,0,39,0,0,0,0,0
12-07-05,0,0,0,0,0,0,0,0,0,0,32,0,0,0,0,0
12-07-15,0,0,0,0,0,0,0,0,0,0,36,0,0,0,0,0
12-07-25,0,0,0,0,0,0,0,0,0,0,33,0,0,0,0,0
12-09-15,0,0,0,0,0,0,0,0,0,0,0,0,0,0,32,0
12-15-55,0,0,0,0,0,32,0,0,0,0,0,0,0,0,0,0
12-36-35,0,0,0,0,0,32,0,0,0,0,0,0,0,0,0,0
12-36-55,0,0,0,0,0,32,0,0,0,0,0,0,0,0,0,0
13-37-45,0,0,0,0,0,0,32,0,0,0,0,0,0,0,0,0
13-37-55,0,0,0,0,0,0,32,0,0,0,0,0,0,0,0,0
14-12-05,0,0,0,0,0,0,32,0,0,0,0,0,0,0,0,0
14-12-15,0,0,0,0,0,0,35,0,0,0,0,0,0,0,0,0
14-12-25,0,0,0,0,0,0,34,0,0,0,0,0,0,0,0,0
14-12-35,0,0,0,0,0,0,33,0,0,0,0,0,0,0,0,0
14-12-45,0,0,0,0,0,0,32,0,0,0,0,0,0,0,0,0
14-14-05,0,0,0,0,0,0,0,0,0,0,0,0,0,41,0,0
14-14-15,0,0,0,0,0,0,0,0,0,0,0,0,0,38,0,0
14-14-25,0,0,0,0,0,0,0,0,0,0,0,0,0,39,0,0
14-14-35,0,0,0,0,0,0,0,0,0,0,0,0,0,40,0,0
14-14-45,0,0,0,0,0,0,0,0,0,0,0,0,0,35,0,0
14-14-55,0,0,0,0,0,0,0,0,0,0,0,0,0,33,0,0
14-15-05,0,0,0,0,0,0,0,0,0,0,0,0,0,39,0,0
14-15-15,0,0,0,0,0,0,0,0,0,0,0,0,0,34,0,0
14-15-25,0,0,0,0,0,0,0,0,0,0,0,0,0,33,0,0
14-15-35,0,0,0,0,0,0,0,0,0,0,0,0,0,35,0,0
14-15-45,0,0,0,0,0,0,0,0,0,0,0,0,0,62,0,0
14-15-55,0,0,0,0,0,0,0,0,0,0,0,0,0,69,0,0
14-16-05,0,0,0,0,0,0,0,0,0,0,0,0,0,69,0,0
14-16-15,0,0,0,0,0,0,0,0,0,0,0,0,0,65,0,0
14-23-35,0,0,0,0,0,0,0,0,0,0,0,0,0,32,0,0
14-30-05,0,0,0,0,0,0,32,0,0,0,0,0,0,0,0,0
14-34-05,0,0,0,0,0,0,0,0,0,0,0,0,0,33,0,0
14-40-35,0,0,0,0,0,0,0,0,0,0,0,0,0,32,0,0
14-54-25,0,0,0,0,0,0,32,0,0,0,0,0,0,0,0,0
14-55-15,0,0,0,0,0,0,32,0,0,0,0,0,0,0,0,0
16-16-25,0,0,0,0,0,0,0,0,0,0,32,0,0,0,0,0
16-19-05,0,0,0,0,0,0,0,0,0,0,32,0,0,0,0,0
16-21-35,0,0,33,0,0,0,32,0,0,0,0,0,0,32,0,0
16-21-45,0,35,45,0,35,0,42,0,0,0,0,0,33,57,0,33
16-21-55,0,35,45,0,35,0,43,0,0,0,0,0,33,57,0,33
16-22-05,0,35,45,0,35,0,42,0,0,0,0,0,33,57,0,33
16-22-15,0,34,44,0,35,0,43,0,0,0,0,0,33,57,0,32
16-22-25,0,35,45,0,36,0,43,0,0,0,0,0,33,57,0,33
16-22-35,0,34,45,0,36,0,43,0,0,0,0,0,34,57,0,33
16-22-45,0,34,45,0,36,0,43,0,0,0,0,0,33,57,0,33
16-22-55,0,35,46,0,35,0,43,0,0,0,0,0,34,57,0,32
16-23-05,0,34,45,0,35,0,43,0,0,0,0,0,33,57,0,33
16-23-15,0,34,45,0,35,0,43,0,0,0,0,0,33,57,0,33
16-23-25,0,35,46,0,35,0,43,0,0,0,0,0,34,57,0,33
16-23-35,0,34,45,0,35,0,43,0,0,0,0,0,34,57,0,32
16-23-45,0,34,45,0,35,0,43,0,0,0,0,0,33,57,0,32
16-23-55,0,34,45,0,35,0,43,0,0,0,0,0,34,57,0,33
16-24-05,0,34,44,0,36,0,43,0,0,0,0,0,34,57,0,33
16-24-15,0,34,45,0,35,0,43,0,0,0,0,0,34,57,0,33
16-24-25,0,34,46,0,35,0,43,0,0,0,0,0,34,57,0,33
16-24-35,0,34,45,0,36,0,43,0,0,0,0,0,34,56,0,32
16-24-45,0,34,45,0,36,0,43,0,0,0,0,0,33,57,0,32
16-24-55,0,34,45,0,35,0,43,0,0,0,0,0,34,57,0,33
16-25-05,0,34,46,0,35,0,43,0,0,0,0,0,34,56,0,32
16-25-15,0,34,45,0,35,0,43,0,0,0,0,0,34,56,0,32
16-25-25,0,34,45,0,35,0,43,0,0,0,0,0,34,57,0,33
16-25-35,0,34,45,0,36,0,43,0,0,0,0,0,33,56,0,33
16-25-45,0,34,45,0,36,0,43,0,0,0,0,0,33,57,0,33
16-25-55,0,34,46,0,35,0,43,0,0,0,0,0,34,57,0,33
16-26-05,0,34,46,0,36,0,43,0,0,0,0,0,34,57,0,32
16-26-15,0,34,45,0,35,0,42,0,0,0,0,0,34,57,0,32
16-26-25,0,34,45,0,36,0,43,0,0,0,0,0,34,56,0,33
16-26-35,0,34,45,0,35,0,43,0,0,0,0,0,34,57,0,32
16-26-45,0,34,46,0,35,0,43,0,0,0,0,0,34,56,0,33
16-26-55,0,34,45,0,35,0,43,0,0,0,0,0,34,57,0,33
16-27-05,0,34,45,0,35,0,42,0,0,0,0,0,34,56,0,32
16-27-15,0,34,45,0,35,0,43,0,0,0,0,0,34,56,0,32
16-27-25,0,34,45,0,35,0,43,0,0,0,0,0,34,57,0,33
16-27-35,0,34,45,0,35,0,43,0,0,0,0,0,34,57,0,33
16-27-45,0,34,45,0,35,0,43,0,0,0,0,0,34,57,0,33
16-27-55,0,34,45,0,36,0,43,0,0,0,0,0,33,56,0,32
16-28-05,0,34,45,0,35,0,43,0,0,0,0,0,33,57,0,33
16-28-15,0,34,45,0,36,0,43,0,0,0,0,0,34,56,0,33
16-28-25,0,34,44,0,36,0,43,0,0,0,0,0,33,57,0,33
16-28-35,0,34,45,0,36,0,43,0,0,0,0,0,33,57,0,32
16-28-45,0,34,45,0,35,0,43,0,0,0,0,0,33,56,0,32
16-28-55,0,34,45,0,35,0,43,0,0,0,0,0,34,57,0,33
16-29-05,0,34,46,0,35,0,43,0,0,0,0,0,34,56,0,32
16-29-15,0,34,46,0,35,0,43,0,0,0,0,0,34,57,0,33
16-29-25,0,34,45,0,36,0,42,0,0,0,0,0,34,57,0,33
16-29-35,0,34,46,0,35,0,43,0,0,0,0,0,34,57,0,32
16-29-45,0,34,45,0,35,0,43,0,0,0,0,0,34,57,0,32
16-29-55,0,34,45,0,36,0,43,0,0,0,0,0,34,57,0,33
16-30-05,0,34,45,0,35,0,43,0,0,0,0,0,34,57,0,33
16-30-15,0,34,44,0,35,0,43,0,0,0,0,0,34,57,0,33
16-30-25,0,34,46,0,35,0,43,0,0,0,0,0,34,57,0,33
16-30-35,0,34,46,0,35,0,43,0,0,0,0,0,34,57,0,33
16-30-45,0,34,46,0,35,0,44,0,0,0,0,0,34,56,0,32
16-30-55,0,34,44,0,35,0,43,0,0,0,0,0,33,57,0,32
16-31-05,0,34,46,0,35,0,43,0,0,0,0,0,34,57,0,33
16-31-15,0,34,45,0,35,0,43,0,0,0,0,0,34,57,0,32
16-31-25,0,34,46,0,36,0,42,0,0,0,0,0,33,56,0,33
16-31-35,0,34,46,0,35,0,43,0,0,0,0,0,34,57,0,33
16-31-45,0,34,45,0,35,0,44,0,0,0,0,0,34,56,0,32
16-31-55,0,34,46,0,35,0,43,0,0,0,0,0,34,57,0,33
16-32-05,0,34,46,0,35,0,43,0,0,0,0,0,34,57,0,33
16-32-15,0,34,45,0,35,0,43,0,0,0,0,0,33,56,0,32
16-32-25,0,34,46,0,35,0,43,0,0,0,0,0,34,57,0,33
16-32-35,0,34,46,0,36,0,43,0,0,0,0,0,34,57,0,33
16-32-45,0,34,45,0,35,0,43,0,0,0,0,0,34,56,0,33
16-32-55,0,34,45,0,35,0,43,0,0,0,0,0,33,56,0,32
16-33-05,0,34,46,0,35,0,43,0,0,0,0,0,34,57,0,33
16-33-15,0,34,45,0,35,0,43,0,0,0,0,0,34,57,0,32
16-33-25,0,34,45,0,36,0,43,0,0,0,0,0,33,57,0,33
16-33-35,0,34,46,0,36,0,43,0,0,0,0,0,33,57,0,33
16-33-45,0,34,44,0,35,0,43,0,0,0,0,0,33,57,0,33
16-33-55,0,34,45,0,36,0,43,0,0,0,0,0,34,57,0,32
16-34-05,0,34,45,0,36,0,43,0,0,0,0,0,34,57,0,32
16-34-15,0,34,45,0,35,0,44,0,0,0,0,0,33,57,0,33
16-34-25,0,34,45,0,36,0,43,0,0,0,0,0,34,57,0,32
16-34-35,0,34,44,0,35,0,43,0,0,0,0,0,34,57,0,33
16-34-45,0,34,45,0,35,0,43,0,0,0,0,0,34,57,0,32
16-34-55,0,34,45,0,36,0,43,0,0,0,0,0,34,57,0,33
16-35-05,0,34,45,0,36,0,43,0,0,0,0,0,33,57,0,33
16-35-15,0,34,45,0,36,0,43,0,0,0,0,0,34,57,0,32
16-35-25,0,34,46,0,35,0,43,0,0,0,0,0,34,56,0,32
16-35-35,0,35,44,0,35,0,43,0,0,0,0,0,34,57,0,32
16-35-45,0,34,45,0,35,0,43,0,0,0,0,0,34,57,0,33
16-35-55,0,34,46,0,36,0,43,0,0,0,0,0,34,57,0,33
16-36-05,0,34,45,0,35,0,43,0,0,0,0,0,34,57,0,33
16-36-15,0,34,45,0,35,0,43,0,0,0,0,0,33,57,0,33
16-36-25,0,34,45,0,35,0,43,0,0,0,0,0,34,57,0,32
16-36-35,0,34,46,0,35,0,43,0,0,0,0,0,34,56,0,33
16-36-45,0,34,44,0,35,0,43,0,0,0,0,0,34,56,0,33
16-36-55,0,34,45,0,36,0,43,0,0,0,0,0,34,57,0,32
16-37-05,0,34,45,0,35,0,43,0,0,0,0,0,34,57,0,32
16-37-15,0,34,45,0,35,0,43,0,0,0,0,0,33,57,0,32
16-37-25,0,34,46,0,35,0,43,0,0,0,0,0,34,57,0,33
16-37-35,0,34,45,0,35,0,43,0,0,0,0,0,34,57,0,33
16-37-45,0,34,45,0,36,0,43,0,0,0,0,0,34,57,0,32
16-37-55,0,34,45,0,35,0,43,0,0,0,0,0,34,57,0,33
16-38-05,0,34,45,0,36,0,43,0,0,0,0,0,33,57,0,33
16-38-15,0,34,45,0,36,0,43,0,0,0,0,0,34,57,0,33
16-38-25,0,34,45,0,36,0,43,0,0,0,0,0,34,57,0,33
16-38-35,0,34,45,0,35,0,43,0,0,0,0,0,34,58,0,33
16-38-45,0,34,44,0,35,0,43,0,0,0,0,0,34,57,0,32
16-38-55,0,34,45,0,36,0,43,0,0,0,0,0,34,57,0,33
16-39-05,0,34,46,0,35,0,43,0,0,0,0,0,34,57,0,32
16-39-15,0,34,45,0,35,0,43,0,0,0,0,0,33,57,0,33
16-39-25,0,34,45,0,36,0,43,0,0,0,0,0,34,57,0,32
16-39-35,0,34,45,0,36,0,43,0,0,0,0,0,34,57,0,33
16-39-45,0,34,45,0,36,0,43,0,0,0,0,0,34,57,0,32
16-39-55,0,34,46,0,35,0,43,0,0,0,0,0,34,56,0,32
16-40-05,0,34,45,0,35,0,43,0,0,0,0,0,34,57,0,32
16-40-15,0,34,46,0,36,0,43,0,0,0,0,0,33,57,0,32
16-40-25,0,34,45,0,35,0,42,0,0,0,0,0,33,56,0,33
16-40-35,0,34,45,0,35,0,43,0,0,0,0,0,34,57,0,33
16-40-45,0,34,45,0,36,0,43,0,0,0,0,0,34,57,0,33
16-40-55,0,34,45,0,35,0,43,0,0,0,0,0,34,57,0,33
16-41-05,0,34,45,0,35,0,43,0,0,0,0,0,34,57,0,32
16-41-15,0,34,45,0,35,0,43,0,0,0,0,0,33,56,0,32
16-41-25,0,34,46,0,35,0,43,0,0,0,0,0,33,56,0,33
16-41-35,0,34,45,0,35,0,43,0,0,0,0,0,33,57,0,32
16-41-45,0,34,45,0,35,0,43,0,0,0,0,0,34,56,0,32
16-41-55,0,34,45,0,36,0,43,0,0,0,0,0,34,57,0,32
16-42-05,0,34,45,0,36,0,42,0,0,0,0,0,34,57,0,32
16-42-15,0,34,46,0,35,0,43,0,0,0,0,0,34,57,0,33
16-42-25,0,34,45,0,36,0,43,0,0,0,0,0,34,57,0,33
16-42-35,0,34,45,0,36,0,43,0,0,0,0,0,34,57,0,32
16-42-45,0,34,45,0,35,0,43,0,0,0,0,0,33,57,0,33
16-42-55,0,34,45,0,35,0,43,0,0,0,0,0,33,57,0,33
16-43-05,0,34,45,0,35,0,43,0,0,0,0,0,34,57,0,32
16-43-15,0,34,45,0,35,0,43,0,0,0,0,0,33,57,0,32
16-43-25,0,34,45,0,36,0,43,0,0,0,0,0,34,56,0,33
16-43-35,0,34,45,0,35,0,43,0,0,0,0,0,34,57,0,33
16-43-45,0,34,46,0,35,0,43,0,0,0,0,0,34,57,0,33
16-43-55,0,34,45,0,36,0,43,0,0,0,0,0,34,57,0,33
16-44-05,0,34,45,0,36,0,43,0,0,0,0,0,34,57,0,33
16-44-15,0,34,45,0,36,0,43,0,0,0,0,0,34,57,0,32
16-44-25,0,34,45,0,36,0,43,0,0,0,0,0,33,57,0,33
16-44-35,0,34,45,0,36,0,43,0,0,0,0,0,34,57,0,33
16-44-45,0,34,45,0,35,0,43,0,0,0,0,0,34,57,0,33
16-44-55,0,34,45,0,36,0,42,0,0,0,0,0,34,57,0,33
16-45-05,0,34,45,0,35,0,43,0,0,0,0,0,34,57,0,33
16-45-15,0,34,45,0,35,0,43,0,0,0,0,0,34,57,0,32
16-45-25,0,34,45,0,35,0,43,0,0,0,0,0,34,57,0,33
16-45-35,0,34,45,0,35,0,43,0,0,0,0,0,33,57,0,32
16-45-45,0,34,45,0,36,0,43,0,0,0,0,0,34,57,0,33
16-45-55,0,34,46,0,35,0,43,0,0,0,0,0,34,57,0,33
16-46-05,0,34,45,0,35,0,43,0,0,0,0,0,34,57,0,33
16-46-15,0,34,46,0,35,0,43,0,0,0,0,0,34,56,0,32
16-46-25,0,34,45,0,35,0,43,0,0,0,0,0,34,57,0,33
16-46-35,0,34,46,0,35,0,43,0,0,0,0,0,34,57,0,32
16-46-45,0,34,45,0,35,0,43,0,0,0,0,0,34,56,0,33
16-46-55,0,34,45,0,35,0,43,0,0,0,0,0,33,57,0,32
16-47-05,0,34,45,0,36,0,43,0,0,0,0,0,34,57,0,33
16-47-15,0,34,45,0,36,0,43,0,0,0,0,0,33,57,0,33
16-47-25,0,34,46,0,36,0,43,0,0,0,0,0,34,57,0,33
16-47-35,0,34,45,0,35,0,43,0,0,0,0,0,34,57,0,33
16-47-45,0,34,45,0,35,0,43,0,0,0,0,0,34,57,0,32
16-47-55,0,34,45,0,36,0,43,0,0,0,0,0,34,57,0,33
16-48-05,0,34,45,0,36,0,43,0,0,0,0,0,34,57,0,32
16-48-15,0,34,45,0,35,0,43,0,0,0,0,0,34,57,0,33
16-48-25,0,34,45,0,35,0,43,0,0,0,0,0,34,57,0,32
16-48-35,0,34,45,0,35,0,43,0,0,0,0,0,34,57,0,33
16-48-45,0,34,45,0,35,0,43,0,0,0,0,0,34,57,0,32
16-48-55,0,34,45,0,35,0,43,0,0,0,0,0,33,57,0,33
16-49-05,0,34,45,0,35,0,43,0,0,0,0,0,34,57,0,33
16-49-15,0,34,45,0,36,0,43,0,0,0,0,0,34,57,0,32
16-49-25,0,34,45,0,35,0,43,0,0,0,0,0,34,57,0,33
16-49-35,0,34,45,0,35,0,42,0,0,0,0,0,34,57,0,33
16-49-45,0,34,44,0,36,0,43,0,0,0,0,0,33,57,0,33
16-49-55,0,34,45,0,35,0,42,0,0,0,0,0,34,56,0,32
16-50-05,0,34,45,0,35,0,43,0,0,0,0,0,34,57,0,33
16-50-15,0,34,46,0,35,0,43,0,0,0,0,0,34,56,0,33
16-50-25,0,33,45,0,36,0,43,0,0,0,0,0,34,57,0,33
16-50-35,0,34,44,0,35,0,43,0,0,0,0,0,34,57,0,33
16-50-45,0,34,45,0,36,0,43,0,0,0,0,0,34,56,0,32
16-50-55,0,34,45,0,36,0,43,0,0,0,0,0,34,56,0,33
16-51-05,0,34,45,0,35,0,43,0,0,0,0,0,34,57,0,32
16-51-15,0,34,45,0,36,0,43,0,0,0,0,0,34,57,0,32
16-51-25,0,34,45,0,35,0,43,0,0,0,0,0,34,56,0,33
16-51-35,0,34,45,0,36,0,43,0,0,0,0,0,34,56,0,33
16-51-45,0,34,45,0,35,0,43,0,0,0,0,0,34,57,0,33
16-51-55,0,34,46,0,36,0,43,0,0,0,0,0,33,57,0,32
16-52-05,0,34,45,0,36,0,43,0,0,0,0,0,34,56,0,32
16-52-15,0,34,45,0,35,0,43,0,0,0,0,0,34,56,0,33
16-52-25,0,34,46,0,35,0,43,0,0,0,0,0,33,57,0,33
16-52-35,0,34,46,0,36,0,43,0,0,0,0,0,34,57,0,33
16-52-45,0,34,45,0,36,0,43,0,0,0,0,0,34,57,0,33
16-52-55,0,34,46,0,35,0,43,0,0,0,0,0,34,57,0,33
16-53-05,0,34,46,0,35,0,43,0,0,0,0,0,33,57,0,33
16-53-15,0,34,46,0,35,0,43,0,0,0,0,0,34,57,0,32
16-53-25,0,34,45,0,35,0,43,0,0,0,0,0,33,57,0,32
16-53-35,0,34,45,0,35,0,43,0,0,0,0,0,34,57,0,33
16-53-45,0,34,45,0,35,0,43,0,0,0,0,0,34,57,0,32
16-53-55,0,34,45,0,36,0,43,0,0,0,0,0,34,57,0,32
16-54-05,0,34,45,0,36,0,43,0,0,0,0,0,33,56,0,33
16-54-15,0,34,45,0,35,0,43,0,0,0,0,0,34,57,0,32
16-54-25,0,34,45,0,36,0,43,0,0,0,0,0,34,56,0,33
16-54-35,0,34,46,0,35,0,43,0,0,0,0,0,33,56,0,33
16-54-45,0,34,46,0,36,0,43,0,0,0,0,0,34,57,0,33
16-54-55,0,34,44,0,35,0,43,0,0,0,0,0,34,57,0,33
16-55-05,0,34,44,0,36,0,43,0,0,0,0,0,34,57,0,33
16-55-15,0,34,45,0,35,0,43,0,0,0,0,0,33,57,0,32
16-55-25,0,33,44,0,35,0,43,0,0,0,0,0,33,56,0,33
16-55-35,0,34,46,0,35,0,43,0,0,0,0,0,34,57,0,33
16-55-45,0,34,45,0,36,0,43,0,0,0,0,0,34,57,0,32
16-55-55,0,34,45,0,35,0,43,0,0,0,0,0,34,57,0,33
16-56-05,0,34,45,0,36,0,44,0,0,0,0,0,34,56,0,33
16-56-15,0,34,45,0,35,0,43,0,0,0,0,0,34,57,0,33
16-56-25,0,34,44,0,35,0,43,0,0,0,0,0,33,57,0,33
16-56-35,0,34,45,0,35,0,43,0,0,0,0,0,34,56,0,32
16-56-45,0,34,44,0,35,0,43,0,0,0,0,0,34,57,0,33
16-56-55,0,34,45,0,35,0,43,0,0,0,0,0,33,57,0,32
16-57-05,0,34,45,0,36,0,43,0,0,0,0,0,34,56,0,32
16-57-15,0,34,45,0,35,0,43,0,0,0,0,0,33,56,0,33
16-57-25,0,34,45,0,36,0,43,0,0,0,0,0,34,57,0,32
16-57-35,0,34,45,0,35,0,43,0,0,0,0,0,34,57,0,33
16-57-45,0,34,45,0,35,0,43,0,0,0,0,0,34,57,0,33
16-57-55,0,33,45,0,35,0,43,0,0,0,0,0,34,57,0,33
16-58-05,0,34,45,0,36,0,43,0,0,0,0,0,34,57,0,33
16-58-15,0,34,45,0,35,0,43,0,0,0,0,0,33,57,0,32
16-58-25,0,34,44,0,35,0,43,0,0,0,0,0,34,57,0,32
16-58-35,0,34,46,0,35,0,43,0,0,0,0,0,34,57,0,33
16-58-45,0,34,44,0,35,0,43,0,0,0,0,0,34,57,0,33
16-58-55,0,34,44,0,35,0,43,0,0,0,0,0,34,56,0,33
16-59-05,0,34,45,0,35,0,42,0,0,0,0,0,34,57,0,33
16-59-15,0,33,45,0,36,0,42,0,0,0,0,0,33,57,0,33
16-59-25,0,34,45,0,36,0,43,0,0,0,0,0,34,57,0,32
16-59-35,0,34,45,0,35,0,43,0,0,0,0,0,33,56,0,33
16-59-45,0,34,45,0,36,0,42,0,0,0,0,0,34,56,0,33
16-59-55,0,34,45,0,35,0,43,0,0,0,0,0,34,57,0,33
17-00-05,0,34,46,0,36,0,43,0,0,0,0,0,34,57,0,33
17-00-15,0,33,46,0,35,0,43,0,0,0,0,0,34,57,0,33
17-00-25,0,34,45,0,36,0,43,0,0,0,0,0,34,57,0,32
17-00-35,0,34,45,0,36,0,43,0,0,0,0,0,34,57,0,33
17-00-45,0,34,45,0,36,0,43,0,0,0,0,0,34,57,0,33
17-00-55,0,34,44,0,35,0,43,0,0,0,0,0,34,56,0,32
17-01-05,0,33,45,0,36,0,43,0,0,0,0,0,34,57,0,32
17-01-15,0,34,45,0,35,0,43,0,0,0,0,0,34,56,0,32
17-01-25,0,33,45,0,35,0,43,0,0,0,0,0,34,57,0,32
17-01-35,0,34,46,0,36,0,43,0,0,0,0,0,33,57,0,33
17-01-45,0,34,45,0,35,0,43,0,0,0,0,0,34,56,0,33
17-01-55,0,33,45,0,35,0,43,0,0,0,0,0,34,57,0,33
17-02-05,0,33,44,0,36,0,43,0,0,0,0,0,34,57,0,32
17-02-15,0,34,45,0,36,0,43,0,0,0,0,0,34,56,0,33
17-02-25,0,34,44,0,35,0,43,0,0,0,0,0,34,57,0,33
17-02-35,0,34,45,0,35,0,43,0,0,0,0,0,34,57,0,33
17-02-45,0,34,45,0,35,0,43,0,0,0,0,0,34,57,0,32
17-02-55,0,33,46,0,36,0,42,0,0,0,0,0,34,57,0,33
17-03-05,0,34,45,0,36,0,43,0,0,0,0,0,34,57,0,32
17-03-15,0,34,45,0,36,0,43,0,0,0,0,0,34,57,0,32
17-03-25,0,34,46,0,36,0,43,0,0,0,0,0,34,57,0,33
17-03-35,0,33,45,0,36,0,43,0,0,0,0,0,34,57,0,33
17-03-45,0,34,46,0,35,0,42,0,0,0,0,0,34,57,0,32
17-03-55,0,33,45,0,36,0,43,0,0,0,0,0,33,58,0,32
17-04-05,0,34,46,0,36,0,43,0,0,0,0,0,34,56,0,33
17-04-15,0,34,46,0,35,0,43,0,0,0,0,0,33,57,0,32
17-04-25,0,34,45,0,36,0,43,0,0,0,0,0,34,57,0,33
17-04-35,0,34,45,0,35,0,43,0,0,0,0,0,34,57,0,32
17-04-45,0,33,45,0,35,0,42,0,0,0,0,0,33,57,0,32
17-04-55,0,34,45,0,36,0,43,0,0,0,0,0,34,57,0,32
17-05-05,0,34,44,0,35,0,43,0,0,0,0,0,34,56,0,33
17-05-15,0,34,44,0,35,0,43,0,0,0,0,0,34,57,0,32
17-05-25,0,34,44,0,36,0,43,0,0,0,0,0,34,57,0,33
17-05-35,0,34,45,0,35,0,44,0,0,0,0,0,34,56,0,33
17-05-45,0,34,45,0,35,0,43,0,0,0,0,0,34,56,0,32
17-05-55,0,34,45,0,35,0,43,0,0,0,0,0,34,57,0,32
17-06-05,0,34,45,0,36,0,43,0,0,0,0,0,34,57,0,32
17-06-15,0,34,44,0,35,0,43,0,0,0,0,0,34,57,0,32
17-06-25,0,33,45,0,36,0,43,0,0,0,0,0,34,57,0,33
17-06-35,0,34,45,0,36,0,43,0,0,0,0,0,33,56,0,33
17-06-45,0,34,45,0,36,0,43,0,0,0,0,0,34,57,0,33
17-06-55,0,34,46,0,36,0,43,0,0,0,0,0,34,57,0,33
17-07-05,0,34,45,0,35,0,43,0,0,0,0,0,34,57,0,33
17-07-15,0,34,46,0,36,0,43,0,0,0,0,0,34,57,0,33
17-07-25,0,34,45,0,35,0,43,0,0,0,0,0,34,57,0,33
17-07-35,0,34,45,0,35,0,43,0,0,0,0,0,34,57,0,33
17-07-45,0,34,45,0,36,0,43,0,0,0,0,0,34,57,0,32
17-07-55,0,34,45,0,35,0,43,0,0,0,0,0,34,57,0,33
17-08-05,0,34,46,0,35,0,43,0,0,0,0,0,34,56,0,33
17-08-15,0,34,45,0,35,0,43,0,0,0,0,0,34,57,0,33
17-08-25,0,34,44,0,36,0,43,0,0,0,0,0,34,56,0,32
17-08-35,0,34,45,0,36,0,43,0,0,0,0,0,34,57,0,33
17-08-45,0,34,45,0,35,0,43,0,0,0,0,0,33,56,0,32
17-08-55,0,34,44,0,36,0,43,0,0,0,0,0,33,57,0,33
17-09-05,0,34,45,0,35,0,43,0,0,0,0,0,34,56,0,32
17-09-15,0,34,45,0,35,0,43,0,0,0,0,0,34,57,0,33
17-09-25,0,34,45,0,36,0,43,0,0,0,0,0,33,57,0,33
17-09-35,0,34,45,0,36,0,43,0,0,0,0,0,34,56,0,33
17-09-45,0,34,45,0,35,0,43,0,0,0,0,0,34,57,0,33
17-09-55,0,34,45,0,36,0,43,0,0,0,0,0,34,57,0,32
17-10-05,0,34,46,0,36,0,43,0,0,0,0,0,34,57,0,32
17-10-15,0,34,45,0,36,0,43,0,0,0,0,0,34,57,0,33
17-10-25,0,34,46,0,35,0,43,0,0,0,0,0,34,57,0,33
17-10-35,0,34,45,0,35,0,43,0,0,0,0,0,33,57,0,33
17-10-45,0,34,45,0,36,0,43,0,0,0,0,0,34,57,0,33
17-10-55,0,34,45,0,36,0,43,0,0,0,0,0,34,57,0,33
17-11-05,0,34,46,0,35,0,43,0,0,0,0,0,34,57,0,33
17-11-15,0,33,44,0,35,0,43,0,0,0,0,0,34,57,0,33
17-11-25,0,34,46,0,35,0,43,0,0,0,0,0,34,57,0,33
17-11-35,0,33,45,0,35,0,43,0,0,0,0,0,34,57,0,33
17-11-45,0,33,45,0,36,0,43,0,0,0,0,0,34,57,0,33
17-11-55,0,34,45,0,36,0,43,0,0,0,0,0,34,57,0,33
17-12-05,0,33,45,0,35,0,43,0,0,0,0,0,34,56,0,32
17-12-15,0,34,45,0,36,0,43,0,0,0,0,0,34,57,0,32
17-12-25,0,34,46,0,36,0,43,0,0,0,0,0,34,57,0,33
17-12-35,0,34,46,0,36,0,43,0,0,0,0,0,34,57,0,33
17-12-45,0,34,45,0,35,0,43,0,0,0,0,0,34,57,0,33
17-12-55,0,33,45,0,36,0,43,0,0,0,0,0,34,57,0,33
17-13-05,0,34,46,0,35,0,43,0,0,0,0,0,34,57,0,33
17-13-15,0,34,46,0,36,0,43,0,0,0,0,0,33,57,0,33
17-13-25,0,34,45,0,35,0,43,0,0,0,0,0,34,57,0,32
17-13-35,0,33,45,0,35,0,43,0,0,0,0,0,33,58,0,33
17-13-45,0,34,46,0,35,0,43,0,0,0,0,0,34,57,0,32
17-13-55,0,34,45,0,36,0,43,0,0,0,0,0,33,57,0,33
17-14-05,0,34,45,0,36,0,43,0,0,0,0,0,33,57,0,33
17-14-15,0,33,45,0,36,0,43,0,0,0,0,0,34,57,0,33
17-14-25,0,33,45,0,36,0,43,0,0,0,0,0,33,57,0,33
17-14-35,0,33,44,0,35,0,43,0,0,0,0,0,34,57,0,33
17-14-45,0,34,45,0,35,0,43,0,0,0,0,0,34,57,0,32
17-14-55,0,34,45,0,35,0,43,0,0,0,0,0,34,57,0,32
17-15-05,0,34,45,0,36,0,43,0,0,0,0,0,34,57,0,32
17-15-15,0,34,45,0,36,0,43,0,0,0,0,0,34,56,0,32
17-15-25,0,34,46,0,36,0,43,0,0,0,0,0,34,57,0,33
17-15-35,0,34,45,0,36,0,43,0,0,0,0,0,34,57,0,33
17-15-45,0,33,45,0,36,0,43,0,0,0,0,0,34,57,0,32
17-15-55,0,33,45,0,35,0,43,0,0,0,0,0,34,57,0,33
17-16-05,0,34,45,0,36,0,43,0,0,0,0,0,33,56,0,33
17-16-15,0,34,45,0,35,0,43,0,0,0,0,0,34,56,0,33
17-16-25,0,34,45,0,35,0,43,0,0,0,0,0,34,56,0,33
17-16-35,0,34,46,0,35,0,43,0,0,0,0,0,33,57,0,32
17-16-45,0,34,45,0,36,0,43,0,0,0,0,0,34,57,0,32
17-16-55,0,34,46,0,36,0,42,0,0,0,0,0,34,57,0,33
17-17-05,0,34,45,0,35,0,43,0,0,0,0,0,34,57,0,32
17-17-15,0,33,45,0,35,0,43,0,0,0,0,0,34,57,0,33
17-17-25,0,33,46,0,36,0,43,0,0,0,0,0,34,57,0,33
17-17-35,0,33,45,0,36,0,43,0,0,0,0,0,34,57,0,33
17-17-45,0,34,45,0,36,0,43,0,0,0,0,0,33,57,0,33
17-17-55,0,33,46,0,35,0,43,0,0,0,0,0,34,57,0,32
17-18-05,0,33,45,0,35,0,43,0,0,0,0,0,34,57,0,33
17-18-15,0,33,45,0,35,0,43,0,0,0,0,0,34,57,0,32
17-18-25,0,34,46,0,36,0,42,0,0,0,0,0,33,57,0,33
17-18-35,0,34,46,0,36,0,43,0,0,0,0,0,34,57,0,33
17-18-45,0,34,45,0,35,0,43,0,0,0,0,0,33,57,0,33
17-18-55,0,34,45,0,35,0,43,0,0,0,0,0,34,57,0,33
17-19-05,0,34,46,0,35,0,43,0,0,0,0,0,34,57,0,32
17-19-15,0,33,46,0,36,0,43,0,0,0,0,0,34,57,0,33
17-19-25,0,33,45,0,35,0,43,0,0,0,0,0,34,57,0,32
17-19-35,0,33,45,0,35,0,43,0,0,0,0,0,34,56,0,33
17-19-45,0,33,45,0,35,0,43,0,0,0,0,0,34,57,0,32
17-19-55,0,34,45,0,35,0,43,0,0,0,0,0,34,57,0,33
17-20-05,0,33,45,0,36,0,43,0,0,0,0,0,34,57,0,32
17-20-15,0,34,45,0,36,0,42,0,0,0,0,0,34,57,0,33
17-20-25,0,33,45,0,35,0,43,0,0,0,0,0,34,57,0,32
17-20-35,0,33,46,0,35,0,43,0,0,0,0,0,34,57,0,32
17-20-45,0,33,45,0,36,0,43,0,0,0,0,0,34,57,0,32
17-20-55,0,33,44,0,35,0,43,0,0,0,0,0,33,57,0,33
17-21-05,0,34,45,0,36,0,43,0,0,0,0,0,34,57,0,33
17-21-15,0,34,46,0,35,0,43,0,0,0,0,0,34,56,0,32
17-21-25,0,33,45,0,35,0,43,0,0,0,0,0,34,57,0,33
17-21-35,0,34,45,0,36,0,42,0,0,0,0,0,34,57,0,32
17-21-45,0,33,45,0,35,0,43,0,0,0,0,0,34,57,0,33
17-21-55,0,34,45,0,35,0,43,0,0,0,0,0,34,57,0,33
17-22-05,0,34,46,0,36,0,43,0,0,0,0,0,33,57,0,33
17-22-15,0,33,45,0,35,0,43,0,0,0,0,0,34,57,0,33
17-22-25,0,33,45,0,36,0,43,0,0,0,0,0,34,56,0,32
17-22-35,0,33,46,0,35,0,43,0,0,0,0,0,34,57,0,33
17-22-45,0,34,45,0,35,0,43,0,0,0,0,0,34,57,0,33
17-22-55,0,34,45,0,35,0,43,0,0,0,0,0,34,57,0,33
17-23-05,0,33,45,0,36,0,43,0,0,0,0,0,34,57,0,33
17-23-15,0,33,45,0,35,0,43,0,0,0,0,0,34,56,0,33
17-23-25,0,34,45,0,35,0,43,0,0,0,0,0,34,57,0,32
17-23-35,0,34,45,0,36,0,43,0,0,0,0,0,34,56,0,32
17-23-45,0,34,45,0,36,0,43,0,0,0,0,0,33,57,0,32
17-23-55,0,34,45,0,35,0,43,0,0,0,0,0,34,58,0,33
17-24-05,0,34,45,0,35,0,43,0,0,0,0,0,33,57,0,33
17-24-15,0,34,46,0,35,0,43,0,0,0,0,0,34,57,0,32
17-24-25,0,34,45,0,35,0,43,0,0,0,0,0,34,56,0,32
17-24-35,0,34,45,0,36,0,43,0,0,0,0,0,34,57,0,33
17-24-45,0,34,45,0,36,0,43,0,0,0,0,0,33,57,0,32
17-24-55,0,34,44,0,36,0,43,0,0,0,0,0,34,57,0,33
17-25-05,0,34,45,0,36,0,43,0,0,0,0,0,34,57,0,32
17-25-15,0,34,46,0,36,0,43,0,0,0,0,0,34,57,0,33
17-25-25,0,33,45,0,35,0,43,0,0,0,0,0,34,56,0,33
17-25-35,0,33,45,0,35,0,44,0,0,0,0,0,33,57,0,32
17-25-45,0,33,45,0,36,0,43,0,0,0,0,0,33,57,0,33
17-25-55,0,33,45,0,36,0,43,0,0,0,0,0,33,57,0,33
17-26-05,0,34,44,0,36,0,43,0,0,0,0,0,34,57,0,32
17-26-15,0,33,45,0,36,0,43,0,0,0,0,0,34,56,0,33
17-26-25,0,34,45,0,35,0,43,0,0,0,0,0,34,57,0,33
17-26-35,0,33,45,0,36,0,43,0,0,0,0,0,34,57,0,33
17-26-45,0,34,45,0,35,0,43,0,0,0,0,0,34,56,0,32
17-26-55,0,34,46,0,36,0,44,0,0,0,0,0,34,57,0,33
17-27-05,0,33,46,0,36,0,43,0,0,0,0,0,34,57,0,33
17-27-15,0,33,46,0,35,0,43,0,0,0,0,0,34,57,0,33
17-27-25,0,33,45,0,35,0,43,0,0,0,0,0,34,57,0,33
17-27-35,0,34,46,0,36,0,43,0,0,0,0,0,33,57,0,33
17-27-45,0,33,45,0,36,0,43,0,0,0,0,0,33,56,0,33
17-27-55,0,33,46,0,36,0,43,0,0,0,0,0,34,57,0,33
17-28-05,0,33,45,0,35,0,43,0,0,0,0,0,34,56,0,33
17-28-15,0,33,45,0,35,0,43,0,0,0,0,0,34,57,0,33
17-28-25,0,34,45,0,36,0,43,0,0,0,0,0,34,57,0,32
17-28-35,0,33,46,0,36,0,43,0,0,0,0,0,33,57,0,32
17-28-45,0,33,45,0,36,0,43,0,0,0,0,0,34,57,0,33
17-28-55,0,34,45,0,36,0,43,0,0,0,0,0,34,57,0,33
17-29-05,0,34,45,0,35,0,43,0,0,0,0,0,34,56,0,33
17-29-15,0,33,45,0,35,0,43,0,0,0,0,0,34,57,0,32
17-29-25,0,34,45,0,35,0,43,0,0,0,0,0,34,57,0,33
17-29-35,0,34,45,0,36,0,43,0,0,0,0,0,34,57,0,32
17-29-45,0,34,45,0,36,0,43,0,0,0,0,0,34,56,0,33
17-29-55,0,33,45,0,36,0,43,0,0,0,0,0,34,57,0,33
17-30-05,0,34,46,0,35,0,42,0,0,0,0,0,34,57,0,33
17-30-15,0,34,46,0,36,0,43,0,0,0,0,0,34,57,0,33
17-30-25,0,34,45,0,36,0,43,0,0,0,0,0,33,57,0,32
17-30-35,0,34,46,0,35,0,43,0,0,0,0,0,34,57,0,33
17-30-45,0,34,45,0,36,0,43,0,0,0,0,0,34,57,0,32
17-30-55,0,33,45,0,35,0,43,0,0,0,0,0,34,57,0,32
17-31-05,0,34,46,0,35,0,43,0,0,0,0,0,34,57,0,33
17-31-15,0,33,45,0,35,0,43,0,0,0,0,0,34,57,0,33
17-31-25,0,33,46,0,36,0,43,0,0,0,0,0,34,57,0,33
17-31-35,0,33,45,0,35,0,43,0,0,0,0,0,34,57,0,33
17-31-45,0,33,45,0,36,0,43,0,0,0,0,0,34,57,0,32
17-31-55,0,33,45,0,36,0,43,0,0,0,0,0,33,57,0,32
17-32-05,0,33,45,0,36,0,43,0,0,0,0,0,34,56,0,33
17-32-15,0,33,45,0,36,0,43,0,0,0,0,0,34,57,0,33
17-32-25,0,34,45,0,36,0,43,0,0,0,0,0,34,57,0,33
17-32-35,0,34,45,0,35,0,43,0,0,0,0,0,34,57,0,33
17-32-45,0,33,45,0,36,0,43,0,0,0,0,0,34,57,0,32
17-32-55,0,33,45,0,36,0,43,0,0,0,0,0,34,57,0,33
17-33-05,0,33,45,0,36,0,43,0,0,0,0,0,34,57,0,33
17-33-15,0,33,44,0,36,0,43,0,0,0,0,0,34,57,0,33
17-33-25,0,33,46,0,35,0,43,0,0,0,0,0,34,57,0,32
17-33-35,0,33,45,0,36,0,43,0,0,0,0,0,33,57,0,33
17-33-45,0,33,45,0,36,0,43,0,0,0,0,0,34,56,0,32
17-33-55,0,34,45,0,35,0,43,0,0,0,0,0,33,57,0,33
17-34-05,0,33,45,0,35,0,43,0,0,0,0,0,34,56,0,33
17-34-15,0,34,45,0,36,0,43,0,0,0,0,0,33,57,0,32
17-34-25,0,33,46,0,35,0,43,0,0,0,0,0,34,57,0,33
17-34-35,0,33,45,0,35,0,43,0,0,0,0,0,34,57,0,33
17-34-45,0,33,45,0,35,0,43,0,0,0,0,0,34,57,0,32
17-34-55,0,33,45,0,36,0,43,0,0,0,0,0,34,57,0,32
17-35-05,0,33,45,0,35,0,43,0,0,0,0,0,34,57,0,33
17-35-15,0,33,45,0,35,0,43,0,0,0,0,0,34,56,0,33
17-35-25,0,33,45,0,35,0,43,0,0,0,0,0,33,57,0,33
17-35-35,0,33,45,0,35,0,43,0,0,0,0,0,34,57,0,33
17-35-45,0,33,45,0,36,0,43,0,0,0,0,0,34,57,0,32
17-35-55,0,34,45,0,36,0,43,0,0,0,0,0,34,57,0,33
17-36-05,0,34,45,0,35,0,43,0,0,0,0,0,34,57,0,33
17-36-15,0,33,45,0,36,0,43,0,0,0,0,0,33,57,0,33
17-36-25,0,34,45,0,36,0,43,0,0,0,0,0,34,57,0,33
17-36-35,0,33,45,0,35,0,43,0,0,0,0,0,34,57,0,33
17-36-45,0,34,45,0,35,0,43,0,0,0,0,0,34,57,0,33
17-36-55,0,33,45,0,36,0,43,0,0,0,0,0,34,57,0,32
17-37-05,0,33,46,0,36,0,43,0,0,0,0,0,34,56,0,33
17-37-15,0,33,45,0,36,0,43,0,0,0,0,0,34,57,0,32
17-37-25,0,33,45,0,35,0,43,0,0,0,0,0,34,56,0,33
17-37-35,0,33,45,0,35,0,43,0,0,0,0,0,34,57,0,33
17-37-45,0,33,45,0,35,0,43,0,0,0,0,0,34,57,0,33
17-37-55,0,33,45,0,35,0,43,0,0,0,0,0,34,57,0,33
17-38-05,0,33,45,0,35,0,43,0,0,0,0,0,34,57,0,33
17-38-15,0,33,45,0,35,0,43,0,0,0,0,0,34,56,0,33
17-38-25,0,34,45,0,35,0,43,0,0,0,0,0,34,57,0,32
17-38-35,0,33,45,0,35,0,43,0,0,0,0,0,34,57,0,32
17-38-45,0,33,45,0,36,0,42,0,0,0,0,0,34,57,0,32
17-38-55,0,33,46,0,36,0,43,0,0,0,0,0,34,57,0,33
17-39-05,0,34,45,0,36,0,43,0,0,0,0,0,34,56,0,33
17-39-15,0,33,45,0,36,0,43,0,0,0,0,0,34,57,0,33
17-39-25,0,33,45,0,35,0,42,0,0,0,0,0,34,57,0,33
17-39-35,0,33,44,0,36,0,43,0,0,0,0,0,34,57,0,33
17-39-45,0,34,45,0,36,0,43,0,0,0,0,0,34,57,0,33
17-39-55,0,33,45,0,35,0,43,0,0,0,0,0,34,56,0,33
17-40-05,0,33,45,0,36,0,43,0,0,0,0,0,34,57,0,33
17-40-15,0,33,45,0,36,0,43,0,0,0,0,0,34,57,0,33
17-40-25,0,33,46,0,36,0,43,0,0,0,0,0,34,57,0,32
17-40-35,0,33,45,0,36,0,43,0,0,0,0,0,34,57,0,33
17-40-45,0,34,44,0,35,0,43,0,0,0,0,0,34,57,0,32
17-40-55,0,33,46,0,36,0,43,0,0,0,0,0,34,58,0,33
17-41-05,0,33,45,0,35,0,43,0,0,0,0,0,34,57,0,32
17-41-15,0,33,45,0,36,0,43,0,0,0,0,0,34,57,0,33
17-41-25,0,33,45,0,36,0,43,0,0,0,0,0,33,57,0,33
17-41-35,0,33,45,0,36,0,43,0,0,0,0,0,34,57,0,32
17-41-45,0,33,45,0,35,0,43,0,0,0,0,0,34,56,0,32
17-41-55,0,33,45,0,36,0,42,0,0,0,0,0,34,57,0,32
17-42-05,0,34,46,0,35,0,43,0,0,0,0,0,34,57,0,32
17-42-15,0,34,45,0,35,0,43,0,0,0,0,0,34,57,0,33
17-42-25,0,33,45,0,36,0,42,0,0,0,0,0,34,57,0,33
17-42-35,0,33,45,0,35,0,43,0,0,0,0,0,33,57,0,32
17-42-45,0,33,45,0,35,0,43,0,0,0,0,0,34,57,0,33
17-42-55,0,33,45,0,35,0,43,0,0,0,0,0,34,57,0,33
17-43-05,0,33,45,0,36,0,43,0,0,0,0,0,34,57,0,32
17-43-15,0,33,45,0,36,0,43,0,0,0,0,0,34,57,0,33
17-43-25,0,33,45,0,36,0,43,0,0,0,0,0,33,57,0,33
17-43-35,0,33,45,0,36,0,43,0,0,0,0,0,34,57,0,33
17-43-45,0,34,45,0,35,0,42,0,0,0,0,0,34,57,0,32
17-43-55,0,33,45,0,35,0,43,0,0,0,0,0,34,57,0,33
17-44-05,0,33,46,0,35,0,43,0,0,0,0,0,34,57,0,32
17-44-15,0,33,45,0,35,0,43,0,0,0,0,0,34,57,0,32
17-44-25,0,33,44,0,35,0,43,0,0,0,0,0,33,57,0,33
17-44-35,0,33,45,0,36,0,43,0,0,0,0,0,34,57,0,33
17-44-45,0,34,45,0,36,0,43,0,0,0,0,0,34,57,0,33
17-44-55,0,33,45,0,35,0,43,0,0,0,0,0,33,57,0,33
17-45-05,0,33,45,0,36,0,43,0,0,0,0,0,34,57,0,32
17-45-15,0,34,45,0,36,0,43,0,0,0,0,0,34,57,0,33
17-45-25,0,34,45,0,36,0,42,0,0,0,0,0,34,56,0,32
17-45-35,0,33,45,0,35,0,43,0,0,0,0,0,34,56,0,32
17-45-45,0,33,45,0,35,0,42,0,0,0,0,0,33,57,0,33
17-45-55,0,33,46,0,36,0,43,0,0,0,0,0,33,57,0,32
17-46-05,0,34,46,0,36,0,43,0,0,0,0,0,34,57,0,32
17-46-15,0,34,46,0,36,0,43,0,0,0,0,0,34,57,0,32
17-46-25,0,33,44,0,35,0,43,0,0,0,0,0,33,57,0,32
17-46-35,0,33,45,0,35,0,42,0,0,0,0,0,34,57,0,32
17-46-45,0,33,44,0,35,0,43,0,0,0,0,0,34,57,0,33
17-46-55,0,33,45,0,36,0,43,0,0,0,0,0,34,57,0,33
17-47-05,0,33,45,0,36,0,43,0,0,0,0,0,33,57,0,32
17-47-15,0,33,45,0,35,0,43,0,0,0,0,0,34,57,0,33
17-47-25,0,33,44,0,35,0,43,0,0,0,0,0,33,56,0,32
17-47-35,0,33,45,0,35,0,43,0,0,0,0,0,34,58,0,33
17-47-45,0,33,45,0,36,0,43,0,0,0,0,0,33,57,0,33
17-47-55,0,34,45,0,35,0,43,0,0,0,0,0,34,57,0,33
17-48-05,0,33,45,0,36,0,43,0,0,0,0,0,34,57,0,32
17-48-15,0,33,44,0,35,0,43,0,0,0,0,0,34,56,0,32
17-48-25,0,33,45,0,36,0,43,0,0,0,0,0,33,57,0,33
17-48-35,0,33,44,0,36,0,43,0,0,0,0,0,34,56,0,32
17-48-45,0,33,45,0,36,0,43,0,0,0,0,0,33,57,0,33
17-48-55,0,33,46,0,35,0,43,0,0,0,0,0,34,57,0,32
17-49-05,0,33,45,0,36,0,43,0,0,0,0,0,34,57,0,32
17-49-15,0,34,46,0,35,0,43,0,0,0,0,0,33,57,0,32
17-49-25,0,33,45,0,35,0,43,0,0,0,0,0,33,56,0,33
17-49-35,0,33,45,0,35,0,43,0,0,0,0,0,33,57,0,33
17-49-45,0,33,45,0,35,0,43,0,0,0,0,0,34,57,0,32
17-49-55,0,33,45,0,36,0,43,0,0,0,0,0,34,57,0,33
17-50-05,0,33,46,0,36,0,43,0,0,0,0,0,34,57,0,33
17-50-15,0,33,46,0,36,0,43,0,0,0,0,0,34,57,0,33
17-50-25,0,34,45,0,36,0,43,0,0,0,0,0,33,57,0,33
17-50-35,0,33,45,0,35,0,43,0,0,0,0,0,34,57,0,33
17-50-45,0,33,44,0,35,0,43,0,0,0,0,0,34,57,0,32
17-50-55,0,34,46,0,36,0,43,0,0,0,0,0,34,57,0,32
17-51-05,0,33,45,0,36,0,43,0,0,0,0,0,34,57,0,32
17-51-15,0,33,45,0,35,0,42,0,0,0,0,0,34,57,0,33
17-51-25,0,33,45,0,35,0,43,0,0,0,0,0,34,57,0,32
17-51-35,0,33,45,0,36,0,43,0,0,0,0,0,34,57,0,33
17-51-45,0,33,45,0,36,0,43,0,0,0,0,0,34,57,0,32
17-51-55,0,33,46,0,36,0,43,0,0,0,0,0,34,56,0,32
17-52-05,0,33,45,0,36,0,43,0,0,0,0,0,34,56,0,33
17-52-15,0,34,45,0,36,0,43,0,0,0,0,0,34,57,0,33
17-52-25,0,33,45,0,36,0,43,0,0,0,0,0,34,57,0,33
17-52-35,0,33,45,0,36,0,43,0,0,0,0,0,34,57,0,33
17-52-45,0,34,45,0,35,0,43,0,0,0,0,0,34,57,0,32
17-52-55,0,33,46,0,35,0,43,0,0,0,0,0,34,57,0,33
17-53-05,0,33,45,0,35,0,43,0,0,0,0,0,34,57,0,33
17-53-15,0,33,45,0,35,0,43,0,0,0,0,0,34,57,0,33
17-53-25,0,33,45,0,35,0,43,0,0,0,0,0,34,56,0,33
17-53-35,0,33,45,0,36,0,43,0,0,0,0,0,34,57,0,33
17-53-45,0,33,45,0,35,0,43,0,0,0,0,0,34,57,0,32
17-53-55,0,33,45,0,36,0,43,0,0,0,0,0,34,57,0,33
17-54-05,0,33,45,0,36,0,43,0,0,0,0,0,34,57,0,33
17-54-15,0,33,45,0,36,0,43,0,0,0,0,0,34,56,0,33
17-54-25,0,34,46,0,36,0,43,0,0,0,0,0,34,57,0,33
17-54-35,0,33,45,0,36,0,43,0,0,0,0,0,34,57,0,33
17-54-45,0,33,45,0,36,0,43,0,0,0,0,0,34,57,0,32
17-54-55,0,33,46,0,36,0,42,0,0,0,0,0,34,57,0,33
17-55-05,0,33,45,0,36,0,42,0,0,0,0,0,34,57,0,33
17-55-15,0,33,44,0,35,0,43,0,0,0,0,0,33,57,0,33
17-55-25,0,33,46,0,36,0,43,0,0,0,0,0,34,57,0,32
17-55-35,0,33,45,0,36,0,42,0,0,0,0,0,33,57,0,33
17-55-45,0,33,45,0,35,0,43,0,0,0,0,0,34,56,0,33
17-55-55,0,33,45,0,35,0,43,0,0,0,0,0,34,57,0,33
17-56-05,0,33,45,0,35,0,42,0,0,0,0,0,33,56,0,33
17-56-15,0,33,45,0,36,0,43,0,0,0,0,0,34,57,0,33
17-56-25,0,33,45,0,35,0,43,0,0,0,0,0,33,57,0,33
17-56-35,0,33,46,0,36,0,43,0,0,0,0,0,34,57,0,32
17-56-45,0,33,45,0,36,0,43,0,0,0,0,0,33,57,0,32
17-56-55,0,33,45,0,35,0,43,0,0,0,0,0,33,57,0,32
17-57-05,0,33,45,0,36,0,43,0,0,0,0,0,33,57,0,33
17-57-15,0,33,45,0,36,0,43,0,0,0,0,0,34,57,0,33
17-57-25,0,33,44,0,36,0,43,0,0,0,0,0,34,57,0,32
17-57-35,0,33,45,0,36,0,43,0,0,0,0,0,34,57,0,33
17-57-45,0,33,45,0,36,0,43,0,0,0,0,0,34,57,0,33
17-57-55,0,33,45,0,35,0,43,0,0,0,0,0,34,57,0,32
17-58-05,0,33,45,0,36,0,42,0,0,0,0,0,34,57,0,33
17-58-15,0,33,45,0,36,0,43,0,0,0,0,0,34,57,0,33
17-58-25,0,33,45,0,36,0,43,0,0,0,0,0,33,57,0,32
17-58-35,0,33,45,0,35,0,43,0,0,0,0,0,34,57,0,32
17-58-45,0,33,45,0,36,0,42,0,0,0,0,0,34,57,0,32
17-58-55,0,33,45,0,36,0,42,0,0,0,0,0,34,57,0,32
17-59-05,0,33,45,0,36,0,43,0,0,0,0,0,34,57,0,32
17-59-15,0,33,45,0,35,0,43,0,0,0,0,0,34,57,0,33
17-59-25,0,33,45,0,35,0,43,0,0,0,0,0,34,57,0,32
17-59-35,0,33,45,0,35,0,43,0,0,0,0,0,34,57,0,32
17-59-45,0,33,45,0,36,0,43,0,0,0,0,0,34,57,0,33
17-59-55,0,33,45,0,35,0,43,0,0,0,0,0,34,57,0,32
18-00-05,0,33,45,0,35,0,43,0,0,0,0,0,34,57,0,32
18-00-15,0,33,45,0,36,0,43,0,0,0,0,0,34,57,0,33
18-00-25,0,33,45,0,36,0,43,0,0,0,0,0,33,57,0,33
18-00-35,0,33,44,0,35,0,43,0,0,0,0,0,34,57,0,32
18-00-45,0,33,45,0,35,0,43,0,0,0,0,0,34,57,0,32
18-00-55,0,33,44,0,35,0,43,0,0,0,0,0,33,57,0,32
18-01-05,0,33,45,0,36,0,43,0,0,0,0,0,34,57,0,33
18-01-15,0,33,45,0,35,0,43,0,0,0,0,0,34,57,0,33
18-01-25,0,33,44,0,36,0,43,0,0,0,0,0,34,56,0,33
18-01-35,0,33,44,0,35,0,43,0,0,0,0,0,34,57,0,33
18-01-45,0,33,45,0,36,0,43,0,0,0,0,0,34,57,0,33
18-01-55,0,33,45,0,36,0,43,0,0,0,0,0,34,57,0,33
18-02-05,0,33,45,0,36,0,43,0,0,0,0,0,34,56,0,32
18-02-15,0,33,45,0,35,0,43,0,0,0,0,0,34,56,0,32
18-02-25,0,33,46,0,35,0,43,0,0,0,0,0,34,57,0,33
18-02-35,0,33,46,0,36,0,43,0,0,0,0,0,34,57,0,32
18-02-45,0,33,46,0,36,0,43,0,0,0,0,0,34,57,0,32
18-02-55,0,33,45,0,35,0,43,0,0,0,0,0,33,57,0,32
18-03-05,0,33,45,0,35,0,43,0,0,0,0,0,34,56,0,33
18-03-15,0,33,45,0,35,0,43,0,0,0,0,0,34,57,0,32
18-03-25,0,33,45,0,35,0,43,0,0,0,0,0,34,57,0,32
18-03-35,0,33,45,0,36,0,43,0,0,0,0,0,34,57,0,32
18-03-45,0,33,45,0,35,0,43,0,0,0,0,0,33,56,0,33
18-03-55,0,33,45,0,36,0,43,0,0,0,0,0,34,57,0,33
18-04-05,0,33,45,0,35,0,43,0,0,0,0,0,34,57,0,33
18-04-15,0,34,46,0,36,0,43,0,0,0,0,0,34,57,0,33
18-04-25,0,33,46,0,35,0,43,0,0,0,0,0,34,57,0,33
18-04-35,0,33,46,0,36,0,43,0,0,0,0,0,34,57,0,32
18-04-45,0,33,46,0,36,0,43,0,0,0,0,0,34,57,0,33
18-04-55,0,33,45,0,35,0,43,0,0,0,0,0,33,57,0,33
18-05-05,0,33,45,0,36,0,44,0,0,0,0,0,33,57,0,32
18-05-15,0,33,45,0,35,0,43,0,0,0,0,0,34,57,0,32
18-05-25,0,33,45,0,36,0,43,0,0,0,0,0,33,57,0,32
18-05-35,0,33,45,0,35,0,43,0,0,0,0,0,34,56,0,33
18-05-45,0,33,45,0,36,0,43,0,0,0,0,0,34,57,0,33
18-05-55,0,33,45,0,35,0,43,0,0,0,0,0,34,57,0,33
18-06-05,0,33,45,0,36,0,43,0,0,0,0,0,33,57,0,33
18-06-15,0,33,45,0,36,0,43,0,0,0,0,0,34,57,0,33
18-06-25,0,33,45,0,35,0,43,0,0,0,0,0,34,57,0,33
18-06-35,0,33,45,0,35,0,43,0,0,0,0,0,34,57,0,33
18-06-45,0,33,45,0,35,0,43,0,0,0,0,0,33,57,0,33
18-06-55,0,33,45,0,36,0,43,0,0,0,0,0,34,57,0,33
18-07-05,0,33,45,0,36,0,43,0,0,0,0,0,33,57,0,32
18-07-15,0,33,44,0,36,0,43,0,0,0,0,0,34,57,0,32
18-07-25,0,33,45,0,36,0,43,0,0,0,0,0,34,57,0,33
18-07-35,0,33,45,0,36,0,43,0,0,0,0,0,33,57,0,32
18-07-45,0,33,45,0,36,0,43,0,0,0,0,0,34,57,0,32
18-07-55,0,33,45,0,36,0,43,0,0,0,0,0,34,57,0,32
18-08-05,0,33,45,0,36,0,43,0,0,0,0,0,34,57,0,32
18-08-15,0,33,44,0,35,0,43,0,0,0,0,0,33,57,0,33
18-08-25,0,33,45,0,35,0,42,0,0,0,0,0,34,57,0,32
18-08-35,0,33,45,0,36,0,43,0,0,0,0,0,34,57,0,33
18-08-45,0,33,46,0,36,0,43,0,0,0,0,0,34,56,0,33
18-08-55,0,33,45,0,36,0,43,0,0,0,0,0,34,57,0,32
18-09-05,0,33,45,0,35,0,43,0,0,0,0,0,34,56,0,33
18-09-15,0,33,44,0,35,0,42,0,0,0,0,0,34,57,0,33
18-09-25,0,33,46,0,36,0,43,0,0,0,0,0,34,57,0,33
18-09-35,0,33,45,0,36,0,43,0,0,0,0,0,34,56,0,33
18-09-45,0,33,45,0,36,0,43,0,0,0,0,0,34,57,0,33
18-09-55,0,33,46,0,35,0,43,0,0,0,0,0,34,57,0,33
18-10-05,0,33,45,0,35,0,43,0,0,0,0,0,34,57,0,33
18-10-15,0,33,45,0,36,0,43,0,0,0,0,0,33,57,0,33
18-10-25,0,33,45,0,35,0,43,0,0,0,0,0,34,57,0,33
18-10-35,0,33,45,0,35,0,43,0,0,0,0,0,34,57,0,32
18-10-45,0,33,45,0,36,0,43,0,0,0,0,0,33,57,0,32
18-10-55,0,33,45,0,35,0,43,0,0,0,0,0,34,57,0,33
18-11-05,0,33,44,0,36,0,43,0,0,0,0,0,34,57,0,33
18-11-15,0,33,46,0,35,0,42,0,0,0,0,0,33,57,0,32
18-11-25,0,33,46,0,36,0,43,0,0,0,0,0,34,58,0,33
18-11-35,0,33,44,0,36,0,43,0,0,0,0,0,34,57,0,33
18-11-45,0,33,44,0,35,0,43,0,0,0,0,0,34,57,0,33
18-11-55,0,33,45,0,35,0,43,0,0,0,0,0,34,57,0,32
18-12-05,0,33,46,0,36,0,43,0,0,0,0,0,34,57,0,33
18-12-15,0,33,46,0,36,0,42,0,0,0,0,0,34,56,0,33
18-12-25,0,33,45,0,36,0,43,0,0,0,0,0,34,57,0,32
18-12-35,0,33,45,0,35,0,43,0,0,0,0,0,33,57,0,33
18-12-45,0,33,45,0,35,0,43,0,0,0,0,0,34,57,0,33
18-12-55,0,33,45,0,36,0,43,0,0,0,0,0,34,57,0,33
18-13-05,0,33,44,0,35,0,43,0,0,0,0,0,34,57,0,32
18-13-15,0,33,45,0,35,0,43,0,0,0,0,0,34,57,0,32
18-13-25,0,33,44,0,36,0,43,0,0,0,0,0,34,57,0,32
18-13-35,0,33,46,0,35,0,43,0,0,0,0,0,34,57,0,32
18-13-45,0,33,46,0,36,0,43,0,0,0,0,0,34,57,0,33
18-13-55,0,33,46,0,35,0,43,0,0,0,0,0,34,57,0,33
18-14-05,0,33,46,0,36,0,43,0,0,0,0,0,33,57,0,32
18-14-15,0,33,46,0,36,0,43,0,0,0,0,0,34,57,0,32
18-14-25,0,33,45,0,36,0,42,0,0,0,0,0,33,57,0,33
18-14-35,0,33,44,0,36,0,43,0,0,0,0,0,34,57,0,32
18-14-45,0,33,45,0,35,0,43,0,0,0,0,0,34,57,0,32
18-14-55,0,33,45,0,35,0,43,0,0,0,0,0,34,57,0,33
18-15-05,0,33,46,0,35,0,43,0,0,0,0,0,34,56,0,33
18-15-15,0,33,45,0,36,0,43,0,0,0,0,0,34,57,0,32
18-15-25,0,33,45,0,35,0,43,0,0,0,0,0,34,57,0,33
18-15-35,0,33,45,0,36,0,43,0,0,0,0,0,34,57,0,32
18-15-45,0,33,46,0,35,0,43,0,0,0,0,0,34,57,0,33
18-15-55,0,33,45,0,35,0,43,0,0,0,0,0,34,57,0,32
18-16-05,0,33,44,0,35,0,43,0,0,0,0,0,33,57,0,32
18-16-15,0,33,45,0,36,0,43,0,0,0,0,0,34,57,0,33
18-16-25,0,33,45,0,36,0,43,0,0,0,0,0,34,56,0,33
18-16-35,0,33,45,0,35,0,43,0,0,0,0,0,34,57,0,33
18-16-45,0,33,45,0,35,0,43,0,0,0,0,0,34,57,0,33
18-16-55,0,33,45,0,35,0,42,0,0,0,0,0,34,57,0,33
18-17-05,0,33,45,0,36,0,43,0,0,0,0,0,34,57,0,33
18-17-15,0,33,45,0,35,0,43,0,0,0,0,0,33,57,0,32
18-17-25,0,33,46,0,36,0,43,0,0,0,0,0,34,57,0,33
18-17-35,0,33,45,0,36,0,43,0,0,0,0,0,33,57,0,32
18-17-45,0,33,45,0,36,0,43,0,0,0,0,0,34,56,0,32
18-17-55,0,33,45,0,36,0,43,0,0,0,0,0,34,57,0,33
18-18-05,0,33,45,0,35,0,42,0,0,0,0,0,34,57,0,32
18-18-15,0,33,45,0,36,0,43,0,0,0,0,0,34,57,0,33
18-18-25,0,33,45,0,36,0,43,0,0,0,0,0,34,56,0,33
18-18-35,0,33,45,0,36,0,42,0,0,0,0,0,34,57,0,32
18-18-45,0,33,44,0,36,0,43,0,0,0,0,0,34,57,0,32
18-18-55,0,33,45,0,35,0,43,0,0,0,0,0,34,57,0,33
18-19-05,0,33,45,0,35,0,43,0,0,0,0,0,34,57,0,32
18-19-15,0,33,45,0,36,0,43,0,0,0,0,0,34,57,0,33
18-19-25,0,33,45,0,35,0,43,0,0,0,0,0,34,57,0,33
18-19-35,0,33,45,0,35,0,43,0,0,0,0,0,33,57,0,33
18-19-45,0,33,46,0,35,0,43,0,0,0,0,0,34,56,0,32
18-19-55,0,33,45,0,36,0,43,0,0,0,0,0,34,57,0,33
18-20-05,0,33,45,0,36,0,43,0,0,0,0,0,34,57,0,32
18-20-15,0,33,44,0,35,0,43,0,0,0,0,0,34,57,0,33
18-20-25,0,33,45,0,35,0,43,0,0,0,0,0,34,57,0,32
18-20-35,0,33,45,0,36,0,43,0,0,0,0,0,34,57,0,33
18-20-45,0,33,45,0,35,0,43,0,0,0,0,0,34,57,0,32
18-20-55,0,33,45,0,35,0,43,0,0,0,0,0,35,57,0,33
18-21-05,0,33,45,0,35,0,43,0,0,0,0,0,34,57,0,33
18-21-15,0,33,46,0,35,0,43,0,0,0,0,0,34,57,0,32
18-21-25,0,33,45,0,36,0,43,0,0,0,0,0,34,57,0,33
18-21-35,0,33,45,0,36,0,43,0,0,0,0,0,34,57,0,32
18-21-45,0,33,45,0,36,0,43,0,0,0,0,0,34,57,0,33
18-21-55,0,33,45,0,35,0,43,0,0,0,0,0,34,57,0,33
18-22-05,0,33,45,0,35,0,43,0,0,0,0,0,34,58,0,33
18-22-15,0,33,45,0,36,0,43,0,0,0,0,0,34,57,0,33
18-22-25,0,33,45,0,36,0,43,0,0,0,0,0,34,57,0,33
18-22-35,0,33,45,0,35,0,43,0,0,0,0,0,34,56,0,33
18-22-45,0,33,45,0,35,0,43,0,0,0,0,0,34,57,0,33
18-22-55,0,33,45,0,36,0,43,0,0,0,0,0,34,57,0,33
18-23-05,0,33,45,0,36,0,42,0,0,0,0,0,34,56,0,32
18-23-15,0,33,45,0,36,0,43,0,0,0,0,0,34,57,0,33
18-23-25,0,33,45,0,36,0,43,0,0,0,0,0,34,57,0,32
18-23-35,0,33,45,0,35,0,43,0,0,0,0,0,33,57,0,32
18-23-45,0,33,45,0,35,0,43,0,0,0,0,0,34,57,0,33
18-23-55,0,33,45,0,35,0,43,0,0,0,0,0,34,57,0,32
18-24-05,0,33,45,0,35,0,43,0,0,0,0,0,34,57,0,32
18-24-15,0,33,45,0,36,0,43,0,0,0,0,0,34,57,0,33
18-24-25,0,33,45,0,35,0,43,0,0,0,0,0,34,57,0,32
18-24-35,0,33,45,0,36,0,43,0,0,0,0,0,34,57,0,32
18-24-45,0,33,45,0,36,0,43,0,0,0,0,0,34,57,0,33
18-24-55,0,33,46,0,36,0,43,0,0,0,0,0,34,57,0,33
18-25-05,0,33,45,0,36,0,43,0,0,0,0,0,34,57,0,32
18-25-15,0,33,46,0,35,0,43,0,0,0,0,0,34,57,0,32
18-25-25,0,33,45,0,36,0,43,0,0,0,0,0,34,57,0,33
18-25-35,0,33,46,0,35,0,43,0,0,0,0,0,34,57,0,32
18-25-45,0,33,45,0,36,0,43,0,0,0,0,0,34,56,0,33
18-25-55,0,33,45,0,35,0,43,0,0,0,0,0,34,57,0,32
18-26-05,0,33,44,0,36,0,43,0,0,0,0,0,34,57,0,33
18-26-15,0,33,46,0,36,0,43,0,0,0,0,0,34,56,0,32
18-26-25,0,33,46,0,35,0,43,0,0,0,0,0,34,57,0,33
18-26-35,0,33,45,0,35,0,43,0,0,0,0,0,34,57,0,33
18-26-45,0,33,45,0,36,0,43,0,0,0,0,0,34,57,0,33
18-26-55,0,33,45,0,35,0,43,0,0,0,0,0,34,57,0,33
18-27-05,0,33,46,0,36,0,43,0,0,0,0,0,34,57,0,33
18-27-15,0,33,45,0,35,0,43,0,0,0,0,0,34,57,0,33
18-27-25,0,33,45,0,35,0,43,0,0,0,0,0,34,57,0,33
18-27-35,0,33,46,0,35,0,44,0,0,0,0,0,34,57,0,32
18-27-45,0,33,45,0,36,0,43,0,0,0,0,0,34,57,0,33
18-27-55,0,33,45,0,36,0,43,0,0,0,0,0,34,57,0,32
18-28-05,0,33,45,0,36,0,43,0,0,0,0,0,35,56,0,32
18-28-15,0,33,45,0,35,0,43,0,0,0,0,0,33,57,0,33
18-28-25,0,33,45,0,36,0,43,0,0,0,0,0,33,57,0,33
18-28-35,0,33,45,0,35,0,43,0,0,0,0,0,33,56,0,32
18-28-45,0,33,45,0,36,0,43,0,0,0,0,0,34,57,0,32
18-28-55,0,33,45,0,35,0,43,0,0,0,0,0,34,57,0,33
18-29-05,0,33,45,0,36,0,43,0,0,0,0,0,34,57,0,32
18-29-15,0,33,44,0,35,0,43,0,0,0,0,0,34,57,0,33
18-29-25,0,33,46,0,35,0,43,0,0,0,0,0,34,57,0,32
18-29-35,0,33,45,0,36,0,43,0,0,0,0,0,34,57,0,32
18-29-45,0,33,45,0,36,0,43,0,0,0,0,0,34,57,0,33
18-29-55,0,33,46,0,36,0,43,0,0,0,0,0,33,57,0,32
18-30-05,0,33,45,0,36,0,43,0,0,0,0,0,34,57,0,32
18-30-15,0,33,45,0,36,0,43,0,0,0,0,0,34,57,0,33
18-30-25,0,33,45,0,35,0,43,0,0,0,0,0,34,57,0,32
18-30-35,0,33,44,0,36,0,43,0,0,0,0,0,34,57,0,32
18-30-45,0,33,45,0,35,0,43,0,0,0,0,0,34,57,0,32
18-30-55,0,33,45,0,36,0,43,0,0,0,0,0,33,57,0,32
18-31-05,0,33,45,0,36,0,43,0,0,0,0,0,34,57,0,33
18-31-15,0,33,45,0,35,0,43,0,0,0,0,0,33,57,0,33
18-31-25,0,33,45,0,36,0,42,0,0,0,0,0,34,56,0,33
18-31-35,0,33,45,0,35,0,43,0,0,0,0,0,34,57,0,32
18-31-45,0,33,45,0,35,0,43,0,0,0,0,0,33,57,0,33
18-31-55,0,33,45,0,35,0,43,0,0,0,0,0,34,57,0,32
18-32-05,0,33,45,0,35,0,43,0,0,0,0,0,34,57,0,32
18-32-15,0,33,45,0,36,0,43,0,0,0,0,0,33,57,0,33
18-32-25,0,33,46,0,35,0,42,0,0,0,0,0,34,57,0,33
18-32-35,0,33,46,0,36,0,42,0,0,0,0,0,34,57,0,33
18-32-45,0,33,45,0,36,0,43,0,0,0,0,0,34,57,0,33
18-32-55,0,33,45,0,35,0,43,0,0,0,0,0,34,57,0,33
18-33-05,0,33,44,0,35,0,43,0,0,0,0,0,34,56,0,33
18-33-15,0,33,45,0,36,0,43,0,0,0,0,0,34,57,0,33
18-33-25,0,33,45,0,35,0,43,0,0,0,0,0,34,57,0,33
18-33-35,0,33,45,0,36,0,43,0,0,0,0,0,34,57,0,32
18-33-45,0,33,45,0,35,0,43,0,0,0,0,0,34,56,0,33
18-33-55,0,33,45,0,36,0,43,0,0,0,0,0,34,57,0,32
18-34-05,0,33,45,0,36,0,43,0,0,0,0,0,34,57,0,32
18-34-15,0,33,45,0,35,0,44,0,0,0,0,0,34,57,0,33
18-34-25,0,33,45,0,35,0,43,0,0,0,0,0,34,57,0,33
18-34-35,0,33,45,0,36,0,43,0,0,0,0,0,34,57,0,32
18-34-45,0,33,45,0,35,0,43,0,0,0,0,0,34,57,0,33
18-34-55,0,33,45,0,36,0,43,0,0,0,0,0,34,57,0,33
18-35-05,0,33,45,0,35,0,43,0,0,0,0,0,34,57,0,32
18-35-15,0,33,45,0,36,0,42,0,0,0,0,0,33,56,0,33
18-35-25,0,33,45,0,36,0,43,0,0,0,0,0,33,57,0,33
18-35-35,0,33,45,0,36,0,43,0,0,0,0,0,33,56,0,32
18-35-45,0,33,45,0,36,0,43,0,0,0,0,0,33,56,0,33
18-35-55,0,33,45,0,36,0,42,0,0,0,0,0,33,57,0,33
18-36-05,0,33,44,0,36,0,43,0,0,0,0,0,34,57,0,32
18-36-15,0,33,45,0,36,0,43,0,0,0,0,0,34,57,0,32
18-36-25,0,33,45,0,36,0,43,0,0,0,0,0,34,57,0,33
18-36-35,0,33,45,0,36,0,43,0,0,0,0,0,34,57,0,33
18-36-45,0,33,45,0,36,0,43,0,0,0,0,0,33,57,0,33
18-36-55,0,33,46,0,35,0,43,0,0,0,0,0,34,57,0,32
18-37-05,0,33,45,0,36,0,43,0,0,0,0,0,34,57,0,33
18-37-15,0,33,45,0,36,0,43,0,0,0,0,0,34,57,0,32
18-37-25,0,33,45,0,36,0,43,0,0,0,0,0,34,56,0,32
18-37-35,0,33,44,0,35,0,43,0,0,0,0,0,34,57,0,33
18-37-45,0,33,45,0,35,0,43,0,0,0,0,0,33,57,0,32
18-37-55,0,33,45,0,36,0,43,0,0,0,0,0,34,57,0,33
18-38-05,0,33,45,0,36,0,43,0,0,0,0,0,33,57,0,32
18-38-15,0,33,46,0,35,0,43,0,0,0,0,0,34,57,0,32
18-38-25,0,33,45,0,36,0,43,0,0,0,0,0,34,57,0,33
18-38-35,0,33,44,0,36,0,43,0,0,0,0,0,34,57,0,33
18-38-45,0,33,45,0,35,0,43,0,0,0,0,0,34,56,0,33
18-38-55,0,33,45,0,36,0,42,0,0,0,0,0,34,57,0,33
18-39-05,0,33,46,0,35,0,43,0,0,0,0,0,34,57,0,33
18-39-15,0,33,45,0,36,0,43,0,0,0,0,0,34,57,0,33
18-39-25,0,33,45,0,36,0,43,0,0,0,0,0,34,57,0,33
18-39-35,0,33,45,0,35,0,43,0,0,0,0,0,34,57,0,33
18-39-45,0,33,45,0,36,0,43,0,0,0,0,0,34,57,0,33
18-39-55,0,33,45,0,36,0,43,0,0,0,0,0,34,57,0,33
18-40-05,0,33,45,0,36,0,43,0,0,0,0,0,34,57,0,32
18-40-15,0,33,45,0,35,0,43,0,0,0,0,0,34,57,0,32
18-40-25,0,33,45,0,36,0,43,0,0,0,0,0,34,57,0,33
18-40-35,0,33,44,0,36,0,43,0,0,0,0,0,34,57,0,32
18-40-45,0,33,45,0,36,0,43,0,0,0,0,0,33,57,0,32
18-40-55,0,33,45,0,36,0,43,0,0,0,0,0,34,57,0,33
18-41-05,0,33,46,0,36,0,43,0,0,0,0,0,34,57,0,33
18-41-15,0,33,45,0,36,0,43,0,0,0,0,0,34,57,0,32
18-41-25,0,33,45,0,36,0,43,0,0,0,0,0,34,57,0,33
18-41-35,0,33,45,0,35,0,43,0,0,0,0,0,34,58,0,33
18-41-45,0,33,46,0,36,0,43,0,0,0,0,0,33,57,0,32
18-41-55,0,33,45,0,36,0,43,0,0,0,0,0,34,57,0,32
18-42-05,0,33,45,0,35,0,43,0,0,0,0,0,34,57,0,32
18-42-15,0,33,45,0,36,0,43,0,0,0,0,0,34,57,0,32
18-42-25,0,33,45,0,35,0,43,0,0,0,0,0,34,57,0,32
18-42-35,0,33,46,0,36,0,43,0,0,0,0,0,34,57,0,33
18-42-45,0,33,45,0,35,0,43,0,0,0,0,0,34,58,0,33
18-42-55,0,33,46,0,36,0,43,0,0,0,0,0,34,57,0,32
18-43-05,0,33,45,0,36,0,43,0,0,0,0,0,34,57,0,32
18-43-15,0,33,45,0,36,0,42,0,0,0,0,0,34,57,0,33
18-43-25,0,33,45,0,36,0,42,0,0,0,0,0,34,57,0,33
18-43-35,0,33,45,0,36,0,43,0,0,0,0,0,34,57,0,32
18-43-45,0,33,45,0,35,0,43,0,0,0,0,0,34,57,0,33
18-43-55,0,33,45,0,35,0,43,0,0,0,0,0,34,57,0,32
18-44-05,0,33,44,0,36,0,43,0,0,0,0,0,34,57,0,32
18-44-15,0,33,46,0,35,0,43,0,0,0,0,0,33,56,0,32
18-44-25,0,33,45,0,36,0,43,0,0,0,0,0,34,57,0,32
18-44-35,0,33,45,0,35,0,43,0,0,0,0,0,34,57,0,33
18-44-45,0,33,45,0,36,0,43,0,0,0,0,0,34,57,0,32
18-44-55,0,33,46,0,36,0,43,0,0,0,0,0,34,57,0,33
18-45-05,0,33,46,0,35,0,43,0,0,0,0,0,34,57,0,32
18-45-15,0,33,45,0,35,0,43,0,0,0,0,0,34,57,0,33
18-45-25,0,33,45,0,35,0,43,0,0,0,0,0,34,57,0,33
18-45-35,0,33,46,0,35,0,43,0,0,0,0,0,34,57,0,33
18-45-45,0,33,45,0,35,0,43,0,0,0,0,0,34,57,0,33
18-45-55,0,33,44,0,36,0,43,0,0,0,0,0,34,57,0,32
18-46-05,0,33,46,0,35,0,43,0,0,0,0,0,34,57,0,32
18-46-15,0,33,45,0,36,0,43,0,0,0,0,0,33,57,0,33
18-46-25,0,33,45,0,36,0,43,0,0,0,0,0,34,57,0,33
18-46-35,0,33,45,0,36,0,43,0,0,0,0,0,34,57,0,33
18-46-45,0,33,44,0,35,0,43,0,0,0,0,0,34,57,0,33
18-46-55,0,33,46,0,36,0,43,0,0,0,0,0,33,57,0,33
18-47-05,0,33,45,0,35,0,43,0,0,0,0,0,34,57,0,33
18-47-15,0,33,45,0,36,0,43,0,0,0,0,0,33,57,0,32
18-47-25,0,33,45,0,36,0,43,0,0,0,0,0,33,57,0,33
18-47-35,0,33,45,0,35,0,43,0,0,0,0,0,34,57,0,33
18-47-45,0,33,45,0,36,0,42,0,0,0,0,0,34,57,0,32
18-47-55,0,33,45,0,35,0,43,0,0,0,0,0,34,57,0,33
18-48-05,0,33,45,0,36,0,43,0,0,0,0,0,33,57,0,33
18-48-15,0,33,45,0,36,0,43,0,0,0,0,0,34,57,0,33
18-48-25,0,33,46,0,35,0,43,0,0,0,0,0,33,57,0,33
18-48-35,0,33,45,0,36,0,43,0,0,0,0,0,34,57,0,33
18-48-45,0,33,45,0,36,0,43,0,0,0,0,0,34,56,0,32
18-48-55,0,33,46,0,36,0,43,0,0,0,0,0,34,57,0,33
18-49-05,0,33,45,0,35,0,43,0,0,0,0,0,34,57,0,32
18-49-15,0,33,44,0,35,0,43,0,0,0,0,0,34,57,0,33
18-49-25,0,33,45,0,35,0,43,0,0,0,0,0,34,57,0,33
18-49-35,0,33,45,0,35,0,43,0,0,0,0,0,34,57,0,32
18-49-45,0,33,46,0,36,0,43,0,0,0,0,0,34,57,0,33
18-49-55,0,33,46,0,36,0,43,0,0,0,0,0,34,57,0,32
18-50-05,0,33,45,0,35,0,43,0,0,0,0,0,34,57,0,33
18-50-15,0,33,44,0,35,0,43,0,0,0,0,0,34,57,0,32
18-50-25,0,33,45,0,36,0,43,0,0,0,0,0,34,57,0,33
18-50-35,0,33,46,0,36,0,43,0,0,0,0,0,34,57,0,33
18-50-45,0,33,46,0,36,0,43,0,0,0,0,0,34,57,0,33
18-50-55,0,33,45,0,35,0,43,0,0,0,0,0,34,57,0,33
18-51-05,0,33,45,0,35,0,43,0,0,0,0,0,34,57,0,32
18-51-15,0,33,45,0,36,0,44,0,0,0,0,0,33,57,0,32
18-51-25,0,33,45,0,36,0,43,0,0,0,0,0,34,57,0,33
18-51-35,0,33,45,0,35,0,43,0,0,0,0,0,33,57,0,32
18-51-45,0,33,46,0,36,0,43,0,0,0,0,0,34,57,0,32
18-51-55,0,33,44,0,36,0,43,0,0,0,0,0,33,56,0,33
18-52-05,0,33,46,0,36,0,43,0,0,0,0,0,34,57,0,32
18-52-15,0,33,45,0,35,0,43,0,0,0,0,0,34,57,0,33
18-52-25,0,33,45,0,36,0,43,0,0,0,0,0,34,57,0,33
18-52-35,0,33,45,0,35,0,43,0,0,0,0,0,33,57,0,33
18-52-45,0,33,45,0,35,0,43,0,0,0,0,0,34,57,0,33
18-52-55,0,33,45,0,36,0,43,0,0,0,0,0,33,57,0,32
18-53-05,0,33,44,0,36,0,43,0,0,0,0,0,33,56,0,33
18-53-15,0,33,45,0,36,0,43,0,0,0,0,0,33,57,0,33
18-53-25,0,33,44,0,36,0,43,0,0,0,0,0,34,57,0,33
18-53-35,0,33,45,0,35,0,42,0,0,0,0,0,34,57,0,33
18-53-45,0,33,46,0,35,0,43,0,0,0,0,0,34,57,0,32
18-53-55,0,33,45,0,36,0,43,0,0,0,0,0,34,57,0,32
18-54-05,0,33,45,0,36,0,43,0,0,0,0,0,34,57,0,33
18-54-15,0,33,46,0,36,0,43,0,0,0,0,0,34,57,0,33
18-54-25,0,33,46,0,36,0,43,0,0,0,0,0,34,57,0,33
18-54-35,0,33,45,0,36,0,43,0,0,0,0,0,34,57,0,33
18-54-45,0,33,45,0,35,0,43,0,0,0,0,0,34,57,0,33
18-54-55,0,33,45,0,35,0,43,0,0,0,0,0,34,56,0,33
18-55-05,0,33,45,0,36,0,43,0,0,0,0,0,34,58,0,33
18-55-15,0,33,45,0,36,0,43,0,0,0,0,0,34,57,0,32
18-55-25,0,33,46,0,35,0,43,0,0,0,0,0,34,57,0,33
18-55-35,0,33,46,0,36,0,43,0,0,0,0,0,34,57,0,33
18-55-45,0,33,46,0,35,0,43,0,0,0,0,0,34,57,0,32
18-55-55,0,33,45,0,36,0,43,0,0,0,0,0,34,57,0,33
18-56-05,0,33,45,0,36,0,43,0,0,0,0,0,34,57,0,33
18-56-15,0,33,46,0,35,0,43,0,0,0,0,0,34,57,0,33
18-56-25,0,33,45,0,35,0,43,0,0,0,0,0,34,57,0,33
18-56-35,0,33,45,0,36,0,43,0,0,0,0,0,34,56,0,33
18-56-45,0,33,46,0,36,0,43,0,0,0,0,0,33,57,0,32
18-56-55,0,33,45,0,35,0,43,0,0,0,0,0,33,57,0,33
18-57-05,0,33,45,0,36,0,43,0,0,0,0,0,33,57,0,33
18-57-15,0,33,45,0,36,0,43,0,0,0,0,0,34,57,0,33
18-57-25,0,33,45,0,35,0,42,0,0,0,0,0,34,57,0,33
18-57-35,0,33,46,0,36,0,43,0,0,0,0,0,34,57,0,33
18-57-45,0,33,45,0,35,0,42,0,0,0,0,0,34,56,0,32
18-57-55,0,33,45,0,36,0,43,0,0,0,0,0,34,57,0,32
18-58-05,0,33,45,0,36,0,43,0,0,0,0,0,34,57,0,32
18-58-15,0,33,46,0,36,0,43,0,0,0,0,0,34,57,0,33
18-58-25,0,33,45,0,36,0,42,0,0,0,0,0,33,56,0,32
18-58-35,0,33,45,0,35,0,43,0,0,0,0,0,34,57,0,32
18-58-45,0,33,45,0,36,0,43,0,0,0,0,0,34,56,0,33
18-58-55,0,33,45,0,35,0,43,0,0,0,0,0,34,57,0,33
18-59-05,0,33,45,0,36,0,43,0,0,0,0,0,34,57,0,33
18-59-15,0,33,45,0,36,0,43,0,0,0,0,0,34,57,0,33
18-59-25,0,33,45,0,35,0,43,0,0,0,0,0,33,57,0,33
18-59-35,0,33,45,0,36,0,43,0,0,0,0,0,34,57,0,32
18-59-45,0,33,46,0,35,0,43,0,0,0,0,0,34,56,0,33
18-59-55,0,33,45,0,36,0,43,0,0,0,0,0,34,57,0,33
19-00-05,0,33,45,0,36,0,43,0,0,0,0,0,34,57,0,33
19-00-15,0,33,45,0,0,0,43,0,0,0,0,0,34,57,0,33
19-00-25,0,33,45,0,0,0,43,0,0,0,0,0,33,57,0,33
19-00-35,0,33,46,0,0,0,43,0,0,0,0,0,34,57,0,33
19-00-45,0,33,44,0,0,0,43,0,0,0,0,0,33,57,0,33
19-00-55,0,33,45,0,0,0,43,0,0,0,0,0,34,57,0,32
19-01-05,0,33,45,0,0,0,43,0,0,0,0,0,33,57,0,32
19-01-15,0,33,46,0,0,0,43,0,0,0,0,0,34,57,0,33
19-01-25,0,33,45,0,0,0,43,0,0,0,0,0,34,57,0,32
19-01-35,0,33,45,0,0,0,43,0,0,0,0,0,33,57,0,33
19-01-45,0,33,46,0,0,0,43,0,0,0,0,0,34,56,0,32
19-01-55,0,33,45,0,0,0,43,0,0,0,0,0,34,57,0,33
19-02-05,0,33,45,0,0,0,43,0,0,0,0,0,34,57,0,33
19-02-15,0,33,45,0,0,0,43,0,0,0,0,0,33,57,0,32
19-02-25,0,33,45,0,0,0,43,0,0,0,0,0,34,57,0,32
19-02-35,0,33,45,0,0,0,43,0,0,0,0,0,33,57,0,32
19-02-45,0,33,45,0,0,0,43,0,0,0,0,0,34,57,0,33
19-02-55,0,33,45,0,0,0,43,0,0,0,0,0,33,57,0,33
19-03-05,0,33,45,0,0,0,43,0,0,0,0,0,34,57,0,33
19-03-15,0,33,45,0,0,0,42,0,0,0,0,0,33,56,0,33
19-03-25,0,33,45,0,0,0,42,0,0,0,0,0,34,57,0,33
19-03-35,0,33,46,0,0,0,43,0,0,0,0,0,34,57,0,32
19-03-45,0,33,45,0,0,0,42,0,0,0,0,0,34,57,0,32
19-03-55,0,33,45,0,0,0,43,0,0,0,0,0,33,57,0,32
19-04-05,0,33,45,0,0,0,43,0,0,0,0,0,34,57,0,33
19-04-15,0,33,45,0,0,0,43,0,0,0,0,0,34,57,0,33
19-04-25,0,33,45,0,0,0,43,0,0,0,0,0,33,57,0,33
19-04-35,0,33,45,0,0,0,43,0,0,0,0,0,34,57,0,32
19-04-45,0,33,0,0,0,0,43,0,0,0,0,0,34,56,0,32
19-04-55,0,33,0,0,0,0,43,0,0,0,0,0,34,57,0,33
19-05-05,0,33,0,0,0,0,43,0,0,0,0,0,34,57,0,33
19-05-15,0,33,0,0,0,0,43,0,0,0,0,0,34,57,0,33
19-05-25,0,33,0,0,0,0,43,0,0,0,0,0,34,56,0,33
19-05-35,0,33,0,0,0,0,43,0,0,0,0,0,34,57,0,33
19-05-45,0,33,0,0,0,0,43,0,0,0,0,0,33,57,0,32
19-05-55,0,33,0,0,0,0,43,0,0,0,0,0,34,57,0,33
19-06-05,0,33,0,0,0,0,43,0,0,0,0,0,34,57,0,33
19-06-15,0,33,0,0,0,0,43,0,0,0,0,0,34,57,0,33
19-06-25,0,33,0,0,0,0,43,0,0,0,0,0,34,56,0,33
19-06-35,0,33,0,0,0,0,43,0,0,0,0,0,34,57,0,33
19-06-45,0,33,0,0,0,0,43,0,0,0,0,0,34,57,0,33
19-06-55,0,33,0,0,0,0,43,0,0,0,0,0,33,57,0,33
19-07-05,0,33,0,0,0,0,0,0,0,0,0,0,34,57,0,32
19-07-15,0,33,0,0,0,0,0,0,0,0,0,0,34,57,0,33
19-07-25,0,33,0,0,0,0,0,0,0,0,0,0,34,56,0,32
19-07-35,0,33,0,0,0,0,0,0,0,0,0,0,34,57,0,33
19-07-45,0,33,0,0,0,0,0,0,0,0,0,0,34,57,0,33
19-07-55,0,33,0,0,0,0,0,0,0,0,0,0,34,57,0,33
19-08-05,0,33,0,0,0,0,0,0,0,0,0,0,34,57,0,33
19-08-15,0,33,0,0,0,0,0,0,0,0,0,0,34,57,0,33
19-08-25,0,33,0,0,0,0,0,0,0,0,0,0,34,57,0,33
19-08-35,0,33,0,0,0,0,0,0,0,0,0,0,34,57,0,33
19-08-45,0,33,0,0,0,0,0,0,0,0,0,0,34,57,0,32
19-08-55,0,33,0,0,0,0,0,0,0,0,0,0,34,57,0,33
19-09-05,0,33,0,0,0,0,0,0,0,0,0,0,34,57,0,33
19-09-15,0,33,0,0,0,0,0,0,0,0,0,0,34,56,0,33
19-09-25,0,33,0,0,0,0,0,0,0,0,0,0,34,56,0,33
19-09-35,0,33,0,0,0,0,0,0,0,0,0,0,34,56,0,33
19-09-45,0,33,0,0,0,0,0,0,0,0,0,0,34,56,0,33
19-09-55,0,33,0,0,0,0,0,0,0,0,0,0,34,57,0,32
19-10-05,0,33,0,0,0,0,0,0,0,0,0,0,34,57,0,33
19-10-15,0,33,0,0,0,0,0,0,0,0,0,0,34,57,0,33
19-10-25,0,33,0,0,0,0,0,0,0,0,0,0,34,56,0,33
19-10-35,0,33,0,0,0,0,0,0,0,0,0,0,34,57,0,33
19-10-45,0,33,0,0,0,0,0,0,0,0,0,0,34,57,0,33
19-10-55,0,33,0,0,0,0,0,0,0,0,0,0,34,56,0,33
19-11-05,0,33,0,0,0,0,0,0,0,0,0,0,34,57,0,33
19-11-15,0,33,0,0,0,0,0,0,0,0,0,0,34,57,0,33
19-11-25,0,33,0,0,0,0,0,0,0,0,0,0,34,57,0,33
19-11-35,0,33,0,0,0,0,0,0,0,0,0,0,34,56,0,33
19-11-45,0,33,0,0,0,0,0,0,0,0,0,0,34,57,0,33
19-11-55,0,33,0,0,0,0,0,0,0,0,0,0,34,57,0,33
19-12-05,0,33,0,0,0,0,0,0,0,0,0,0,34,57,0,33
19-12-15,0,33,0,0,0,0,0,0,0,0,0,0,34,57,0,33
19-12-25,0,33,0,0,0,0,0,0,0,0,0,0,34,57,0,33
19-12-35,0,33,0,0,0,0,0,0,0,0,0,0,34,57,0,33
19-12-45,0,33,0,0,0,0,0,0,0,0,0,0,34,57,0,33
19-12-55,0,33,0,0,0,0,0,0,0,0,0,0,34,56,0,33
19-13-05,0,33,0,0,0,0,0,0,0,0,0,0,34,57,0,33
19-13-15,0,33,0,0,0,0,0,0,0,0,0,0,34,57,0,33
19-13-25,0,33,0,0,0,0,0,0,0,0,0,0,34,56,0,33
19-13-35,0,33,0,0,0,0,0,0,0,0,0,0,34,57,0,33
19-13-45,0,33,0,0,0,0,0,0,0,0,0,0,34,57,0,33
19-13-55,0,33,0,0,0,0,0,0,0,0,0,0,34,57,0,33
19-14-05,0,33,0,0,0,0,0,0,0,0,0,0,34,57,0,33
19-14-15,0,33,0,0,0,0,0,0,0,0,0,0,34,57,0,33
19-14-25,0,33,0,0,0,0,0,0,0,0,0,0,34,57,0,33
19-14-35,0,33,0,0,0,0,0,0,0,0,0,0,34,57,0,33
19-14-45,0,33,0,0,0,0,0,0,0,0,0,0,34,57,0,33
19-14-55,0,33,0,0,0,0,0,0,0,0,0,0,34,57,0,33
19-15-05,0,33,0,0,0,0,0,0,0,0,0,0,34,56,0,33
19-15-15,0,33,0,0,0,0,0,0,0,0,0,0,34,57,0,33
19-15-25,0,33,0,0,0,0,0,0,0,0,0,0,34,57,0,33
19-15-35,0,33,0,0,0,0,0,0,0,0,0,0,34,56,0,33
19-15-45,0,33,0,0,0,0,0,0,0,0,0,0,34,56,0,33
19-15-55,0,33,0,0,0,0,0,0,0,0,0,0,34,57,0,32
19-16-05,0,33,0,0,0,0,0,0,0,0,0,0,34,56,0,33
19-16-15,0,33,0,0,0,0,0,0,0,0,0,0,34,56,0,33
19-16-25,0,33,0,0,0,0,0,0,0,0,0,0,34,57,0,33
19-16-35,0,33,0,0,0,0,0,0,0,0,0,0,34,57,0,33
19-16-45,0,33,0,0,0,0,0,0,0,0,0,0,34,57,0,33
19-16-55,0,33,0,0,0,0,0,0,0,0,0,0,34,56,0,33
19-17-05,0,33,0,0,0,0,0,0,0,0,0,0,34,57,0,33
19-17-15,0,33,0,0,0,0,0,0,0,0,0,0,34,57,0,33
19-17-25,0,33,0,0,0,0,0,0,0,0,0,0,34,57,0,33
19-17-35,0,33,0,0,0,0,0,0,0,0,0,0,34,56,0,33
19-17-45,0,33,0,0,0,0,0,0,0,0,0,0,34,57,0,33
19-17-55,0,33,0,0,0,0,0,0,0,0,0,0,34,57,0,33
19-18-05,0,33,0,0,0,0,0,0,0,0,0,0,34,57,0,33
19-18-15,0,33,0,0,0,0,0,0,0,0,0,0,34,57,0,33
19-18-25,0,33,0,0,0,0,0,0,0,0,0,0,34,57,0,33
19-18-35,0,33,0,0,0,0,0,0,0,0,0,0,34,57,0,33
19-18-45,0,33,0,0,0,0,0,0,0,0,0,0,34,57,0,33
19-18-55,0,33,0,0,0,0,0,0,0,0,0,0,34,57,0,33
19-19-05,0,33,0,0,0,0,0,0,0,0,0,0,34,57,0,33
19-19-15,0,33,0,0,0,0,0,0,0,0,0,0,34,57,0,33
19-19-25,0,33,0,0,0,0,0,0,0,0,0,0,34,56,0,33
19-19-35,0,33,0,0,0,0,0,0,0,0,0,0,34,56,0,33
19-19-45,0,33,0,0,0,0,0,0,0,0,0,0,34,57,0,33
19-19-55,0,33,0,0,0,0,0,0,0,0,0,0,34,57,0,33
19-20-05,0,33,0,0,0,0,0,0,0,0,0,0,34,57,0,33
19-20-15,0,33,0,0,0,0,0,0,0,0,0,0,34,57,0,33
19-20-25,0,34,0,0,0,0,0,0,0,0,0,0,34,57,0,33
19-20-35,0,34,0,0,0,0,0,0,0,0,0,0,34,57,0,33
19-20-45,0,35,0,0,0,0,0,0,0,0,0,0,34,57,0,33
19-20-55,0,34,0,0,0,0,0,0,0,0,0,0,34,57,0,33
19-21-05,0,34,0,0,0,0,0,0,0,0,0,0,34,57,0,33
19-21-15,0,34,0,0,0,0,0,0,0,0,0,0,34,57,0,33
19-21-25,0,33,0,0,0,0,0,0,0,0,0,0,34,57,0,33
19-21-35,0,34,0,0,0,0,0,0,0,0,0,0,34,57,0,33
19-21-45,0,34,0,0,0,0,0,0,0,0,0,0,35,57,0,33
19-21-55,0,34,0,0,0,0,0,0,0,0,0,0,34,57,0,33
19-22-05,0,34,0,0,0,0,0,0,0,0,0,0,34,57,0,33
19-22-15,0,34,0,0,0,0,0,0,0,0,0,0,34,57,0,0
19-22-25,0,34,0,0,0,0,0,0,0,0,0,0,34,56,0,0
19-22-35,0,34,0,0,0,0,0,0,0,0,0,0,34,57,0,0
19-22-45,0,34,0,0,0,0,0,0,0,0,0,0,34,57,0,0
19-22-55,0,34,0,0,0,0,0,0,0,0,0,0,34,57,0,0
19-23-05,0,34,0,0,0,0,0,0,0,0,0,0,34,57,0,0
19-23-15,0,34,0,0,0,0,0,0,0,0,0,0,34,57,0,0
19-23-25,0,34,0,0,0,0,0,0,0,0,0,0,34,56,0,0
19-23-35,0,35,0,0,0,0,0,0,0,0,0,0,34,57,0,0
19-23-45,0,35,0,0,0,0,0,0,0,0,0,0,34,57,0,0
19-23-55,0,34,0,0,0,0,0,0,0,0,0,0,34,57,0,0
19-24-05,0,34,0,0,0,0,0,0,0,0,0,0,34,56,0,0
19-24-15,0,33,0,0,0,0,0,0,0,0,0,0,34,57,0,0
19-24-25,0,34,0,0,0,0,0,0,0,0,0,0,34,58,0,0
19-24-35,0,34,0,0,0,0,0,0,0,0,0,0,34,58,0,0
19-24-45,0,33,0,0,0,0,0,0,0,0,0,0,34,57,0,0
19-24-55,0,34,0,0,0,0,0,0,0,0,0,0,34,57,0,0
19-25-05,0,34,0,0,0,0,0,0,0,0,0,0,34,57,0,0
19-25-15,0,34,0,0,0,0,0,0,0,0,0,0,35,57,0,0
19-25-25,0,34,0,0,0,0,0,0,0,0,0,0,34,57,0,0
19-25-35,0,34,0,0,0,0,0,0,0,0,0,0,34,57,0,0
19-25-45,0,34,0,0,0,0,0,0,0,0,0,0,35,57,0,0
19-25-55,0,42,0,0,0,0,0,0,0,0,0,0,33,51,0,0
19-26-05,0,48,0,0,0,0,0,0,0,0,0,0,33,51,0,0
19-26-15,0,48,0,0,0,0,0,0,0,0,0,0,33,50,0,0
19-26-25,0,48,0,0,0,0,0,0,0,0,0,0,33,49,0,0
19-26-35,0,47,0,0,0,0,0,0,0,0,0,0,33,51,0,0
19-26-45,0,47,0,0,0,0,0,0,0,0,0,0,33,49,0,0
19-26-55,0,48,0,0,0,0,0,0,0,0,0,0,33,50,0,0
19-27-05,0,48,0,0,0,0,0,0,0,0,0,0,33,50,0,0
19-27-15,0,48,0,0,0,0,0,0,0,0,0,0,33,51,0,0
19-27-25,0,48,0,0,0,0,0,0,0,0,0,0,33,51,0,0
19-27-35,0,48,0,0,0,0,0,0,0,0,0,0,33,51,0,0
19-27-45,0,48,0,0,0,0,0,0,0,0,0,0,33,52,0,0
19-27-55,0,48,0,0,0,0,0,0,0,0,0,0,33,50,0,0
19-28-05,0,48,0,0,0,0,0,0,0,0,0,0,33,51,0,0
19-28-15,0,47,0,0,0,0,0,0,0,0,0,0,33,51,0,0
19-28-25,0,48,0,0,0,0,0,0,0,0,0,0,33,51,0,0
19-28-35,0,48,0,0,0,0,0,0,0,0,0,0,33,50,0,0
19-28-45,0,48,0,0,0,0,0,0,0,0,0,0,33,50,0,0
19-28-55,0,47,0,0,0,0,0,0,0,0,0,0,33,51,0,0
19-29-05,0,48,0,0,0,0,0,0,0,0,0,0,33,49,0,0
19-29-15,0,48,0,0,0,0,0,0,0,0,0,0,33,50,0,0
19-29-25,0,39,0,0,0,0,0,0,0,0,0,0,34,52,0,0
19-29-35,0,40,0,0,0,0,0,0,0,0,0,0,34,51,0,0
19-29-45,0,45,0,0,0,0,0,0,0,0,0,0,34,51,0,0
19-29-55,0,45,0,0,0,0,0,0,0,0,0,0,34,51,0,0
19-30-05,0,44,0,0,0,0,0,0,0,0,0,0,34,52,0,0
19-30-15,0,45,0,0,0,0,0,0,0,0,0,0,34,50,0,0
19-30-25,0,47,0,0,0,0,0,0,0,0,0,0,33,51,0,0
19-30-35,0,48,0,0,0,0,0,0,0,0,0,0,33,50,0,0
19-30-45,0,47,0,0,0,0,0,0,0,0,0,0,33,51,0,0
19-30-55,0,47,0,0,0,0,0,0,0,0,0,0,33,52,0,0
19-31-05,0,48,0,0,0,0,0,0,0,0,0,0,33,51,0,0
19-31-15,0,47,0,0,0,0,0,0,0,0,0,0,33,51,0,0
19-31-25,0,48,0,0,0,0,0,0,0,0,0,0,33,50,0,0
19-31-35,0,47,0,0,0,0,0,0,0,0,0,0,33,51,0,0
19-31-45,0,48,0,0,0,0,0,0,0,0,0,0,33,51,0,0
19-31-55,0,47,0,0,0,0,0,0,0,0,0,0,33,51,0,0
19-32-05,0,48,0,0,0,0,0,0,0,0,0,0,33,51,0,0
19-32-15,0,48,0,0,0,0,0,0,0,0,0,0,0,51,0,0
19-32-25,0,47,0,0,0,0,0,0,0,0,0,0,0,50,0,0
19-32-35,0,48,0,0,0,0,0,0,0,0,0,0,0,49,0,0
19-32-45,0,47,0,0,0,0,0,0,0,0,0,0,0,51,0,0
19-32-55,0,47,0,0,0,0,0,0,0,0,0,0,0,50,0,0
19-33-05,0,48,0,0,0,0,0,0,0,0,0,0,0,51,0,0
19-33-15,0,48,0,0,0,0,0,0,0,0,0,0,0,51,0,0
19-33-25,0,47,0,0,0,0,0,0,0,0,0,0,0,50,0,0
19-33-35,0,47,0,0,0,0,0,0,0,0,0,0,0,50,0,0
19-33-45,0,47,0,0,0,0,0,0,0,0,0,0,0,50,0,0
19-33-55,0,47,0,0,0,0,0,0,0,0,0,0,0,51,0,0
19-34-05,0,48,0,0,0,0,0,0,0,0,0,0,0,49,0,0
19-34-15,0,48,0,0,0,0,0,0,0,0,0,0,0,52,0,0
19-34-25,0,48,0,0,0,0,0,0,0,0,0,0,0,49,0,0
19-34-35,0,47,0,0,0,0,0,0,0,0,0,0,0,49,0,0
19-34-45,0,48,0,0,0,0,0,0,0,0,0,0,0,51,0,0
19-34-55,0,48,0,0,0,0,0,0,0,0,0,0,0,50,0,0
19-35-05,0,47,0,0,0,0,0,0,0,0,0,0,0,50,0,0
19-35-15,0,48,0,0,0,0,0,0,0,0,0,0,0,50,0,0
19-35-25,0,48,0,0,0,0,0,0,0,0,0,0,0,50,0,0
19-35-35,0,48,0,0,0,0,0,0,0,0,0,0,0,51,0,0
19-35-45,0,47,0,0,0,0,0,0,0,0,0,0,0,51,0,0
19-35-55,0,48,0,0,0,0,0,0,0,0,0,0,0,50,0,0
19-36-05,0,48,0,0,0,0,0,0,0,0,0,0,0,50,0,0
19-36-15,0,47,0,0,0,0,0,0,0,0,0,0,0,50,0,0
19-36-25,0,48,0,0,0,0,0,0,0,0,0,0,0,51,0,0
19-36-35,0,48,0,0,0,0,0,0,0,0,0,0,0,51,0,0
19-36-45,0,48,0,0,0,0,0,0,0,0,0,0,0,50,0,0
19-36-55,0,48,0,0,0,0,0,0,0,0,0,0,0,52,0,0
19-37-05,0,47,0,0,0,0,0,0,0,0,0,0,0,50,0,0
19-37-15,0,48,0,0,0,0,0,0,0,0,0,0,0,52,0,0
19-37-25,0,48,0,0,0,0,0,0,0,0,0,0,0,51,0,0
19-37-35,0,48,0,0,0,0,0,0,0,0,0,0,0,51,0,0
19-37-45,0,47,0,0,0,0,0,0,0,0,0,0,0,52,0,0
19-37-55,0,48,0,0,0,0,0,0,0,0,0,0,0,51,0,0
19-38-05,0,47,0,0,0,0,0,0,0,0,0,0,0,50,0,0
19-38-15,0,47,0,0,0,0,0,0,0,0,0,0,0,51,0,0
19-38-25,0,48,0,0,0,0,0,0,0,0,0,0,0,51,0,0
19-38-35,0,47,0,0,0,0,0,0,0,0,0,0,0,51,0,0
19-38-45,0,47,0,0,0,0,0,0,0,0,0,0,0,50,0,0
19-38-55,0,48,0,0,0,0,0,0,0,0,0,0,0,51,0,0
