date,Veylan,Sofi,Neve,Elliot,Riella,Dash,Dario,Eleanor,Bodhi,Mary,Erin
00-00-00,0,128,0,0,0,0,0,0,0,0,0
00-15-92,113,0,0,0,0,0,0,0,0,0,0
00-21-17,0,0,0,0,0,0,0,0,0,0,0
00-25-60,0,0,0,0,0,0,0,0,0,0,40
00-28-80,0,0,0,0,0,57,0,0,0,0,0
00-35-22,0,0,0,0,0,51,0,0,0,0,0
00-39-86,0,0,0,0,0,0,0,0,0,0,53
00-44-19,0,0,0,0,0,0,73,0,0,0,0
00-44-32,0,0,0,0,79,0,0,0,0,0,0
00-51-04,0,0,0,0,58,0,0,0,0,0,0
00-51-39,0,0,0,0,79,0,0,0,0,0,0
00-58-28,0,0,0,0,0,0,103,0,0,0,0
00-61-44,0,0,0,0,0,0,0,0,0,0,0
00-61-82,0,0,0,0,0,0,0,0,0,116,0
00-62-32,0,0,0,0,0,0,0,0,0,0,0
00-63-20,0,0,0,0,0,0,0,0,0,0,0
00-70-56,0,0,0,0,58,0,0,0,0,0,0
00-87-05,0,0,0,0,0,47,0,0,0,0,0
01-01-77,0,0,0,0,55,0,0,0,0,0,0
01-06-39,0,0,0,0,0,0,0,0,0,0,0
01-09-54,0,0,0,0,0,0,0,0,0,35,0
01-09-68,0,0,0,0,0,0,107,0,0,0,0
01-12-27,0,0,0,0,53,0,0,0,0,0,0
01-28-74,0,0,0,0,0,0,0,0,0,0,0
01-42-08,0,0,0,0,58,0,0,0,0,0,0
01-44-55,0,0,0,0,0,0,0,99,0,0,0
01-45-16,0,0,0,0,0,0,0,0,0,0,0
01-45-79,0,0,0,0,0,0,0,0,0,0,0
01-45-83,0,0,0,0,0,0,0,0,0,0,0
01-45-96,0,0,0,0,0,0,0,0,0,0,0
01-47-20,0,0,0,0,58,0,0,0,0,0,0
01-63-68,0,0,0,0,0,0,0,0,0,35,0
01-79-29,0,127,0,0,0,0,0,0,0,0,0
02-05-61,0,0,0,0,0,0,40,0,0,0,0
02-26-93,0,0,0,0,0,91,0,0,0,0,0
02-29-05,0,0,0,0,58,0,0,0,0,0,0
02-42-91,0,0,0,0,0,0,0,0,0,0,0
02-71-47,0,0,0,0,0,45,0,0,0,0,0
02-71-53,0,128,0,0,0,0,0,0,0,0,0
02-71-62,0,0,0,0,0,0,80,0,0,0,0
02-74-17,0,0,0,0,119,0,0,0,0,0,0
02-90-58,0,0,0,0,54,0,0,0,0,0,0
02-94-88,0,0,0,0,96,0,0,0,0,0,0
03-13-63,0,0,0,0,58,0,0,0,0,0,0
03-13-73,0,0,0,0,58,0,0,0,0,0,0
03-20-12,0,0,0,0,116,0,0,0,0,0,0
03-20-86,0,0,0,0,0,0,0,73,0,0,0
03-21-88,0,0,0,0,0,0,0,73,0,0,0
03-26-34,0,0,0,0,0,42,0,0,0,0,0
03-26-40,0,0,0,0,58,0,0,0,0,0,0
03-30-27,0,0,0,0,0,0,124,0,0,0,0
03-31-52,0,0,0,0,58,0,0,0,0,0,0
03-44-64,0,0,0,0,0,0,0,0,122,0,0
03-46-16,0,0,0,0,0,0,0,0,0,0,0
03-50-09,0,0,0,0,0,0,0,0,0,0,0
03-58-42,0,0,0,0,108,0,0,0,0,0,0
03-61-31,0,0,0,0,0,0,0,0,68,0,0
03-63-54,0,0,0,0,108,0,0,0,0,0,0
03-64-16,0,0,0,0,0,0,0,0,0,0,0
03-64-19,0,0,0,0,0,0,0,0,0,0,0
03-64-24,0,0,0,0,0,0,0,0,0,0,0
03-64-32,0,0,0,0,0,0,0,0,0,0,0
03-64-64,0,0,0,0,0,0,0,0,0,0,0
03-64-72,0,0,0,0,0,0,0,0,0,0,0
03-65-28,0,0,0,0,0,0,0,0,0,0,0
03-66-12,0,0,0,0,0,0,0,72,0,0,0
03-66-56,0,0,0,0,0,0,0,0,0,0,0
03-66-63,0,0,0,0,0,0,0,0,0,0,0
03-66-64,0,0,0,0,0,0,0,0,0,0,0
03-71-45,0,0,0,0,0,0,124,0,0,0,0
03-76-32,0,0,0,0,0,0,0,0,68,0,0
03-82-19,0,0,0,0,108,0,0,0,0,0,0
03-85-22,0,0,0,0,55,0,0,0,0,0,0
03-85-78,0,0,0,0,55,0,0,0,0,0,0
03-88-50,0,0,0,0,75,0,0,0,0,0,0
04-00-25,0,0,0,0,0,0,0,0,0,0,0
04-14-09,0,0,0,0,58,0,0,0,0,0,0
04-18-94,0,0,0,0,0,0,107,0,0,0,0
04-23-86,0,0,0,0,117,0,0,0,0,0,0
04-31-99,0,0,0,0,0,0,0,0,0,0,0
04-32-20,0,0,0,0,58,0,0,0,0,0,0
04-35-33,0,0,0,0,56,0,0,0,0,0,0
04-43-61,60,0,0,0,0,0,0,0,0,0,0
04-45-46,0,0,0,0,0,40,0,0,0,0,0
04-50-18,0,0,0,0,58,0,0,0,0,0,0
04-51-46,0,0,0,0,0,0,0,0,0,0,0
04-56-33,0,0,0,0,0,66,0,0,0,0,0
04-61-21,0,0,0,0,0,0,0,0,0,0,0
04-63-23,0,0,0,0,56,0,0,0,0,0,0
04-66-61,0,0,0,0,0,88,0,0,0,0,0
04-69-30,0,0,0,0,108,0,0,0,0,0,0
04-71-48,0,0,0,0,0,0,0,0,0,0,0
04-72-87,0,0,0,0,0,0,0,0,0,0,0
04-72-97,0,0,0,0,0,0,0,0,0,0,0
04-73-80,0,0,0,0,0,0,0,0,0,0,0
04-73-94,0,0,0,0,0,0,0,0,0,0,0
04-74-04,0,0,0,0,0,0,0,0,0,0,0
04-74-22,0,0,0,0,0,0,0,0,0,0,0
04-76-34,0,0,0,0,56,0,0,0,0,0,0
04-79-46,64,0,0,0,0,0,0,0,0,0,0
04-83-61,0,0,0,0,0,40,0,0,0,0,0
04-89-61,0,77,0,0,0,0,0,0,0,0,0
04-89-94,0,0,0,0,117,0,0,0,0,0,0
04-91-17,0,0,0,0,70,0,0,0,0,0,0
05-07-52,0,0,0,0,117,0,0,0,0,0,0
05-08-43,0,0,0,0,58,0,0,0,0,0,0
05-09-70,0,0,0,0,58,0,0,0,0,0,0
05-21-79,0,0,0,0,0,0,0,0,87,0,0
05-35-04,0,0,0,0,0,0,124,0,0,0,0
05-39-54,0,0,0,0,0,0,0,107,0,0,0
05-49-39,0,0,0,0,58,0,0,0,0,0,0
05-54-31,0,0,0,0,0,0,0,0,0,122,0
05-56-86,0,0,0,0,0,66,0,0,0,0,0
05-68-96,0,0,0,0,0,0,0,0,0,0,0
05-69-04,0,0,0,0,0,0,0,0,0,0,0
05-73-69,0,0,0,0,0,66,0,0,0,0,0
05-90-26,31,0,0,0,0,0,0,0,0,0,0
05-92-31,0,0,0,0,0,0,0,0,0,0,0
06-02-40,0,0,0,0,0,47,0,0,0,0,0
06-03-54,0,0,0,0,0,0,0,0,0,0,0
06-07-07,0,0,0,0,0,0,0,0,0,0,40
06-09-03,0,0,0,0,0,47,0,0,0,0,0
06-13-29,0,0,0,0,0,66,0,0,0,0,0
06-14-10,0,0,0,0,0,0,0,0,85,0,0
06-30-26,0,0,0,0,56,0,0,0,0,0,0
06-30-40,0,0,0,0,57,0,0,0,0,0,0
06-35-24,0,0,0,0,0,0,0,0,0,0,0
06-38-43,0,0,0,0,0,58,0,0,0,0,0
06-45-25,0,0,0,0,0,0,124,0,0,0,0
06-57-20,0,0,0,0,0,0,107,0,0,0,0
06-80-51,0,0,0,0,0,0,124,0,0,0,0
06-88-40,0,0,0,0,0,47,0,0,0,0,0
06-89-52,0,0,0,0,0,0,37,0,0,0,0
07-02-88,0,0,0,0,58,0,0,0,0,0,0
07-05-44,0,0,0,0,58,0,0,0,0,0,0
07-05-84,0,0,0,0,58,0,0,0,0,0,0
07-07-76,0,0,0,0,58,0,0,0,0,0,0
07-13-17,0,0,0,0,0,0,0,0,0,0,0
07-14-18,0,0,0,0,110,0,0,0,0,0,0
07-18-72,0,0,0,0,0,0,0,0,0,0,0
07-36-63,0,0,0,0,0,0,0,0,32,0,0
07-46-00,0,0,0,0,0,0,0,0,0,0,0
07-57-85,0,0,0,0,108,0,0,0,0,0,0
07-62-25,0,0,0,0,55,0,0,0,0,0,0
07-63-63,0,0,0,0,0,0,0,0,0,0,0
07-64-21,0,0,0,0,54,0,0,0,0,0,0
07-85-60,0,119,0,0,0,0,0,0,0,0,0
07-99-51,0,0,0,0,57,0,0,0,0,0,0
07-99-67,0,0,0,0,57,0,0,0,0,0,0
08-04-18,0,0,0,0,56,0,0,0,0,0,0
08-05-38,0,0,0,0,0,0,0,0,0,0,0
08-29-44,0,0,0,0,0,0,124,0,0,0,0
08-32-73,0,0,0,0,0,0,0,0,0,0,0
08-41-47,0,0,0,0,0,0,0,0,0,0,71
08-43-52,0,0,0,0,0,0,0,0,86,0,0
08-62-20,0,0,0,0,0,31,0,0,0,0,0
08-73-20,0,0,0,0,0,0,0,0,0,0,0
08-79-04,0,0,0,0,0,57,0,0,0,0,0
08-86-74,0,0,0,0,0,0,0,0,0,0,0
08-88-33,0,0,0,0,0,0,0,0,0,0,0
08-88-85,56,0,0,0,0,0,0,0,0,0,0
08-89-95,0,0,0,0,56,0,0,0,0,0,0
08-92-82,0,0,0,0,0,0,0,0,0,0,0
09-00-05,0,0,48,31,0,0,33,0,0,0,0
09-00-15,0,0,48,31,0,0,0,0,0,0,0
09-00-25,0,31,48,31,0,0,0,31,0,0,0
09-00-35,0,0,48,0,0,0,0,0,0,0,0
09-00-45,0,0,48,32,0,0,31,31,0,0,0
09-00-55,0,0,48,0,0,0,31,0,0,0,0
09-01-05,0,0,48,31,0,0,0,31,0,0,0
09-01-15,0,31,48,0,0,0,0,31,0,0,0
09-01-25,0,31,48,0,0,0,31,31,0,0,0
09-01-35,0,31,48,31,0,0,0,31,0,0,0
09-01-45,0,31,48,31,0,0,32,31,0,0,0
09-01-55,0,31,48,31,31,0,0,31,0,0,0
09-02-05,0,0,48,31,0,0,31,0,0,0,0
09-02-11,0,0,0,0,41,0,0,0,0,0,0
09-02-15,0,31,48,0,0,32,32,31,0,0,0
09-02-25,0,32,47,0,31,0,36,31,0,0,0
09-02-35,0,31,47,0,0,0,35,31,0,0,0
09-02-45,0,32,48,0,0,0,35,31,0,0,0
09-02-55,0,31,47,32,0,0,35,31,0,0,0
09-03-05,0,0,47,0,0,0,35,0,0,0,0
09-03-15,0,0,47,0,0,31,34,31,0,0,0
09-03-25,0,31,47,31,0,0,33,31,0,0,0
09-03-35,0,31,47,31,0,0,34,0,0,0,0
09-03-45,0,0,47,31,0,0,35,0,0,0,0
09-03-55,0,0,47,32,0,0,34,31,0,0,0
09-04-05,0,0,47,31,0,0,35,31,0,0,0
09-04-15,0,0,47,31,0,0,34,31,0,0,0
09-04-25,0,0,47,0,0,0,35,0,0,0,0
09-04-35,0,0,47,0,0,0,35,31,0,0,0
09-04-45,0,0,47,0,0,0,34,31,0,0,0
09-04-55,0,0,47,0,0,0,35,31,0,0,0
09-05-05,0,0,47,0,0,0,35,0,0,0,0
09-05-15,0,31,47,0,0,0,36,31,0,0,0
09-05-25,0,0,47,0,0,0,36,0,0,0,0
09-05-35,0,31,47,0,0,0,35,31,0,0,0
09-05-45,0,31,47,0,0,31,35,0,0,0,0
09-05-55,0,31,47,0,0,0,35,31,0,0,0
09-06-05,0,0,47,31,0,0,34,0,0,0,0
09-06-15,0,0,47,31,0,0,37,0,0,0,0
09-06-25,0,0,47,33,0,0,35,32,0,0,0
09-06-35,0,0,48,33,0,0,36,0,0,0,0
09-06-45,0,0,48,33,0,0,38,0,0,0,0
09-06-55,0,0,48,33,0,0,38,31,0,0,0
09-07-05,0,0,48,33,0,0,37,0,0,0,0
09-07-15,0,0,48,33,0,0,35,0,0,0,0
09-07-25,0,0,48,32,0,0,38,0,0,0,0
09-07-35,0,0,48,33,0,0,35,0,0,0,0
09-07-45,0,0,48,33,0,0,36,0,0,0,0
09-07-55,0,0,48,32,0,0,37,0,0,0,0
09-08-05,0,0,48,32,0,0,37,0,0,0,0
09-08-15,0,0,48,32,0,0,36,0,0,0,0
09-08-25,0,0,48,33,0,0,37,0,0,0,0
09-08-35,0,0,48,33,0,0,36,44,0,0,0
09-08-45,0,0,48,32,0,0,37,0,0,0,0
09-08-55,0,0,48,33,0,0,38,0,0,0,0
09-09-05,0,0,48,33,0,0,37,0,0,0,0
09-09-15,0,0,48,33,0,0,36,0,0,0,0
09-09-25,0,0,48,33,0,0,36,0,0,0,0
09-09-35,0,0,48,32,0,0,36,31,0,0,0
09-09-45,0,0,48,33,0,0,37,31,0,0,0
09-09-55,0,0,48,32,0,0,36,31,0,0,0
09-10-05,0,0,48,33,0,0,37,0,0,0,0
09-10-15,0,0,48,32,0,0,35,0,0,0,0
09-10-25,0,0,48,32,0,0,35,31,0,0,0
09-10-35,0,0,47,33,0,0,35,0,0,0,0
09-10-45,0,0,48,33,0,0,35,0,0,0,0
09-10-55,0,0,48,32,0,0,36,0,0,0,0
09-11-05,0,0,47,32,0,0,37,0,0,0,0
09-11-15,0,0,48,33,0,0,35,50,0,0,0
09-11-25,0,0,48,32,0,0,35,0,0,0,0
09-11-35,0,0,48,32,0,0,35,0,0,0,0
09-11-45,0,0,48,32,0,0,36,0,0,0,0
09-11-55,0,0,48,32,0,0,36,0,0,0,0
09-12-05,0,0,48,31,0,0,35,0,0,0,0
09-12-15,0,0,48,32,0,0,35,0,0,0,0
09-12-25,0,0,48,32,0,0,36,0,0,0,0
09-12-35,0,0,48,32,0,0,35,0,0,0,0
09-12-45,0,0,48,32,0,0,37,0,0,0,0
09-12-55,0,0,48,32,0,0,36,0,0,0,0
09-13-05,0,0,48,32,0,0,35,0,0,0,0
09-13-15,0,0,48,32,0,0,36,0,0,0,0
09-13-25,0,0,48,31,0,0,36,0,0,0,0
09-13-35,0,0,48,32,0,0,37,0,0,0,0
09-13-45,0,0,48,32,0,0,36,31,0,0,0
09-13-55,0,0,48,32,0,0,35,0,0,0,0
09-14-05,0,0,48,32,0,0,36,31,0,0,0
09-14-15,0,0,48,32,0,0,37,0,0,0,0
09-14-25,0,0,48,32,0,0,37,0,0,0,0
09-14-35,0,0,48,32,0,0,36,0,0,0,0
09-14-45,0,0,48,32,0,0,35,0,0,0,0
09-14-55,0,0,48,32,0,0,35,0,0,0,0
09-15-05,0,0,48,32,0,0,36,0,0,0,0
09-15-15,0,0,48,32,0,0,36,0,0,0,0
09-15-25,0,0,48,32,0,0,35,0,0,0,0
09-15-35,0,0,48,32,0,0,37,0,0,0,0
09-15-45,0,0,48,32,0,0,36,0,0,0,0
09-15-55,0,0,48,32,0,0,35,0,0,0,0
09-16-05,0,0,48,32,0,0,37,0,0,0,0
09-16-15,0,0,48,33,0,0,38,0,0,0,0
09-16-25,0,0,48,33,0,0,37,0,0,0,0
09-16-35,0,0,48,32,0,0,36,0,0,0,0
09-16-45,0,0,48,32,0,0,37,0,0,0,0
09-16-55,0,0,48,31,0,0,38,0,0,0,0
09-17-05,0,0,48,32,0,0,38,0,0,0,0
09-17-15,0,0,48,32,0,0,39,0,0,0,0
09-17-25,0,0,48,33,0,0,38,0,0,0,0
09-17-35,0,0,48,32,0,0,36,0,0,0,0
09-17-45,0,0,48,32,0,0,36,0,0,0,0
09-17-55,0,0,48,32,0,0,36,0,0,0,0
09-18-05,0,0,48,32,0,0,36,0,0,0,0
09-18-15,0,0,48,32,0,0,37,0,0,0,0
09-18-25,0,0,48,32,0,0,35,0,0,0,0
09-18-35,0,0,48,32,0,0,36,0,0,0,0
09-18-45,0,0,48,32,0,0,36,0,0,0,0
09-18-55,0,0,48,32,0,0,35,0,0,0,0
09-19-05,0,0,48,32,0,0,35,0,0,0,0
09-19-15,0,0,48,32,0,0,36,0,0,0,0
09-19-25,0,0,48,32,0,0,34,0,0,0,0
09-19-35,0,0,48,32,0,0,35,0,0,0,0
09-19-45,0,0,48,31,0,0,36,0,0,0,0
09-19-55,0,0,48,32,0,0,36,0,0,0,0
09-20-05,0,0,48,32,0,0,36,0,0,0,0
09-20-15,0,0,48,32,0,0,36,0,0,0,0
09-20-25,0,0,48,31,0,0,36,0,0,0,0
09-20-35,0,0,48,32,0,0,37,0,0,0,0
09-20-45,0,0,48,33,0,0,36,31,0,0,0
09-20-55,0,0,48,32,0,0,35,0,0,0,0
09-21-05,0,0,47,32,0,0,35,0,0,0,0
09-21-15,0,0,48,32,0,0,36,0,0,0,0
09-21-25,0,0,48,32,0,0,36,0,0,0,0
09-21-35,0,0,48,32,0,0,36,0,0,0,0
09-21-45,0,0,47,32,0,0,34,0,0,0,0
09-21-55,0,0,47,33,0,0,37,0,0,0,0
09-22-05,0,0,47,33,0,0,36,0,0,0,0
09-22-15,0,0,47,32,0,0,32,0,0,0,0
09-22-25,0,0,47,32,0,0,0,31,0,0,0
09-22-35,0,0,47,32,0,0,0,0,0,0,0
09-22-45,0,0,47,32,0,0,0,0,0,0,0
09-22-55,0,0,47,32,0,0,0,0,0,0,0
09-22-89,0,0,0,0,78,0,0,0,0,0,0
09-23-05,0,0,47,32,0,0,0,0,0,0,0
09-23-15,0,0,47,32,0,0,34,0,0,0,0
09-23-25,0,0,47,32,0,0,0,0,0,0,0
09-23-35,0,0,47,32,0,0,0,0,0,0,0
09-23-45,0,0,47,32,0,0,0,0,0,0,0
09-23-55,0,0,47,32,0,0,0,0,0,0,0
09-24-05,0,0,47,32,0,0,0,0,0,0,0
09-24-15,0,0,47,32,0,0,0,0,0,0,0
09-24-25,0,0,47,32,0,0,0,0,0,0,0
09-24-35,0,0,47,31,0,0,0,0,0,0,0
09-24-45,0,0,47,32,0,0,0,0,0,0,0
09-24-55,0,0,48,32,0,0,0,0,0,0,0
09-25-05,0,0,47,32,0,0,0,0,0,0,0
09-25-15,0,0,47,32,0,0,0,0,0,0,0
09-25-25,0,0,47,31,0,0,0,0,0,0,0
09-25-35,0,0,47,32,0,0,0,0,0,0,0
09-25-45,0,0,47,32,0,0,0,0,0,0,0
09-25-55,0,0,47,32,0,0,0,0,0,0,0
09-26-05,0,0,47,32,0,0,0,0,0,0,0
09-26-15,0,0,47,32,0,0,0,0,0,0,0
09-26-25,0,0,47,32,0,0,0,0,0,0,0
09-26-35,0,0,47,31,0,0,0,0,0,0,0
09-26-45,0,0,47,32,0,0,0,0,0,0,0
09-26-55,0,0,47,32,0,0,0,0,0,0,0
09-27-05,0,0,47,32,0,0,0,0,0,0,0
09-27-15,0,0,47,32,0,0,0,0,0,0,0
09-27-25,0,0,46,32,0,0,0,31,0,0,0
09-27-35,0,0,46,32,0,0,0,31,0,0,0
09-27-45,0,0,47,32,0,0,0,31,0,0,0
09-27-55,0,0,46,32,0,0,0,31,0,0,0
09-28-05,0,0,46,32,0,31,0,31,0,0,0
09-28-15,0,0,47,31,0,32,0,31,0,0,0
09-28-25,0,0,47,32,0,31,0,0,0,0,0
09-28-35,0,0,47,31,0,31,0,0,0,0,0
09-28-45,0,0,47,32,0,31,0,0,0,0,0
09-28-55,0,0,48,32,31,31,0,0,0,0,0
09-29-05,0,0,48,32,33,31,0,0,0,0,0
09-29-15,0,0,48,32,32,31,0,0,0,0,0
09-29-25,0,0,48,32,0,0,0,0,0,0,0
09-29-35,0,0,48,32,0,31,0,0,0,0,0
09-29-45,0,0,48,0,0,31,0,0,0,0,0
09-29-55,0,0,47,0,0,0,0,0,0,0,0
09-30-05,0,0,47,32,0,31,0,0,0,0,0
09-30-15,0,0,48,32,0,0,0,0,0,0,0
09-30-25,0,0,48,32,0,0,0,0,0,0,0
09-30-35,0,0,48,31,0,32,0,0,0,0,0
09-30-45,0,0,48,32,0,0,0,0,0,0,0
09-30-55,0,0,48,31,0,0,0,0,0,0,0
09-31-05,0,0,48,31,0,0,0,0,0,0,0
09-31-15,0,0,48,32,0,0,0,0,0,0,0
09-31-25,0,0,48,32,0,31,0,0,0,0,0
09-31-35,0,0,48,0,0,32,0,0,0,0,0
09-31-45,0,0,48,31,0,0,0,0,0,0,0
09-31-55,0,0,48,32,0,0,0,0,0,0,0
09-32-05,0,0,48,32,31,0,0,0,0,0,0
09-32-15,0,0,48,31,0,0,0,0,0,0,0
09-32-25,0,0,48,32,0,0,0,0,0,0,0
09-32-35,0,0,48,31,31,0,0,0,0,0,0
09-32-45,0,0,48,32,0,0,0,0,0,0,0
09-32-55,0,0,48,32,0,0,38,0,0,0,0
09-33-05,0,0,48,32,31,0,0,0,0,0,0
09-33-15,0,0,48,31,0,0,0,0,0,0,0
09-33-25,0,0,48,31,0,31,0,0,0,0,0
09-33-35,0,0,48,32,0,32,0,0,0,0,0
09-33-45,0,0,49,32,0,31,0,0,0,0,0
09-33-55,0,0,48,32,0,31,0,0,0,0,0
09-34-04,0,0,0,0,57,0,0,0,0,0,0
09-34-05,0,0,47,32,0,32,0,0,0,0,0
09-34-15,0,0,47,32,0,32,0,0,0,0,0
09-34-25,0,0,47,32,0,31,0,0,0,0,0
09-34-35,0,0,47,32,0,31,0,0,0,0,0
09-34-45,0,0,48,33,0,32,0,0,0,0,0
09-34-55,0,0,49,33,0,0,0,0,0,0,0
09-35-05,0,0,49,33,31,31,0,0,0,0,0
09-35-15,0,0,48,32,0,32,0,0,0,0,0
09-35-17,0,0,0,0,57,0,0,0,0,0,0
09-35-25,0,0,48,32,0,31,0,0,0,0,0
09-35-35,0,0,48,32,0,31,0,0,0,0,0
09-35-45,0,0,48,31,0,32,0,0,0,0,0
09-35-55,0,0,48,32,0,32,0,0,0,0,0
09-36-05,0,0,48,31,0,32,0,0,0,0,0
09-36-15,0,0,47,32,0,32,0,0,0,0,0
09-36-25,0,0,47,32,0,31,0,0,0,0,0
09-36-35,0,0,47,32,0,0,0,0,0,0,0
09-36-45,0,0,47,31,0,0,0,0,0,0,0
09-36-55,0,0,47,32,0,32,0,0,0,0,0
09-37-05,0,0,47,31,0,32,0,0,0,0,0
09-37-15,0,0,47,32,0,31,0,0,0,0,0
09-37-25,0,0,47,32,0,32,0,0,0,0,0
09-37-35,0,0,47,32,0,31,0,0,0,0,0
09-37-45,0,0,47,32,0,31,0,0,0,0,0
09-37-55,0,0,47,31,0,34,0,0,0,0,0
09-38-05,0,0,47,31,0,0,0,0,0,0,0
09-38-15,0,0,48,31,0,0,0,0,0,0,0
09-38-25,0,0,47,32,0,31,0,0,0,0,0
09-38-35,0,0,47,32,0,0,0,0,0,0,0
09-38-45,0,0,47,31,0,0,0,0,0,0,0
09-38-55,0,0,48,32,0,0,0,0,0,0,0
09-39-05,0,0,48,32,0,32,0,0,0,0,0
09-39-15,0,0,47,31,0,33,0,0,0,0,0
09-39-25,0,0,47,31,0,0,0,0,0,0,0
09-39-35,0,0,47,32,0,0,0,0,0,0,0
09-39-45,0,0,47,32,0,0,0,0,0,0,0
09-39-55,0,0,47,32,0,0,0,0,0,0,0
09-40-05,0,0,47,31,0,0,0,0,0,0,0
09-40-15,0,0,47,32,0,0,0,0,0,0,0
09-40-25,0,0,47,32,0,0,0,0,0,0,0
09-40-35,0,0,47,31,0,0,0,0,0,0,0
09-40-45,0,0,47,0,0,0,0,0,0,0,0
09-40-55,0,0,47,0,0,0,0,0,0,0,0
09-41-05,0,0,47,0,0,0,0,0,0,0,0
09-41-15,0,0,47,0,0,0,0,0,0,0,0
09-41-25,0,0,46,0,0,0,0,0,0,0,0
09-41-35,0,0,46,0,0,0,0,0,0,0,0
09-41-45,0,0,46,0,0,0,0,0,0,0,0
09-41-55,0,0,46,0,0,0,0,0,0,0,0
09-42-05,0,0,46,0,0,0,0,0,0,0,0
09-42-15,0,0,46,0,0,0,0,0,0,0,0
09-42-25,0,0,46,0,0,0,0,0,0,0,0
09-42-35,0,0,46,0,0,0,0,0,0,0,0
09-42-45,0,0,46,0,0,0,0,0,0,0,0
09-42-55,0,0,46,0,0,0,0,0,0,0,0
09-43-05,0,0,46,0,0,0,0,0,0,0,0
09-43-15,0,32,46,0,0,0,0,0,0,0,0
09-43-25,0,0,46,0,0,0,0,0,0,0,0
09-43-35,0,0,46,0,0,0,0,0,0,0,0
09-43-45,0,0,46,0,0,0,0,0,0,0,0
09-43-55,0,31,46,0,0,0,0,0,0,0,0
09-44-05,0,0,46,0,0,0,0,0,0,0,0
09-44-15,0,0,46,0,0,0,0,0,0,0,0
09-44-25,0,0,46,0,0,0,0,0,0,0,0
09-44-35,0,0,46,0,0,45,0,0,0,0,0
09-44-45,0,0,46,0,0,0,0,0,0,0,0
09-44-51,0,0,0,0,0,45,0,0,0,0,0
09-44-55,0,0,46,0,0,0,0,0,0,0,0
09-45-05,0,0,46,0,0,0,0,0,0,0,0
09-45-15,0,0,46,0,0,0,0,0,0,0,0
09-45-25,0,0,46,0,0,0,0,0,0,0,0
09-45-35,0,0,46,0,0,0,0,0,0,0,0
09-45-45,0,0,46,0,0,0,0,0,0,0,0
09-58-16,0,0,0,0,0,0,95,0,0,0,0
09-58-45,0,0,0,0,0,0,0,32,0,0,0
09-71-07,0,0,125,0,0,0,0,0,0,0,0
09-71-47,0,0,125,0,0,0,0,0,0,0,0
09-77-18,0,0,0,0,0,57,0,0,0,0,0
09-78-35,0,0,0,0,0,0,0,0,0,0,32
09-86-88,0,0,0,0,58,0,0,0,0,0,0
09-92-24,0,0,0,0,0,0,0,0,0,0,0
09-93-72,0,0,0,0,0,0,124,0,0,0,0
09-99-46,0,0,0,0,0,57,0,0,0,0,0
10-00-10,0,0,0,0,0,0,0,0,122,0,0
10-05-53,0,0,0,0,0,0,0,0,0,0,0
10-09-76,0,0,0,0,0,0,0,0,0,0,0
10-15-70,0,0,0,0,0,0,0,0,0,0,0
10-16-67,0,0,0,0,0,0,0,0,68,0,0
10-19-55,0,0,0,0,0,33,0,0,0,0,0
10-20-45,0,0,0,0,0,0,0,0,0,0,0
10-28-70,0,0,0,0,0,0,0,91,0,0,0
10-29-14,0,0,0,0,0,0,0,0,104,0,0
10-30-01,0,0,0,0,0,0,0,0,0,0,0
10-30-21,0,0,125,0,0,0,0,0,0,0,0
10-30-36,0,0,125,0,0,0,0,0,0,0,0
10-30-42,0,0,0,0,0,0,0,0,0,0,0
10-31-02,0,0,0,0,0,0,0,0,0,0,0
10-31-45,0,0,0,0,55,0,0,0,0,0,0
10-54-79,0,0,0,0,0,0,0,0,72,0,0
10-56-09,0,0,0,0,0,0,57,0,0,0,0
10-58-26,0,0,0,0,0,0,57,0,0,0,0
10-67-84,0,0,0,0,0,84,0,0,0,0,0
10-69-28,0,0,0,0,0,0,57,0,0,0,0
10-69-68,0,0,0,0,0,0,57,0,0,0,0
10-92-63,0,0,0,0,56,0,0,0,0,0,0
10-97-23,114,0,0,0,0,0,0,0,0,0,0
11-00-85,0,0,0,0,0,124,0,0,0,0,0
11-11-92,0,0,0,0,0,0,57,0,0,0,0
11-32-64,0,0,0,0,0,0,57,0,0,0,0
11-34-05,0,0,0,0,0,31,0,0,0,0,0
11-64-84,0,0,0,0,0,0,0,0,0,0,0
11-65-79,0,0,0,0,58,0,0,0,0,0,0
11-93-92,0,0,0,0,0,0,57,0,0,0,0
12-08-03,0,0,0,0,0,0,0,0,0,0,0
12-12-00,0,0,0,0,56,0,0,0,0,0,0
12-14-19,0,0,0,0,0,0,0,106,0,0,0
12-26-59,0,0,0,0,54,0,0,0,0,0,0
12-32-45,0,0,0,0,0,31,0,0,0,0,0
12-46-27,0,109,0,0,0,0,0,0,0,0,0
12-49-39,0,0,0,0,58,0,0,0,0,0,0
12-53-37,0,0,0,0,0,0,0,0,0,38,0
12-58-90,0,0,0,0,0,0,0,0,0,0,0
12-75-92,0,0,0,0,0,0,0,0,0,0,68
12-80-81,0,0,0,0,0,0,0,0,0,0,0
12-85-23,0,0,0,0,0,0,0,0,0,0,0
12-86-09,0,0,0,0,55,0,0,0,0,0,0
12-92-24,0,0,0,0,0,0,0,0,0,0,0
12-92-98,0,0,0,0,0,0,124,0,0,0,0
13-00-48,112,0,0,0,0,0,0,0,0,0,0
13-09-21,0,0,0,0,0,0,0,0,0,0,0
13-09-29,0,0,0,0,0,0,0,0,0,0,0
13-16-17,85,0,0,0,0,0,0,0,0,0,0
13-18-44,0,0,0,0,120,0,0,0,0,0,0
13-20-96,60,0,0,0,0,0,0,0,0,0,0
13-21-02,0,0,0,0,0,0,128,0,0,0,0
13-49-29,0,0,0,0,58,0,0,0,0,0,0
13-49-84,0,0,0,0,0,0,57,0,0,0,0
13-54-88,0,0,0,0,0,0,0,0,39,0,0
13-61-20,0,0,0,0,58,0,0,0,0,0,0
13-61-76,0,0,0,0,58,0,0,0,0,0,0
13-74-03,0,0,0,0,0,119,0,0,0,0,0
13-74-72,0,0,0,0,0,0,40,0,0,0,0
13-80-13,0,0,0,0,0,0,78,0,0,0,0
13-92-58,0,0,0,0,0,0,0,0,0,0,0
13-99-95,0,0,0,0,0,0,0,0,0,0,0
14-00-34,0,0,0,0,0,0,0,0,0,0,0
14-09-99,0,0,0,0,0,0,0,0,51,0,0
14-26-40,0,0,125,0,0,0,0,0,0,0,0
14-30-02,0,0,0,0,58,0,0,0,0,0,0
14-40-90,0,0,0,0,0,0,0,0,0,0,0
14-44-69,0,0,0,0,0,0,0,0,0,119,0
14-47-57,0,0,0,0,0,57,0,0,0,0,0
14-52-14,0,0,0,0,0,57,0,0,0,0,0
14-53-98,0,0,0,0,0,0,0,99,0,0,0
14-54-76,0,0,0,0,57,0,0,0,0,0,0
14-58-57,0,0,0,0,0,57,0,0,0,0,0
14-73-92,0,0,0,0,0,0,0,0,0,0,0
14-80-00,0,0,0,0,0,0,57,0,0,0,0
14-80-20,0,0,107,0,0,0,0,0,0,0,0
14-97-84,0,0,0,0,0,0,0,0,0,0,0
15-09-60,0,0,0,0,0,0,0,90,0,0,0
15-16-37,0,0,0,0,0,0,0,0,0,0,0
15-21-91,0,0,0,0,0,0,57,0,0,0,0
15-23-31,0,0,0,0,0,0,57,0,0,0,0
15-24-11,0,0,0,0,0,0,57,0,0,0,0
15-25-81,0,0,0,0,0,0,57,0,0,0,0
15-28-21,0,0,0,0,0,0,57,0,0,0,0
15-28-49,0,0,0,0,0,0,57,0,0,0,0
15-33-64,0,0,0,0,0,0,0,0,0,0,71
15-33-81,0,0,0,0,0,0,57,0,0,0,0
15-33-99,0,0,0,0,0,0,57,0,0,0,0
15-34-23,0,0,0,0,0,0,57,0,0,0,0
15-37-51,0,0,0,0,0,0,57,0,0,0,0
15-37-78,0,0,0,0,0,91,0,0,0,0,0
15-39-93,0,0,0,0,0,0,57,0,0,0,0
15-41-15,0,0,0,0,0,0,57,0,0,0,0
15-41-25,0,0,0,0,0,0,57,0,0,0,0
15-41-40,0,0,0,0,0,0,57,0,0,0,0
15-87-99,113,0,0,0,0,0,0,0,0,0,0
15-96-25,118,0,0,0,0,0,0,0,0,0,0
16-00-00,106,0,0,0,0,0,0,0,0,0,0
16-18-58,0,0,0,0,0,41,0,0,0,0,0
16-29-79,0,0,0,0,0,68,0,0,0,0,0
16-32-08,94,0,0,0,0,0,0,0,0,0,0
16-39-68,0,0,0,0,58,0,0,0,0,0,0
16-44-80,0,0,0,0,58,0,0,0,0,0,0
16-52-70,0,0,0,0,0,0,97,0,0,0,0
16-61-49,0,0,0,0,0,0,99,0,0,0,0
16-62-73,0,0,0,0,54,0,0,0,0,0,0
16-64-08,0,0,0,0,0,40,0,0,0,0,0
16-65-35,0,110,0,0,0,0,0,0,0,0,0
16-66-60,0,0,0,0,40,0,0,0,0,0,0
16-71-68,118,0,0,0,0,0,0,0,0,0,0
16-72-33,118,0,0,0,0,0,0,0,0,0,0
16-72-34,118,0,0,0,0,0,0,0,0,0,0
16-72-79,118,0,0,0,0,0,0,0,0,0,0
16-72-90,118,0,0,0,0,0,0,0,0,0,0
16-88-40,0,0,0,0,58,0,0,0,0,0,0
16-94-84,0,0,0,0,0,0,0,0,0,0,0
17-06-58,0,0,0,0,0,0,0,0,0,0,0
17-18-57,0,0,0,0,0,0,0,0,106,0,0
17-24-83,0,0,0,0,58,0,0,0,0,0,0
17-25-71,0,0,0,0,0,74,0,0,0,0,0
17-28-37,0,0,0,0,58,0,0,0,0,0,0
17-32-09,0,0,0,0,0,42,0,0,0,0,0
17-33-22,0,0,0,0,0,40,0,0,0,0,0
17-36-97,0,0,0,0,0,0,0,0,0,0,0
17-43-73,0,0,0,0,0,40,0,0,0,0,0
17-44-02,0,0,0,0,0,0,0,0,0,0,0
17-50-08,0,0,0,0,0,0,0,0,0,0,0
17-56-20,0,0,0,0,0,124,0,0,0,0,0
17-56-41,0,0,0,0,62,0,0,0,0,0,0
17-57-44,0,0,0,0,0,0,0,0,106,0,0
17-63-49,0,0,0,0,0,0,0,0,0,0,40
17-75-51,118,0,0,0,0,0,0,0,0,0,0
17-78-32,0,0,0,0,0,0,0,0,0,0,0
17-78-96,0,0,0,0,0,0,0,0,0,0,0
17-94-63,0,0,0,0,0,0,0,0,0,0,0
17-94-97,0,0,0,0,0,0,0,0,0,0,0
17-96-03,0,0,0,0,0,0,0,0,72,0,0
18-01-77,0,0,0,0,0,0,123,0,0,0,0
18-09-31,115,0,0,0,0,0,0,0,0,0,0
18-13-16,0,0,0,0,0,0,125,0,0,0,0
18-13-45,115,0,0,0,0,0,0,0,0,0,0
18-13-46,115,0,0,0,0,0,0,0,0,0,0
18-13-53,115,0,0,0,0,0,0,0,0,0,0
18-19-17,0,0,0,0,58,0,0,0,0,0,0
18-20-27,0,0,0,0,58,0,0,0,0,0,0
18-33-79,0,0,0,0,0,0,0,0,87,0,0
18-48-87,0,0,0,0,57,0,0,0,0,0,0
18-58-19,0,0,0,0,110,0,0,0,0,0,0
18-71-37,0,0,0,0,0,0,0,0,72,0,0
18-71-90,0,0,0,0,0,0,125,0,0,0,0
18-82-91,0,0,0,0,110,0,0,0,0,0,0
18-82-92,0,0,0,0,0,0,0,0,106,0,0
18-88-04,0,0,0,0,0,0,0,0,50,0,0
18-91-33,0,0,0,0,0,0,0,0,0,0,33
18-96-96,115,0,0,0,0,0,0,0,0,0,0
19-03-12,0,0,0,0,0,0,0,0,0,0,0
19-13-62,0,0,0,0,0,42,0,0,0,0,0
19-35-99,0,0,0,0,95,0,0,0,0,0,0
19-48-32,0,0,0,0,0,0,0,0,50,0,0
19-54-69,0,0,0,0,0,0,0,106,0,0,0
19-64-29,0,0,0,0,0,0,0,0,0,0,0
19-66-43,0,0,126,0,0,0,0,0,0,0,0
19-75-28,0,0,0,0,0,0,0,0,0,55,0
19-91-28,0,0,0,0,0,0,99,0,0,0,0
19-91-38,0,0,0,0,0,0,99,0,0,0,0
19-91-68,0,0,0,0,0,0,99,0,0,0,0
19-95-05,0,0,0,0,0,0,0,0,0,0,0
20-03-27,0,0,0,0,0,90,0,0,0,0,0
20-17-52,0,0,0,0,95,0,0,0,0,0,0
20-18-48,0,0,0,0,58,0,0,0,0,0,0
20-26-42,0,0,0,0,0,41,0,0,0,0,0
20-32-66,0,0,0,0,83,0,0,0,0,0,0
20-36-19,0,0,0,0,0,0,0,104,0,0,0
20-38-83,0,0,0,0,0,0,89,0,0,0,0
20-43-07,0,0,0,0,40,0,0,0,0,0,0
20-50-55,0,0,0,0,98,0,0,0,0,0,0
20-67-20,0,0,0,0,0,0,0,0,0,0,0
20-71-40,0,0,0,0,0,91,0,0,0,0,0
20-73-39,0,0,0,0,0,0,0,0,0,0,0
20-73-54,0,0,0,0,0,0,0,0,0,0,0
20-76-06,0,0,0,0,115,0,0,0,0,0,0
20-85-19,106,0,0,0,0,0,0,0,0,0,0
20-87-94,0,0,0,0,0,0,0,0,0,0,0
20-90-58,0,0,0,0,0,41,0,0,0,0,0
20-97-35,0,0,0,0,0,41,0,0,0,0,0
21-12-65,0,0,0,0,0,41,0,0,0,0,0
21-12-68,0,0,0,0,0,41,0,0,0,0,0
21-14-00,0,0,0,0,0,41,0,0,0,0,0
21-30-29,0,0,0,0,0,0,40,0,0,0,0
21-33-29,0,0,0,0,0,0,0,0,106,0,0
21-33-37,0,0,0,0,0,0,0,0,106,0,0
21-49-05,0,0,0,0,0,0,0,0,0,0,0
21-49-38,0,0,0,0,0,41,0,0,0,0,0
21-54-57,0,0,0,0,0,0,0,0,0,0,46
21-55-24,0,0,0,0,0,0,0,90,0,0,0
21-56-42,0,89,0,0,0,0,0,0,0,0,0
21-78-60,0,0,0,0,54,0,0,0,0,0,0
21-86-33,0,0,0,0,117,0,0,0,0,0,0
21-94-82,0,0,0,0,0,91,0,0,0,0,0
22-00-11,0,0,0,0,0,64,0,0,0,0,0
22-01-06,0,0,0,0,0,64,0,0,0,0,0
22-01-15,0,0,0,0,58,0,0,0,0,0,0
22-02-91,0,0,0,0,78,0,0,0,0,0,0
22-05-86,0,0,0,0,0,41,0,0,0,0,0
22-37-15,47,0,0,0,0,0,0,0,0,0,0
22-42-33,0,0,0,0,0,43,0,0,0,0,0
22-42-35,0,0,0,0,0,43,0,0,0,0,0
22-53-00,0,0,0,0,0,41,0,0,0,0,0
22-64-36,0,0,0,0,0,49,0,0,0,0,0
22-72-70,0,0,0,0,0,43,0,0,0,0,0
22-75-23,0,0,0,0,0,41,0,0,0,0,0
22-83-30,0,0,0,0,0,43,0,0,0,0,0
22-93-82,0,0,0,0,0,0,0,0,103,0,0
22-95-04,0,0,0,0,58,0,0,0,0,0,0
23-09-88,0,0,0,0,0,57,0,0,0,0,0
23-13-60,0,0,0,0,0,40,0,0,0,0,0
23-16-83,0,0,0,0,0,30,0,0,0,0,0
23-20-88,0,0,0,0,104,0,0,0,0,0,0
23-21-95,0,0,0,0,40,0,0,0,0,0,0
23-22-78,0,0,0,0,0,49,0,0,0,0,0
23-24-41,0,0,0,0,40,0,0,0,0,0,0
23-25-23,0,0,0,0,104,0,0,0,0,0,0
23-29-61,0,0,0,0,0,64,0,0,0,0,0
23-48-07,0,0,0,0,0,0,76,0,0,0,0
23-57-47,0,0,0,0,0,41,0,0,0,0,0
23-57-77,0,0,0,0,0,0,0,0,0,0,44
23-67-36,0,0,0,0,0,0,0,0,0,0,44
23-78-01,0,0,0,0,58,0,0,0,0,0,0
23-80-19,0,0,0,0,58,0,0,0,0,0,0
23-85-94,30,0,0,0,0,0,0,0,0,0,0
23-86-36,0,0,0,0,0,57,0,0,0,0,0
23-97-62,0,0,0,0,0,0,81,0,0,0,0
24-03-45,0,0,0,0,0,0,57,0,0,0,0
24-17-94,0,0,0,0,0,0,0,0,0,0,40
24-25-28,0,0,0,0,58,0,0,0,0,0,0
24-30-12,0,0,0,0,0,41,0,0,0,0,0
24-32-80,0,0,0,0,0,0,57,0,0,0,0
24-35-53,0,0,0,0,58,0,0,0,0,0,0
24-42-28,0,0,0,0,56,0,0,0,0,0,0
24-45-51,0,0,0,0,113,0,0,0,0,0,0
24-46-61,0,0,0,0,71,0,0,0,0,0,0
24-49-76,0,0,0,0,0,0,0,101,0,0,0
24-54-67,0,0,0,0,0,119,0,0,0,0,0
24-57-39,0,0,0,0,128,0,0,0,0,0,0
24-63-05,0,0,0,0,0,73,0,0,0,0,0
24-68-40,0,0,0,0,0,0,40,0,0,0,0
24-75-52,30,0,0,0,0,0,0,0,0,0,0
24-75-84,30,0,0,0,0,0,0,0,0,0,0
24-77-55,0,0,0,0,0,0,0,0,0,0,0
24-77-92,0,0,0,0,0,0,0,123,0,0,0
24-89-12,0,0,0,0,0,41,0,0,0,0,0
24-96-66,0,0,0,0,0,0,0,0,69,0,0
25-09-83,0,0,0,0,56,0,0,0,0,0,0
25-12-48,0,0,0,0,113,0,0,0,0,0,0
25-33-55,0,0,0,0,113,0,0,0,0,0,0
25-34-42,0,0,0,0,55,0,0,0,0,0,0
25-36-65,0,0,0,0,0,0,0,0,0,0,45
25-39-52,0,88,0,0,0,0,0,0,0,0,0
25-42-21,0,0,0,0,0,0,0,0,0,0,0
25-46-56,0,0,0,0,0,0,0,0,0,0,0
25-52-48,0,0,0,0,0,0,0,0,0,0,0
25-55-04,0,0,0,0,0,0,0,0,0,0,0
25-58-09,0,0,0,0,0,41,0,0,0,0,0
25-60-89,0,0,0,0,0,41,0,0,0,0,0
25-65-14,0,0,0,0,40,0,0,0,0,0,0
25-87-79,0,0,0,0,0,0,0,0,0,0,0
25-98-84,0,0,0,0,0,0,0,88,0,0,0
25-99-04,0,0,0,0,0,41,0,0,0,0,0
25-99-29,0,0,0,0,0,73,0,0,0,0,0
25-99-68,0,0,0,0,58,0,0,0,0,0,0
26-00-31,0,0,0,0,0,41,0,0,0,0,0
26-00-59,0,0,0,0,0,0,0,0,0,0,0
26-14-67,0,0,0,0,0,0,0,0,0,0,0
26-18-88,0,0,0,0,56,0,0,0,0,0,0
26-21-89,0,0,0,0,0,91,0,0,0,0,0
26-27-29,0,0,0,0,0,0,97,0,0,0,0
26-31-39,0,0,0,0,113,0,0,0,0,0,0
26-45-89,0,0,0,0,0,0,124,0,0,0,0
26-54-33,0,0,0,0,0,0,97,0,0,0,0
26-60-53,0,0,0,0,0,57,0,0,0,0,0
26-69-07,0,0,0,0,0,41,0,0,0,0,0
26-69-47,0,0,0,0,0,0,0,0,0,0,0
26-73-83,0,0,0,0,58,0,0,0,0,0,0
26-73-84,0,0,0,0,58,0,0,0,0,0,0
26-74-55,0,0,0,0,0,73,0,0,0,0,0
26-79-63,0,0,0,0,0,41,0,0,0,0,0
26-81-61,0,0,0,0,0,0,0,0,0,0,0
26-85-36,0,0,0,0,0,0,0,0,0,0,0
26-86-73,0,0,0,0,0,0,74,0,0,0,0
26-89-83,0,0,0,0,0,0,0,0,0,0,34
26-89-93,0,0,0,0,0,0,0,0,0,0,0
26-89-94,0,0,0,0,0,0,0,0,0,0,0
26-95-78,0,0,0,0,83,0,0,0,0,0,0
27-00-84,0,128,0,0,0,0,0,0,0,0,0
27-04-00,0,0,0,0,0,0,0,0,0,0,0
27-47-71,0,0,0,0,0,0,0,0,0,0,0
27-51-57,0,0,0,0,56,0,0,0,0,0,0
27-64-01,0,0,0,0,0,48,0,0,0,0,0
27-65-56,0,0,0,0,57,0,0,0,0,0,0
27-65-72,0,0,0,0,0,41,0,0,0,0,0
27-67-57,0,0,124,0,0,0,0,0,0,0,0
27-67-95,0,0,124,0,0,0,0,0,0,0,0
27-67-97,0,0,124,0,0,0,0,0,0,0,0
27-70-66,0,0,0,0,0,0,92,0,0,0,0
27-72-57,0,0,0,0,0,57,0,0,0,0,0
27-81-28,0,0,0,0,0,120,0,0,0,0,0
27-84-75,0,0,0,0,0,83,0,0,0,0,0
27-95-06,0,0,0,0,0,0,0,0,0,0,46
27-95-11,0,0,0,0,0,0,0,0,0,0,46
28-09-21,0,0,0,0,0,41,0,0,0,0,0
28-15-48,0,0,0,0,0,41,0,0,0,0,0
28-25-92,0,0,0,0,0,0,0,0,0,0,0
28-31-32,0,0,0,0,123,0,0,0,0,0,0
28-41-04,0,0,0,0,0,83,0,0,0,0,0
28-42-40,0,0,0,0,0,0,0,0,49,0,0
28-42-57,0,0,0,0,0,0,0,0,102,0,0
28-45-04,0,0,0,0,0,41,0,0,0,0,0
28-45-08,0,0,0,0,0,41,0,0,0,0,0
28-45-15,0,0,0,0,0,0,0,0,0,0,0
28-45-76,0,0,0,0,0,0,0,0,0,0,0
28-47-07,0,0,0,0,0,0,0,0,0,0,0
28-48-17,0,0,0,0,0,91,0,0,0,0,0
28-53-28,0,0,0,0,0,0,0,0,0,0,0
28-74-67,97,0,0,0,0,0,0,0,0,0,0
28-79-70,0,0,0,0,0,41,0,0,0,0,0
28-86-66,0,0,0,0,0,41,0,0,0,0,0
28-87-15,0,0,0,0,0,41,0,0,0,0,0
28-88-02,0,0,0,0,0,41,0,0,0,0,0
28-88-05,0,0,0,0,0,41,0,0,0,0,0
29-03-97,75,0,0,0,0,0,0,0,0,0,0
29-08-81,0,0,0,0,0,0,0,0,85,0,0
29-15-26,0,0,0,0,0,39,0,0,0,0,0
29-16-50,0,0,0,0,113,0,0,0,0,0,0
29-18-97,0,0,0,0,112,0,0,0,0,0,0
29-29-63,0,0,0,0,0,41,0,0,0,0,0
29-32-12,0,0,0,0,53,0,0,0,0,0,0
29-93-17,0,0,0,0,0,39,0,0,0,0,0
29-93-91,0,0,0,0,58,0,0,0,0,0,0
30-38-36,0,0,0,0,0,0,0,0,0,0,0
30-39-00,0,0,0,0,0,0,0,0,0,0,0
30-39-64,0,0,0,0,0,0,0,0,0,0,0
30-43-92,0,0,0,0,58,0,0,0,0,0,0
30-43-93,0,0,0,0,58,0,0,0,0,0,0
30-43-95,0,0,0,0,58,0,0,0,0,0,0
30-61-30,0,0,0,0,0,0,0,0,0,0,86
30-89-06,0,0,0,0,0,0,0,0,0,0,0
30-90-63,0,0,0,0,0,48,0,0,0,0,0
30-90-64,0,0,0,0,0,48,0,0,0,0,0
30-96-32,118,0,0,0,0,0,0,0,0,0,0
30-98-33,0,0,0,0,0,0,0,0,0,0,0
31-09-44,0,0,0,0,58,0,0,0,0,0,0
31-20-77,0,0,0,0,0,48,0,0,0,0,0
31-20-78,0,0,0,0,0,48,0,0,0,0,0
31-28-35,0,0,0,0,0,0,0,0,118,0,0
31-38-75,0,0,0,0,58,0,0,0,0,0,0
31-52-03,0,0,0,0,0,0,0,0,69,0,0
31-52-80,0,0,0,0,0,0,0,0,69,0,0
31-57-79,0,0,0,0,58,0,0,0,0,0,0
31-65-45,0,0,0,0,0,0,0,90,0,0,0
31-65-46,0,0,0,0,58,0,0,0,0,0,0
31-68-65,0,0,0,0,0,83,0,0,0,0,0
31-69-92,0,0,0,0,0,41,0,0,0,0,0
31-71-20,0,0,0,0,0,55,0,0,0,0,0
31-78-05,0,0,0,0,0,0,74,0,0,0,0
31-87-38,0,0,0,0,0,0,0,0,0,0,0
31-88-66,0,0,0,0,0,0,0,0,0,0,0
31-89-94,0,0,0,0,0,0,0,0,0,0,0
31-92-50,60,0,0,0,0,0,0,0,0,0,0
32-06-40,0,0,0,0,0,0,74,0,0,0,0
32-14-33,0,0,0,0,0,0,0,0,0,0,0
32-16-50,0,0,0,0,0,66,0,0,0,0,0
32-20-23,0,0,0,0,0,0,0,82,0,0,0
32-27-00,0,0,0,0,0,74,0,0,0,0,0
32-28-34,0,0,0,0,0,0,0,0,0,0,0
32-29-71,0,0,0,0,0,0,0,0,0,0,0
32-35-48,61,0,0,0,0,0,0,0,0,0,0
32-51-33,0,0,0,0,56,0,0,0,0,0,0
32-54-41,0,0,0,0,0,41,0,0,0,0,0
32-57-61,0,0,0,0,0,0,74,0,0,0,0
32-60-85,0,0,0,0,0,0,0,0,31,0,0
32-63-50,0,0,0,0,0,39,0,0,0,0,0
32-73-62,0,0,0,0,0,0,0,0,0,0,0
32-73-68,0,0,0,0,0,0,0,0,0,0,0
32-74-24,0,0,0,0,0,0,0,0,0,0,0
32-81-46,0,0,0,0,0,55,0,0,0,0,0
32-83-46,0,0,0,0,0,0,0,0,0,0,0
32-86-24,0,0,0,0,0,0,74,0,0,0,0
32-89-18,0,0,0,0,0,47,0,0,0,0,0
32-90-49,0,0,0,0,0,0,0,0,93,0,0
32-93-27,0,0,0,0,0,91,0,0,0,0,0
32-95-47,0,0,0,0,0,55,0,0,0,0,0
33-32-48,0,0,0,0,106,0,0,0,0,0,0
33-37-64,0,0,127,0,0,0,0,0,0,0,0
33-45-30,0,0,0,0,0,0,0,0,0,0,0
33-51-21,0,0,0,0,0,0,98,0,0,0,0
33-52-32,0,0,0,0,0,118,0,0,0,0,0
33-52-41,0,0,0,0,0,118,0,0,0,0,0
33-53-00,0,0,0,0,0,0,0,0,47,0,0
33-60-18,0,0,0,0,0,0,0,0,0,0,0
33-63-88,0,0,0,0,0,0,0,0,0,0,0
33-78-87,0,0,0,0,0,0,0,99,0,0,0
33-81-76,0,0,0,0,0,37,0,0,0,0,0
33-89-95,0,0,0,0,76,0,0,0,0,0,0
33-95-84,0,0,0,0,0,64,0,0,0,0,0
33-95-93,0,0,0,0,58,0,0,0,0,0,0
33-99-04,0,0,0,0,0,39,0,0,0,0,0
34-02-97,0,0,0,0,0,0,0,0,0,0,0
34-23-36,0,0,0,0,0,41,0,0,0,0,0
34-24-11,0,0,0,0,0,0,63,0,0,0,0
34-25-82,0,0,0,0,88,0,0,0,0,0,0
34-32-64,0,0,0,0,0,0,0,0,0,0,0
34-36-80,0,0,0,0,58,0,0,0,0,0,0
34-67-31,0,0,0,0,76,0,0,0,0,0,0
34-74-40,117,0,0,0,0,0,0,0,0,0,0
34-91-85,0,0,0,0,0,0,0,0,0,0,0
35-08-65,0,0,0,0,0,0,0,0,0,0,0
35-12-97,0,0,0,0,0,0,0,0,0,0,0
35-14-27,0,0,0,0,57,0,0,0,0,0,0
35-29-69,0,0,0,0,0,39,0,0,0,0,0
35-39-93,0,0,0,0,0,0,0,0,0,0,0
35-43-26,102,0,0,0,0,0,0,0,0,0,0
35-43-38,0,0,0,0,0,41,0,0,0,0,0
35-50-81,60,0,0,0,0,0,0,0,0,0,0
35-55-32,0,0,0,0,57,0,0,0,0,0,0
35-57-94,0,0,0,0,0,0,0,123,0,0,0
35-69-41,0,0,0,0,0,49,0,0,0,0,0
35-71-41,60,0,0,0,0,0,0,0,0,0,0
35-80-16,0,0,0,0,0,0,0,0,0,0,32
35-87-88,0,0,0,0,0,74,0,0,0,0,0
35-88-78,0,0,0,0,0,39,0,0,0,0,0
35-89-90,0,0,0,0,0,39,0,0,0,0,0
36-06-77,0,0,0,0,0,0,0,0,117,0,0
36-08-32,114,0,0,0,0,0,0,0,0,0,0
36-08-37,114,0,0,0,0,0,0,0,0,0,0
36-10-88,114,0,0,0,0,0,0,0,0,0,0
36-15-04,114,0,0,0,0,0,0,0,0,0,0
36-15-05,114,0,0,0,0,0,0,0,0,0,0
36-15-12,114,0,0,0,0,0,0,0,0,0,0
36-15-68,114,0,0,0,0,0,0,0,0,0,0
36-19-22,0,0,123,0,0,0,0,0,0,0,0
36-35-19,0,0,0,0,0,0,0,0,0,0,0
36-46-87,0,0,0,0,0,0,74,0,0,0,0
36-47-58,0,0,0,0,0,0,74,0,0,0,0
36-56-58,0,0,0,0,57,0,0,0,0,0,0
36-79-73,0,0,0,0,0,0,0,0,0,0,0
36-80-79,0,0,0,0,0,0,0,0,0,0,0
36-83-04,0,0,0,0,0,0,0,0,79,0,0
36-99-97,0,0,0,0,0,0,0,0,0,0,0
37-03-86,0,0,0,0,0,0,0,0,0,0,0
37-04-94,0,0,0,0,0,0,74,0,0,0,0
37-05-34,0,0,0,0,0,84,0,0,0,0,0
37-06-04,0,0,0,0,0,0,74,0,0,0,0
37-13-37,114,0,0,0,0,0,0,0,0,0,0
37-38-09,0,0,0,0,0,0,0,0,0,0,0
37-40-83,0,0,0,0,0,0,0,105,0,0,0
37-49-78,0,0,0,0,0,0,0,0,0,0,0
37-58-84,0,0,0,0,0,0,0,0,0,0,0
37-60-35,0,0,0,0,0,57,0,0,0,0,0
37-61-18,0,0,0,0,0,0,0,0,0,0,88
38-06-09,0,0,127,0,0,0,0,0,0,0,0
38-30-66,0,0,0,0,0,0,0,0,73,0,0
38-37-34,0,0,0,0,56,0,0,0,0,0,0
38-38-17,0,0,0,0,0,117,0,0,0,0,0
38-45-77,0,0,0,0,0,0,0,0,0,0,45
38-61-76,0,0,0,0,0,0,74,0,0,0,0
38-81-61,0,0,0,0,57,0,0,0,0,0,0
38-92-75,0,0,0,0,0,41,0,0,0,0,0
38-96-77,0,0,0,0,56,0,0,0,0,0,0
38-98-29,0,0,0,0,56,0,0,0,0,0,0
39-01-16,0,0,81,0,0,0,0,0,0,0,0
39-02-64,0,0,0,0,0,0,0,0,123,0,0
39-02-73,0,0,0,0,0,0,0,0,0,0,0
39-03-06,0,0,0,0,57,0,0,0,0,0,0
39-07-38,0,0,0,0,57,0,0,0,0,0,0
39-11-25,0,0,0,0,0,0,116,0,0,0,0
39-11-80,0,0,0,0,0,41,0,0,0,0,0
39-14-40,0,0,0,0,0,0,0,0,116,0,0
39-16-43,0,0,0,0,0,74,0,0,0,0,0
39-22-56,0,0,0,0,57,0,0,0,0,0,0
39-28-48,0,0,0,0,0,41,0,0,0,0,0
39-28-85,0,0,0,0,0,41,0,0,0,0,0
39-40-48,0,0,0,0,0,0,0,0,89,0,0
39-47-26,0,99,0,0,0,0,0,0,0,0,0
39-47-70,0,84,0,0,0,0,0,0,0,0,0
39-48-86,0,0,0,0,0,117,0,0,0,0,0
39-50-32,0,0,0,0,0,0,74,0,0,0,0
39-61-59,0,105,0,0,0,0,0,0,0,0,0
39-64-19,0,0,0,0,0,0,0,0,0,38,0
39-72-61,0,0,0,0,103,0,0,0,0,0,0
39-84-07,0,0,0,0,0,57,0,0,0,0,0
39-86-91,0,0,0,0,0,0,0,0,123,0,0
39-97-55,0,0,0,0,0,0,0,0,0,0,46
40-07-87,0,0,0,0,56,0,0,0,0,0,0
40-23-76,0,0,0,0,71,0,0,0,0,0,0
40-65-32,0,0,0,0,0,41,0,0,0,0,0
40-68-60,0,0,0,0,0,0,0,0,0,0,0
40-77-77,0,0,0,0,56,0,0,0,0,0,0
40-80-86,0,0,0,0,0,0,0,0,0,0,0
40-82-30,0,0,0,0,56,0,0,0,0,0,0
40-86-09,0,0,0,0,56,0,0,0,0,0,0
40-89-72,0,0,0,0,0,0,0,0,0,0,46
40-99-54,0,85,0,0,0,0,0,0,0,0,0
40-99-85,0,0,0,0,0,0,0,0,0,0,54
41-01-28,0,0,0,0,0,0,108,0,0,0,0
41-13-10,0,0,0,0,0,0,0,0,0,0,46
41-24-18,0,0,0,0,0,87,0,0,0,0,0
41-46-60,0,0,0,0,0,55,0,0,0,0,0
41-57-15,0,0,0,0,0,0,0,0,0,0,0
41-58-35,0,0,0,0,112,0,0,0,0,0,0
41-68-34,0,0,0,0,0,0,0,0,0,0,0
41-68-58,0,0,0,0,0,0,0,0,0,0,0
41-72-43,0,0,0,0,112,0,0,0,0,0,0
41-81-36,0,0,0,0,0,0,0,0,0,0,0
41-95-38,0,0,0,0,0,0,0,0,0,0,0
42-08-02,111,0,0,0,0,0,0,0,0,0,0
42-11-53,0,0,0,0,0,0,0,0,0,0,0
42-14-91,0,0,0,0,0,37,0,0,0,0,0
42-24-66,0,0,63,0,0,0,0,0,0,0,0
42-39-04,0,0,0,0,0,0,0,0,0,0,0
42-40-70,0,0,0,0,0,0,0,0,0,0,0
42-46-34,0,0,0,0,112,0,0,0,0,0,0
42-51-54,0,0,0,0,0,0,0,0,123,0,0
42-55-63,0,0,0,0,0,58,0,0,0,0,0
42-55-81,0,0,0,0,0,58,0,0,0,0,0
42-56-32,0,0,0,0,0,0,0,0,0,0,0
42-58-18,0,0,0,0,0,41,0,0,0,0,0
42-62-45,0,0,0,0,0,0,0,90,0,0,0
42-64-35,0,0,0,0,91,0,0,0,0,0,0
42-66-01,0,0,0,0,120,0,0,0,0,0,0
42-70-80,0,0,0,0,57,0,0,0,0,0,0
42-74-60,0,0,0,0,0,0,0,107,0,0,0
42-82-48,0,0,0,0,0,0,0,107,0,0,0
42-93-76,0,90,0,0,0,0,0,0,0,0,0
43-08-96,0,0,0,0,112,0,0,0,0,0,0
43-11-67,29,0,0,0,0,0,0,0,0,0,0
43-24-51,0,0,0,0,0,0,0,0,0,0,0
43-31-97,0,0,0,0,0,0,0,0,0,0,0
43-43-05,0,0,0,0,0,58,0,0,0,0,0
43-45-59,0,0,0,0,0,58,0,0,0,0,0
43-51-63,0,0,0,0,55,0,0,0,0,0,0
43-64-83,0,0,0,0,0,0,0,0,0,0,0
43-67-38,0,0,0,0,56,0,0,0,0,0,0
43-69-64,0,0,0,0,56,0,0,0,0,0,0
43-69-98,0,0,0,0,56,0,0,0,0,0,0
43-70-91,0,0,0,0,0,0,0,0,123,0,0
43-72-15,0,0,0,0,56,0,0,0,0,0,0
43-87-60,0,0,0,0,0,0,0,107,0,0,0
43-92-36,0,123,0,0,0,0,0,0,0,0,0
43-92-37,0,123,0,0,0,0,0,0,0,0,0
43-93-52,0,0,0,0,0,0,0,0,0,0,0
43-94-94,0,0,0,0,0,0,0,107,0,0,0
43-95-72,0,0,0,0,0,0,0,107,0,0,0
43-97-56,0,0,0,0,0,0,0,107,0,0,0
44-04-02,0,0,0,0,0,0,0,0,0,0,33
44-06-40,0,0,0,0,57,0,0,0,0,0,0
44-08-40,0,0,0,0,56,0,0,0,0,0,0
44-10-95,0,0,0,0,124,0,0,0,0,0,0
44-17-68,0,0,0,0,0,74,0,0,0,0,0
44-28-69,0,0,0,0,56,0,0,0,0,0,0
44-28-83,0,0,0,0,0,0,0,107,0,0,0
44-40-47,0,0,0,0,0,58,0,0,0,0,0
44-45-15,0,0,0,0,0,0,0,107,0,0,0
44-45-45,0,0,0,0,0,58,0,0,0,0,0
44-45-82,0,0,0,0,0,58,0,0,0,0,0
44-49-17,0,0,0,0,0,0,0,107,0,0,0
44-50-11,0,0,0,0,0,0,0,107,0,0,0
44-53-16,0,0,0,0,0,0,0,0,0,0,52
44-56-16,0,0,0,0,0,41,0,0,0,0,0
44-59-06,0,0,0,0,0,0,0,0,0,0,53
44-60-18,0,0,0,0,109,0,0,0,0,0,0
44-69-23,0,0,0,0,0,0,0,107,0,0,0
44-69-39,0,0,0,0,0,0,0,107,0,0,0
44-69-47,0,0,0,0,0,0,0,107,0,0,0
44-69-55,0,0,0,0,0,0,0,107,0,0,0
44-70-51,0,0,0,0,0,0,0,107,0,0,0
44-70-75,0,0,0,0,0,0,0,107,0,0,0
44-70-83,0,0,0,0,0,0,0,107,0,0,0
44-71-47,0,0,0,0,0,0,0,107,0,0,0
44-72-27,0,0,0,0,0,0,0,107,0,0,0
44-72-99,0,0,0,0,0,0,0,107,0,0,0
44-73-31,0,0,0,0,0,0,0,107,0,0,0
44-75-87,0,0,0,0,0,0,0,107,0,0,0
44-77-55,0,0,0,0,56,0,0,0,0,0,0
44-78-43,0,0,0,0,0,0,0,107,0,0,0
44-82-56,0,84,0,0,0,0,0,0,0,0,0
44-95-68,0,0,0,0,58,0,0,0,0,0,0
45-00-66,0,0,0,0,55,0,0,0,0,0,0
45-01-92,0,0,0,0,0,0,0,0,0,0,0
45-04-84,0,0,0,0,0,85,0,0,0,0,0
45-10-35,0,0,0,0,0,0,0,107,0,0,0
45-10-43,0,0,0,0,0,0,0,107,0,0,0
45-10-59,0,0,0,0,0,0,0,107,0,0,0
45-19-95,0,0,0,0,0,58,0,0,0,0,0
45-20-07,0,0,0,0,0,58,0,0,0,0,0
45-21-23,0,0,0,0,56,0,0,0,0,0,0
45-23-21,0,0,0,0,0,58,0,0,0,0,0
45-25-79,0,0,0,0,0,0,0,107,0,0,0
45-42-46,0,0,0,0,0,37,0,0,0,0,0
45-47-85,0,0,0,0,0,0,0,0,0,0,0
45-52-31,0,0,0,0,95,0,0,0,0,0,0
45-59-37,0,0,0,0,88,0,0,0,0,0,0
45-61-96,0,0,0,0,56,0,0,0,0,0,0
45-61-99,0,0,0,0,56,0,0,0,0,0,0
45-62-00,0,0,0,0,56,0,0,0,0,0,0
45-62-06,0,0,0,0,56,0,0,0,0,0,0
45-62-24,0,0,0,0,56,0,0,0,0,0,0
45-62-40,0,0,0,0,56,0,0,0,0,0,0
45-62-61,0,0,0,0,0,0,0,0,0,0,0
45-63-87,0,0,123,0,0,0,0,0,0,0,0
45-64-07,0,0,123,0,0,0,0,0,0,0,0
45-64-35,0,0,0,0,0,0,0,0,0,119,0
45-71-92,0,0,0,0,0,74,0,0,0,0,0
45-72-96,0,0,0,0,0,74,0,0,0,0,0
45-75-48,0,0,0,0,0,0,0,0,0,0,45
46-01-53,59,0,0,0,0,0,0,0,0,0,0
46-04-84,0,0,0,0,0,0,0,107,0,0,0
46-07-63,0,0,127,0,0,0,0,0,0,0,0
46-13-93,0,0,0,0,113,0,0,0,0,0,0
46-18-32,0,0,0,0,0,0,0,56,0,0,0
46-24-00,113,0,0,0,0,0,0,0,0,0,0
46-37-52,0,0,0,0,58,0,0,0,0,0,0
46-47-95,0,0,0,0,0,0,0,0,0,0,46
46-56-26,0,0,0,0,56,0,0,0,0,0,0
46-56-99,0,0,0,0,0,0,0,104,0,0,0
46-60-75,0,0,0,0,0,0,0,107,0,0,0
46-62-47,0,0,0,0,56,0,0,0,0,0,0
46-62-48,0,0,0,0,125,0,0,0,0,0,0
46-70-73,0,0,0,0,56,0,0,0,0,0,0
46-80-63,0,0,0,0,0,0,0,0,0,93,0
46-93-98,0,0,0,0,0,0,0,0,0,0,0
47-15-93,0,0,0,0,0,0,0,0,0,0,0
47-24-49,0,0,0,0,0,0,0,0,86,0,0
47-31-69,0,0,0,0,57,0,0,0,0,0,0
47-47-13,0,0,0,0,0,0,0,0,0,0,46
47-47-19,0,0,0,0,0,0,0,0,0,0,46
47-58-66,0,0,0,0,57,0,0,0,0,0,0
47-62-64,0,0,0,30,0,0,0,0,0,0,0
47-79-22,0,0,0,0,0,0,0,0,0,69,0
47-86-00,0,0,0,0,0,58,0,0,0,0,0
47-86-15,0,0,0,0,0,58,0,0,0,0,0
47-87-15,0,0,124,0,0,0,0,0,0,0,0
47-89-80,0,0,0,0,0,0,0,0,0,0,0
47-90-99,0,0,0,0,0,0,0,0,0,0,0
47-92-50,0,0,105,0,0,0,0,0,0,0,0
48-02-04,0,0,0,0,0,0,0,0,71,0,0
48-02-09,0,0,0,0,0,0,0,0,71,0,0
48-23-87,0,0,0,0,0,0,0,0,0,0,0
48-23-95,0,0,0,0,0,0,0,0,0,0,0
48-41-72,0,0,0,0,0,0,0,0,0,0,105
48-53-15,0,0,0,0,55,0,0,0,0,0,0
48-64-01,0,0,0,0,0,0,0,0,0,0,0
48-92-83,0,0,0,0,0,41,0,0,0,0,0
49-01-16,0,0,0,0,58,0,0,0,0,0,0
49-03-44,0,0,0,0,0,73,0,0,0,0,0
49-13-70,0,0,0,0,0,0,0,0,0,0,0
49-14-29,0,0,0,0,0,0,0,0,0,0,0
49-19-21,0,0,0,0,0,74,0,0,0,0,0
49-21-34,0,101,0,0,0,0,0,0,0,0,0
49-24-90,0,0,0,0,0,0,0,0,0,0,0
49-35-87,0,0,0,0,0,0,0,107,0,0,0
49-36-59,0,0,0,0,0,0,0,0,56,0,0
49-38-88,0,0,0,0,0,125,0,0,0,0,0
49-48-02,0,0,0,0,56,0,0,0,0,0,0
49-57-48,0,0,0,30,0,0,0,0,0,0,0
49-57-50,0,0,0,30,0,0,0,0,0,0,0
49-73-01,0,0,0,0,0,90,0,0,0,0,0
49-79-95,0,0,0,0,0,0,0,0,56,0,0
49-80-67,0,0,0,0,0,58,0,0,0,0,0
49-83-20,0,0,0,0,0,0,0,0,0,0,0
49-85-36,0,0,0,0,112,0,0,0,0,0,0
49-87-53,0,0,0,0,0,0,0,0,0,0,0
49-87-55,0,0,0,0,0,0,0,0,0,0,0
49-90-96,0,0,0,0,0,0,0,0,56,0,0
49-94-20,0,0,0,0,0,0,0,0,0,0,0
49-94-35,0,0,0,0,0,0,0,0,0,0,0
49-94-58,0,0,0,0,58,0,0,0,0,0,0
49-98-50,0,0,0,0,0,0,0,0,0,0,32
50-06-99,0,0,0,0,55,0,0,0,0,0,0
50-15-05,64,0,0,0,0,0,0,0,0,0,0
50-20-26,0,0,0,0,52,0,0,0,0,0,0
50-34-55,114,0,0,0,0,0,0,0,0,0,0
50-48-16,0,0,0,0,55,0,0,0,0,0,0
50-48-73,0,0,0,0,0,0,0,0,0,0,0
50-53-87,0,0,0,0,0,0,0,0,56,0,0
50-72-91,0,0,126,0,0,0,0,0,0,0,0
50-73-06,0,0,126,0,0,0,0,0,0,0,0
50-91-21,0,0,0,0,0,47,0,0,0,0,0
50-99-87,0,0,0,0,0,0,0,0,0,0,0
51-10-55,0,0,0,0,0,0,0,0,0,0,0
51-14-59,0,0,0,0,0,0,0,107,0,0,0
51-15-13,0,0,0,0,0,58,0,0,0,0,0
51-33-78,0,0,0,0,0,0,0,0,0,0,0
51-36-08,0,0,0,0,56,0,0,0,0,0,0
51-44-34,0,0,0,0,56,0,0,0,0,0,0
51-44-79,0,0,0,0,56,0,0,0,0,0,0
51-46-27,0,0,0,0,0,0,0,0,0,0,105
51-47-33,0,0,0,0,56,0,0,0,0,0,0
51-47-73,0,0,0,0,55,0,0,0,0,0,0
51-48-18,0,0,0,0,55,0,0,0,0,0,0
51-48-19,0,0,0,0,55,0,0,0,0,0,0
51-56-72,0,0,0,0,0,0,0,0,0,0,0
51-60-18,0,0,0,0,0,85,0,0,0,0,0
51-60-85,0,0,0,0,0,0,38,0,0,0,0
51-70-90,0,0,0,0,0,0,0,0,0,0,52
51-71-38,0,0,0,0,0,0,0,0,0,0,0
51-75-63,0,0,0,0,0,58,0,0,0,0,0
51-81-53,0,0,0,0,0,0,0,0,56,0,0
51-94-24,0,0,0,0,0,36,0,0,0,0,0
51-96-51,0,0,0,0,0,67,0,0,0,0,0
52-00-27,0,0,0,0,0,0,0,0,0,0,0
52-02-25,77,0,0,0,0,0,0,0,0,0,0
52-02-83,0,0,0,0,0,0,0,0,0,0,0
52-10-67,0,0,0,0,0,0,0,107,0,0,0
52-17-61,0,0,0,0,56,0,0,0,0,0,0
52-37-47,0,0,0,0,0,0,0,0,0,0,0
52-40-35,0,0,0,0,0,58,0,0,0,0,0
52-52-73,0,0,0,0,0,0,0,0,35,0,0
52-61-15,0,0,0,0,0,58,0,0,0,0,0
52-63-15,0,0,0,0,55,0,0,0,0,0,0
52-75-52,116,0,0,0,0,0,0,0,0,0,0
52-84-11,0,0,0,0,0,0,0,0,119,0,0
52-84-88,0,0,0,0,0,0,0,0,77,0,0
52-86-54,0,0,0,0,0,0,0,0,0,0,0
52-90-26,0,50,0,0,0,0,0,0,0,0,0
52-92-55,0,0,0,0,0,0,0,0,0,0,105
52-94-19,0,0,0,0,79,0,0,0,0,0,0
52-94-35,0,0,0,0,79,0,0,0,0,0,0
53-00-49,0,0,0,0,0,0,0,0,0,0,42
53-05-60,0,0,0,0,0,0,0,0,0,0,0
53-05-61,0,0,0,0,0,0,0,0,0,0,0
53-08-57,0,0,0,0,0,0,0,0,0,0,46
53-13-05,0,0,0,0,0,40,0,0,0,0,0
53-15-76,0,0,0,0,58,0,0,0,0,0,0
53-20-24,0,0,0,0,0,0,92,0,0,0,0
53-20-34,0,0,0,0,0,0,0,0,0,0,105
53-38-52,0,0,0,0,0,0,0,0,97,0,0
53-40-19,0,0,0,0,0,0,0,0,56,0,0
53-47-21,0,0,0,0,0,91,0,0,0,0,0
53-60-63,0,0,0,0,0,0,0,0,0,0,0
53-62-27,0,0,0,0,56,0,0,0,0,0,0
53-63-91,0,0,0,0,0,73,0,0,0,0,0
53-72-21,0,0,0,0,0,0,0,0,0,0,0
53-72-43,0,0,0,0,0,36,0,0,0,0,0
53-79-55,0,0,0,0,0,40,0,0,0,0,0
53-81-22,0,0,0,0,0,0,0,0,56,0,0
53-87-76,0,0,0,0,0,0,0,0,0,0,0
53-88-88,0,0,0,0,0,0,0,0,0,0,0
53-90-81,0,0,0,0,0,0,0,0,0,0,0
53-91-17,0,0,0,0,0,0,0,0,0,0,0
54-02-36,0,101,0,0,0,0,0,0,0,0,0
54-04-46,0,0,0,0,0,0,0,0,0,0,0
54-06-56,0,0,0,0,0,0,0,0,0,0,0
54-08-43,0,0,0,0,0,0,0,0,0,0,46
54-15-04,86,0,0,0,0,0,0,0,0,0,0
54-28-91,0,0,0,0,56,0,0,0,0,0,0
54-41-34,0,0,0,0,0,58,0,0,0,0,0
54-42-38,0,0,0,0,0,58,0,0,0,0,0
54-46-88,0,126,0,0,0,0,0,0,0,0,0
54-50-88,0,0,0,0,0,0,0,0,0,0,0
54-60-08,0,0,0,0,0,0,0,0,0,0,0
54-65-52,0,0,0,0,0,58,0,0,0,0,0
54-66-67,0,0,0,0,0,0,0,0,0,0,0
54-69-02,0,0,0,0,0,0,0,0,0,0,0
54-69-53,110,0,0,0,0,0,0,0,0,0,0
54-70-19,0,0,0,0,0,0,0,0,0,0,0
54-70-73,0,0,0,0,0,0,0,0,0,0,0
54-71-62,0,0,0,0,0,0,0,0,0,0,0
54-73-72,0,0,0,0,0,0,0,0,0,0,0
54-74-82,0,0,0,0,0,0,0,0,0,0,0
54-80-35,0,0,0,0,0,0,0,0,0,0,0
54-82-34,0,0,0,0,0,58,0,0,0,0,0
54-86-30,98,0,0,0,0,0,0,0,0,0,0
54-87-05,98,0,0,0,0,0,0,0,0,0,0
55-06-93,0,0,0,0,0,72,0,0,0,0,0
55-10-43,0,0,0,0,0,0,0,0,0,0,0
55-10-66,0,0,0,0,0,0,0,0,0,0,0
55-19-37,0,0,0,0,0,0,0,0,0,0,0
55-20-83,0,0,0,0,0,0,0,0,0,0,0
55-25-16,0,0,0,0,111,0,0,0,0,0,0
55-40-86,0,0,0,0,0,0,0,40,0,0,0
55-50-33,0,0,0,0,0,58,0,0,0,0,0
55-56-51,0,0,0,0,58,0,0,0,0,0,0
55-56-53,0,0,0,0,58,0,0,0,0,0,0
55-56-54,0,0,0,0,58,0,0,0,0,0,0
55-56-69,0,0,0,0,58,0,0,0,0,0,0
55-58-80,0,0,0,0,0,73,0,0,0,0,0
55-59-05,0,0,0,0,0,0,0,0,0,0,0
55-62-40,0,59,0,0,0,0,0,0,0,0,0
55-63-03,0,0,0,0,0,0,0,40,0,0,0
55-65-19,0,0,0,0,0,0,0,40,0,0,0
55-71-94,0,0,0,0,58,0,0,0,0,0,0
55-78-25,116,0,0,0,0,0,0,0,0,0,0
56-19-24,0,0,0,0,68,0,0,0,0,0,0
56-20-86,0,0,0,0,55,0,0,0,0,0,0
56-25-17,0,0,0,0,55,0,0,0,0,0,0
56-32-67,0,0,0,0,0,41,0,0,0,0,0
56-60-52,0,0,0,0,0,58,0,0,0,0,0
56-87-91,0,0,0,0,62,0,0,0,0,0,0
57-03-45,0,0,0,0,55,0,0,0,0,0,0
57-03-52,0,0,0,0,55,0,0,0,0,0,0
57-04-24,0,0,0,0,0,0,0,0,0,0,0
57-05-12,0,0,0,0,0,0,0,0,0,0,0
57-07-69,0,0,0,0,0,0,0,0,0,0,29
57-22-48,0,0,0,0,113,0,0,0,0,0,0
57-26-16,0,0,0,0,0,91,0,0,0,0,0
57-28-09,0,0,126,0,0,0,0,0,0,0,0
57-29-44,0,0,0,0,0,0,0,107,0,0,0
57-31-52,0,0,0,0,58,0,0,0,0,0,0
57-33-77,0,0,0,0,87,0,0,0,0,0,0
57-37-71,0,0,0,0,0,81,0,0,0,0,0
57-48-05,0,0,0,0,0,0,0,0,0,0,0
57-56-46,0,0,0,0,0,0,0,0,0,0,0
57-61-21,0,0,0,0,0,0,0,0,0,0,0
57-70-26,0,0,0,0,0,56,0,0,0,0,0
57-75-71,0,0,0,0,0,0,0,104,0,0,0
57-80-80,0,0,0,0,0,0,0,107,0,0,0
57-92-82,0,0,0,0,0,0,81,0,0,0,0
57-94-85,0,0,0,0,0,66,0,0,0,0,0
57-94-89,0,0,0,0,0,0,0,0,0,0,0
57-94-91,0,0,0,0,0,66,0,0,0,0,0
57-95-02,0,0,0,0,0,0,0,0,0,0,0
57-95-03,0,0,0,0,0,0,0,0,0,0,0
57-95-07,0,0,0,0,0,0,0,0,0,0,0
57-95-09,0,0,0,0,0,0,0,0,0,0,0
57-95-23,0,0,0,0,0,66,0,0,0,0,0
57-95-28,0,0,0,0,0,0,0,0,0,0,0
57-97-37,0,0,0,0,55,0,0,0,0,0,0
58-07-47,0,0,0,0,58,0,0,0,0,0,0
58-11-84,0,0,0,0,0,0,0,0,0,0,0
58-11-93,0,0,0,0,0,0,0,0,0,0,0
58-35-09,0,0,0,0,0,0,0,0,0,0,0
58-58-03,0,0,0,0,0,125,0,0,0,0,0
58-58-57,0,0,0,0,58,0,0,0,0,0,0
58-64-72,0,0,0,0,0,71,0,0,0,0,0
58-72-98,0,0,0,0,56,0,0,0,0,0,0
58-74-69,0,0,0,0,0,71,0,0,0,0,0
58-75-86,0,0,0,0,0,0,0,0,0,0,52
58-86-29,0,0,0,0,105,0,0,0,0,0,0
59-12-32,116,0,0,0,0,0,0,0,0,0,0
59-12-65,116,0,0,0,0,0,0,0,0,0,0
59-12-66,116,0,0,0,0,0,0,0,0,0,0
59-12-71,116,0,0,0,0,0,0,0,0,0,0
59-21-31,0,0,0,0,0,0,0,0,0,0,0
59-31-40,0,0,0,0,0,0,0,50,0,0,0
59-48-35,0,0,0,0,58,0,0,0,0,0,0
59-48-72,0,0,0,0,58,0,0,0,0,0,0
59-66-15,0,0,0,0,56,0,0,0,0,0,0
59-67-95,0,122,0,0,0,0,0,0,0,0,0
59-74-07,0,0,0,0,0,0,0,0,0,0,0
59-87-86,0,0,0,0,0,0,0,0,0,0,0
59-90-49,0,0,0,0,0,0,0,0,48,0,0
60-00-81,0,0,0,0,0,33,0,0,0,0,0
60-15-99,0,0,0,0,0,0,0,0,0,0,0
60-21-15,0,0,0,0,0,0,0,0,0,0,0
60-21-87,0,0,0,0,0,0,0,0,0,0,0
60-34-68,0,0,0,0,0,0,0,0,0,0,0
60-39-05,0,0,0,0,0,0,0,0,88,0,0
60-42-58,0,81,0,0,0,0,0,0,0,0,0
60-46-20,0,0,0,0,0,0,0,107,0,0,0
60-58-00,0,101,0,0,0,0,0,0,0,0,0
60-58-46,0,0,0,0,58,0,0,0,0,0,0
60-58-57,0,0,0,0,0,0,0,0,90,0,0
60-60-47,0,0,0,0,0,73,0,0,0,0,0
60-65-95,0,0,0,0,0,0,0,0,0,0,0
60-72-67,0,0,0,0,0,71,0,0,0,0,0
60-74-43,0,127,0,0,0,0,0,0,0,0,0
60-82-96,0,0,0,0,0,0,0,0,0,0,0
60-90-59,0,0,0,0,87,0,0,0,0,0,0
60-94-56,0,0,0,0,0,33,0,0,0,0,0
60-98-68,0,0,0,0,119,0,0,0,0,0,0
60-99-21,0,0,0,0,0,58,0,0,0,0,0
61-26-79,0,0,0,0,0,0,0,0,0,0,0
61-34-26,0,0,0,0,0,0,0,0,36,0,0
61-36-03,0,0,0,0,57,0,0,0,0,0,0
61-41-70,0,0,0,0,0,0,0,0,36,0,0
61-47-65,0,0,0,0,0,0,0,0,106,0,0
61-51-68,108,0,0,0,0,0,0,0,0,0,0
61-56-17,0,0,0,0,123,0,0,0,0,0,0
61-56-22,0,0,0,0,0,58,0,0,0,0,0
61-66-88,0,0,0,0,123,0,0,0,0,0,0
61-67-68,0,0,0,0,0,0,0,0,0,72,0
61-72-29,0,0,0,0,108,0,0,0,0,0,0
61-82-32,0,0,0,0,0,0,91,0,0,0,0
61-89-87,0,0,0,0,0,0,0,0,47,0,0
61-95-45,0,0,0,0,0,0,0,0,0,0,0
62-11-31,0,0,0,0,96,0,0,0,0,0,0
62-11-88,0,0,0,0,58,0,0,0,0,0,0
62-11-91,0,0,0,0,58,0,0,0,0,0,0
62-13-85,0,0,125,0,0,0,0,0,0,0,0
62-49-76,0,0,0,0,0,125,0,0,0,0,0
62-49-95,0,0,0,0,0,0,0,0,0,0,0
62-51-94,0,0,0,0,88,0,0,0,0,0,0
62-59-23,0,0,0,0,0,0,0,0,68,0,0
62-59-63,0,0,0,0,0,0,0,0,68,0,0
62-64-96,0,0,0,0,0,0,0,0,0,0,0
62-64-97,0,0,0,0,0,0,114,0,0,0,0
62-70-99,0,0,0,0,0,0,0,0,0,0,44
62-78-05,0,0,0,0,105,0,0,0,0,0,0
62-85-55,0,0,0,0,0,0,0,0,35,0,0
62-93-22,0,0,0,0,0,0,0,0,0,0,0
62-98-58,0,0,0,0,0,0,0,0,0,0,0
63-04-36,0,0,0,0,0,0,0,0,0,0,0
63-11-08,0,0,0,0,0,38,0,0,0,0,0
63-17-46,0,0,0,0,0,0,91,0,0,0,0
63-52-18,0,0,0,0,0,0,0,0,0,0,29
63-62-75,61,0,0,0,0,0,0,0,0,0,0
63-80-17,0,77,0,0,0,0,0,0,0,0,0
63-88-98,0,0,0,0,0,75,0,0,0,0,0
63-99-05,0,98,0,0,0,0,0,0,0,0,0
64-06-59,0,0,0,0,58,0,0,0,0,0,0
64-25-60,0,80,0,0,0,0,0,0,0,0,0
64-27-27,0,0,0,0,0,125,0,0,0,0,0
64-31-57,0,0,0,0,0,0,0,0,0,89,0
64-35-16,0,0,0,0,0,0,0,0,0,0,52
64-39-99,0,0,0,0,0,125,0,0,0,0,0
64-67-22,0,0,0,0,0,33,0,0,0,0,0
64-69-99,0,0,0,0,0,0,0,0,0,89,0
64-81-56,0,0,0,0,0,75,0,0,0,0,0
64-82-10,0,0,0,0,0,75,0,0,0,0,0
64-93-44,0,0,0,0,0,0,0,0,0,0,0
64-93-85,0,0,0,0,0,85,0,0,0,0,0
64-94-27,0,0,0,0,0,0,0,0,0,0,0
65-02-69,0,0,0,0,0,0,0,124,0,0,0
65-02-73,0,0,0,0,0,0,0,124,0,0,0
65-03-08,0,0,0,0,53,0,0,0,0,0,0
65-11-62,61,0,0,0,0,0,0,0,0,0,0
65-12-68,0,0,0,0,0,0,0,124,0,0,0
65-30-66,0,0,0,0,0,72,0,0,0,0,0
65-48-83,0,0,0,0,0,54,0,0,0,0,0
65-52-17,0,0,0,0,0,0,0,0,0,0,0
65-61-12,0,0,0,0,57,0,0,0,0,0,0
65-61-29,0,0,0,0,0,0,0,124,0,0,0
65-63-21,0,0,0,0,0,75,0,0,0,0,0
65-63-94,0,0,0,0,57,0,0,0,0,0,0
65-64-54,0,0,0,0,0,75,0,0,0,0,0
65-73-48,0,0,0,0,0,0,0,0,0,0,52
65-74-72,31,0,0,0,0,0,0,0,0,0,0
65-75-04,31,0,0,0,0,0,0,0,0,0,0
65-92-15,0,0,0,0,58,0,0,0,0,0,0
66-05-92,0,0,0,0,58,0,0,0,0,0,0
66-25-44,0,0,0,0,0,0,0,124,0,0,0
66-50-34,58,0,0,0,0,0,0,0,0,0,0
66-57-54,0,0,0,0,0,0,0,124,0,0,0
66-60-56,0,0,0,0,0,0,0,0,0,0,0
66-61-94,0,0,0,0,0,75,0,0,0,0,0
66-68-96,0,0,0,0,0,0,0,0,0,0,0
66-73-55,0,0,0,0,0,75,0,0,0,0,0
66-74-89,0,0,0,0,53,0,0,0,0,0,0
66-74-94,0,0,0,0,0,0,0,0,0,0,0
66-78-95,31,0,0,0,0,0,0,0,0,0,0
66-86-88,0,0,0,0,0,0,0,100,0,0,0
66-97-80,0,0,0,0,57,0,0,0,0,0,0
66-97-94,0,0,0,0,0,0,0,124,0,0,0
67-07-09,0,0,0,0,0,48,0,0,0,0,0
67-07-37,0,0,0,0,0,56,0,0,0,0,0
67-27-21,0,0,0,0,0,75,0,0,0,0,0
67-27-31,0,0,0,0,0,107,0,0,0,0,0
67-29-22,0,0,0,0,0,75,0,0,0,0,0
67-33-31,0,0,0,0,0,0,0,0,0,0,0
67-38-57,61,0,0,0,0,0,0,0,0,0,0
67-45-41,0,0,0,0,0,38,0,0,0,0,0
67-47-95,0,0,0,0,0,75,0,0,0,0,0
67-56-00,0,0,0,0,0,87,0,0,0,0,0
67-76-16,0,0,0,0,0,0,0,0,0,0,0
67-88-84,0,0,0,0,0,0,0,0,0,86,0
67-89-14,0,0,0,0,0,0,0,0,0,0,0
68-19-23,0,0,0,0,55,0,0,0,0,0,0
68-28-80,0,0,0,0,0,0,0,122,0,0,0
68-30-09,0,0,0,0,0,0,0,0,0,0,0
68-33-45,0,0,0,0,0,0,91,0,0,0,0
68-52-49,0,0,0,0,0,75,0,0,0,0,0
68-64-91,0,0,0,0,0,0,110,0,0,0,0
68-67-49,0,0,0,0,58,0,0,0,0,0,0
68-69-47,0,0,0,0,53,0,0,0,0,0,0
68-90-65,0,0,0,0,0,0,0,0,0,0,0
68-94-10,0,0,0,0,0,0,0,0,0,0,0
69-01-76,0,0,0,0,0,0,0,0,0,106,0
69-06-44,95,0,0,0,0,0,0,0,0,0,0
69-16-11,0,0,0,0,0,0,108,0,0,0,0
69-28-05,0,0,0,0,41,0,0,0,0,0,0
69-30-11,0,0,0,0,0,53,0,0,0,0,0
69-34-24,91,0,0,0,0,0,0,0,0,0,0
69-51-04,0,105,0,0,0,0,0,0,0,0,0
69-66-08,0,0,0,0,0,58,0,0,0,0,0
69-66-54,0,97,0,0,0,0,0,0,0,0,0
69-97-31,61,0,0,0,0,0,0,0,0,0,0
69-97-66,61,0,0,0,0,0,0,0,0,0,0
70-08-35,0,0,0,0,0,0,0,0,0,86,0
70-12-23,0,0,0,0,0,0,0,0,0,86,0
70-12-80,0,0,0,0,0,0,0,0,83,86,0
70-13-13,0,0,0,0,0,31,0,0,0,0,0
70-13-84,0,0,0,0,0,75,0,0,0,0,0
70-16-67,0,105,0,0,0,0,0,0,0,0,0
70-26-73,95,0,0,0,0,0,0,0,0,0,0
70-79-09,0,0,0,0,0,29,0,0,0,0,0
70-91-85,0,0,0,0,69,0,0,0,0,0,0
71-07-22,0,0,0,0,55,0,0,0,0,0,0
71-10-73,0,0,0,0,0,31,0,0,0,0,0
71-15-52,0,0,0,0,0,0,0,0,0,0,45
71-28-83,58,0,0,0,0,0,0,0,0,0,0
71-29-05,0,0,0,0,0,0,0,0,0,0,0
71-29-39,0,0,0,0,0,75,0,0,0,0,0
71-41-49,0,0,0,0,0,58,0,0,0,0,0
71-49-63,0,0,0,0,0,0,0,0,0,0,0
71-49-71,0,0,0,0,0,0,0,0,0,0,0
71-49-86,0,0,0,0,0,31,0,0,0,0,0
71-50-03,0,0,0,0,0,0,0,0,0,0,0
71-60-04,0,0,0,0,0,0,0,0,0,0,0
71-63-01,0,0,0,0,109,0,0,0,0,0,0
71-71-27,0,0,0,0,0,0,0,0,0,0,0
71-72-10,0,0,0,0,0,0,0,0,0,42,0
71-85-21,0,0,0,0,0,0,66,0,0,0,0
71-85-46,0,0,0,0,0,0,0,0,0,0,0
72-02-08,0,0,0,0,57,0,0,0,0,0,0
72-07-47,0,0,0,0,0,0,0,0,73,0,0
72-10-42,0,0,0,29,0,0,0,0,0,0,0
72-18-33,112,0,0,0,0,0,0,0,0,0,0
72-32-02,0,0,0,0,0,0,0,0,0,0,0
72-32-03,0,0,0,0,0,0,0,0,0,0,0
72-32-73,0,0,0,0,0,0,0,0,73,0,0
72-32-75,0,0,0,0,0,0,0,0,73,0,0
72-34-55,116,0,0,0,0,0,0,0,0,0,0
72-35-55,0,0,0,0,0,75,0,0,0,0,0
72-41-93,0,0,0,0,0,0,0,0,73,0,0
72-44-56,0,0,0,0,0,0,0,0,73,0,0
72-60-00,0,0,0,0,58,0,0,0,0,0,0
72-72-06,0,0,0,0,0,0,0,0,0,0,122
72-77-87,0,0,0,0,0,0,0,0,73,0,0
72-84-10,0,0,0,0,125,0,0,0,0,0,0
72-95-13,0,0,0,0,0,0,0,0,0,0,0
73-02-19,0,0,0,0,0,0,0,0,73,0,0
73-08-24,0,0,0,0,0,75,0,0,0,0,0
73-12-21,0,0,0,0,57,0,0,0,0,0,0
73-12-97,0,0,0,0,0,0,74,0,0,0,0
73-19-05,0,0,0,0,0,64,0,0,0,0,0
73-20-41,0,0,0,0,92,0,0,0,0,0,0
73-23-97,0,0,0,0,57,0,0,0,0,0,0
73-24-53,0,0,0,0,0,0,0,0,73,0,0
73-26-45,0,0,0,0,0,75,0,0,0,0,0
73-28-83,0,0,0,0,0,75,0,0,0,0,0
73-28-90,0,0,0,0,0,75,0,0,0,0,0
73-29-25,0,0,0,0,0,75,0,0,0,0,0
73-36-51,0,0,0,0,0,0,0,0,73,0,0
73-40-31,0,0,124,0,0,0,0,0,0,0,0
73-44-25,0,0,0,0,0,75,0,0,0,0,0
73-45-76,0,97,0,0,0,0,0,0,0,0,0
73-47-22,0,0,0,0,0,0,90,0,0,0,0
73-56-20,118,0,0,0,0,0,0,0,0,0,0
73-57-95,0,0,0,0,0,0,0,0,0,0,0
73-71-79,0,0,0,0,0,0,0,0,0,0,0
73-74-02,0,0,0,0,0,0,71,0,0,0,0
73-77-62,0,0,0,0,0,0,0,0,0,42,0
73-81-13,61,0,0,0,0,0,0,0,0,0,0
73-81-14,61,0,0,0,0,0,0,0,0,0,0
73-88-80,61,0,0,0,0,0,0,0,0,0,0
73-92-05,0,0,0,0,0,0,0,0,94,0,0
73-93-54,0,0,0,0,0,0,0,124,0,0,0
73-93-93,61,0,0,0,0,0,0,0,0,0,0
74-02-79,0,0,123,0,0,0,0,0,0,0,0
74-03-31,0,0,0,0,0,75,0,0,0,0,0
74-14-43,0,0,0,0,0,0,0,0,73,0,0
74-18-19,0,0,0,0,0,31,0,0,0,0,0
74-19-07,0,0,0,0,0,31,0,0,0,0,0
74-20-76,0,0,0,0,0,0,0,0,0,0,55
74-23-46,0,0,0,0,0,75,0,0,0,0,0
74-31-08,0,0,0,0,0,0,0,0,0,0,55
74-37-35,0,0,0,0,117,0,0,0,0,0,0
74-57-20,0,0,0,0,0,31,0,0,0,0,0
74-57-62,0,0,0,0,0,75,0,0,0,0,0
74-59-20,0,0,0,0,0,0,0,0,0,0,55
74-70-14,0,0,0,0,0,0,0,0,0,0,0
74-85-69,0,0,0,0,0,64,0,0,0,0,0
74-88-64,0,0,0,0,77,0,0,0,0,0,0
75-00-16,0,0,0,0,0,0,0,0,0,0,55
75-00-89,0,0,0,0,0,0,0,100,0,0,0
75-02-68,0,0,0,0,0,0,0,0,0,0,55
75-10-11,0,0,0,0,0,0,0,0,94,0,0
75-22-62,0,0,0,0,58,0,0,0,0,0,0
75-29-90,0,0,0,0,0,53,0,0,0,0,0
75-37-84,0,0,0,0,0,31,0,0,0,0,0
75-40-52,0,0,0,0,0,0,0,0,0,0,122
75-45-85,0,0,0,0,0,0,0,0,0,0,0
75-54-82,0,0,0,0,0,0,0,0,0,0,0
75-55-86,0,0,0,0,0,0,66,0,0,0,0
75-61-61,0,0,0,0,0,0,0,0,0,0,0
75-72-11,0,0,0,0,0,0,108,0,0,0,0
75-80-41,0,0,0,0,0,0,0,0,0,0,0
75-80-61,0,0,0,0,109,0,0,0,0,0,0
75-82-08,0,0,0,0,0,0,0,0,0,0,55
76-19-36,0,0,0,0,0,0,0,57,0,0,0
76-57-40,0,0,0,0,0,0,108,0,0,0,0
76-63-90,118,0,0,0,0,0,0,0,0,0,0
76-64-00,0,0,0,0,0,0,0,0,0,0,55
76-71-06,118,0,0,0,0,0,0,0,0,0,0
76-94-96,0,0,0,0,0,0,0,0,0,0,55
76-99-89,0,0,0,0,0,75,0,0,0,0,0
77-03-79,0,0,0,0,0,81,0,0,0,0,0
77-04-96,0,0,0,0,0,0,0,0,0,0,55
77-07-48,0,0,0,0,0,0,0,0,0,0,55
77-10-09,115,0,0,0,0,0,0,0,0,0,0
77-10-23,0,0,0,0,0,75,0,0,0,0,0
77-13-92,115,0,0,0,0,0,0,0,0,0,0
77-14-24,115,0,0,0,0,0,0,0,0,0,0
77-14-26,115,0,0,0,0,0,0,0,0,0,0
77-14-27,115,0,0,0,0,0,0,0,0,0,0
77-14-31,115,0,0,0,0,0,0,0,0,0,0
77-14-41,115,0,0,0,0,0,0,0,0,0,0
77-15-14,0,0,0,0,0,58,0,0,0,0,0
77-27-51,0,0,0,0,0,0,0,0,0,0,0
77-29-11,0,0,0,0,0,0,0,0,0,0,52
77-35-06,0,0,0,0,0,89,0,0,0,0,0
77-39-14,0,0,0,0,0,58,0,0,0,0,0
77-45-92,0,0,0,0,0,0,0,0,0,0,55
77-47-12,0,0,0,0,57,0,0,0,0,0,0
77-50-79,0,0,0,0,62,0,0,0,0,0,0
77-62-73,0,0,0,0,0,0,0,0,0,0,0
77-72-16,112,0,0,0,0,0,0,0,0,0,0
77-72-81,0,0,0,0,0,0,0,0,0,0,45
77-95-20,115,0,0,0,0,0,0,0,0,0,0
78-00-77,0,0,49,0,0,0,0,0,0,0,0
78-05-77,115,0,0,0,0,0,0,0,0,0,0
78-22-41,61,0,0,0,0,0,0,0,0,0,0
78-25-28,0,0,0,0,0,0,0,0,0,0,53
78-31-04,0,0,0,0,0,0,0,124,0,0,0
78-38-81,0,0,0,0,0,40,0,0,0,0,0
78-41-28,0,0,0,0,0,0,0,0,0,0,0
78-41-40,0,0,0,0,0,0,0,0,0,0,0
78-42-04,0,0,0,0,0,0,0,0,0,0,0
78-42-68,0,0,0,0,0,0,0,0,0,0,0
78-58-71,0,0,0,0,95,0,0,0,0,0,0
78-61-32,0,0,0,0,91,0,0,0,0,0,0
78-76-23,0,0,0,0,0,0,0,0,0,0,0
78-76-48,0,0,0,0,0,0,0,0,0,0,0
78-92-76,0,0,0,0,75,0,0,0,0,0,0
79-24-08,0,0,0,0,0,0,0,0,0,0,53
79-27-97,0,0,0,0,0,0,0,0,0,0,0
79-49-03,0,0,0,0,0,0,0,0,0,0,0
79-49-41,0,0,0,0,0,0,0,0,0,0,0
79-52-65,0,0,0,0,122,0,0,0,0,0,0
79-63-62,0,0,0,0,0,75,0,0,0,0,0
79-78-58,0,0,0,0,0,0,0,124,0,0,0
79-91-05,0,0,0,0,0,0,0,0,0,0,54
79-91-07,0,0,0,0,0,0,0,0,0,0,54
79-94-89,0,0,0,0,0,0,0,0,0,0,0
80-00-00,0,0,0,0,0,0,124,0,0,0,0
80-02-58,0,0,0,0,0,0,0,0,0,0,0
80-08-54,0,0,0,0,57,0,0,0,0,0,0
80-09-37,0,0,0,0,0,0,0,0,0,0,0
80-20-96,103,0,0,0,0,0,0,0,0,0,0
80-21-66,0,0,0,0,100,0,0,0,0,0,0
80-28-80,0,0,0,0,0,0,0,0,0,0,0
80-40-50,0,0,0,0,0,0,0,0,0,0,0
80-41-64,0,0,0,0,0,0,0,0,0,0,0
80-43-84,0,0,0,0,0,0,0,0,90,0,0
80-46-34,0,0,0,0,0,71,0,0,0,0,0
80-62-88,0,0,0,0,0,0,0,0,0,0,0
80-71-68,0,0,0,0,0,0,0,0,0,0,0
80-73-55,0,0,0,0,0,31,0,0,0,0,0
80-74-53,0,0,0,0,104,0,0,0,0,0,0
80-80-01,0,0,0,0,0,0,0,0,90,0,0
80-85-82,0,0,0,0,0,62,0,0,0,0,0
80-90-25,0,109,0,0,0,0,0,0,0,0,0
81-04-97,0,0,0,0,0,0,108,0,0,0,0
81-11-37,0,0,0,0,58,0,0,0,0,0,0
81-14-19,0,0,0,0,116,0,0,0,0,0,0
81-14-56,0,0,0,0,0,0,0,0,0,0,55
81-16-57,0,0,0,0,0,45,0,0,0,0,0
81-17-08,0,0,0,0,0,0,0,0,0,0,55
81-17-85,0,0,0,0,0,0,0,0,0,0,0
81-28-54,0,0,0,0,0,0,0,0,0,0,0
81-36-09,0,0,0,0,0,0,0,100,0,0,0
81-43-52,0,0,0,0,0,0,108,0,0,0,0
81-43-54,0,0,0,0,116,0,0,0,0,0,0
81-56-22,0,0,0,0,0,0,0,0,0,0,0
81-70-50,0,0,0,0,0,0,0,0,0,0,54
81-72-64,0,0,0,0,0,0,0,0,0,0,0
81-73-79,0,0,0,0,80,0,0,0,0,0,0
81-74-18,0,0,0,0,58,0,0,0,0,0,0
81-76-67,0,76,0,0,0,0,0,0,0,0,0
81-80-19,0,0,125,0,0,0,0,0,0,0,0
82-00-32,0,0,0,0,101,0,0,0,0,0,0
82-02-27,0,0,0,0,0,0,0,0,64,0,0
82-17-49,0,0,0,0,0,0,0,0,0,0,122
82-20-17,0,0,0,0,0,119,0,0,0,0,0
82-25-09,0,0,0,0,56,0,0,0,0,0,0
82-30-87,0,0,0,0,0,50,0,0,0,0,0
82-34-88,33,0,0,0,0,0,0,0,0,0,0
82-67-14,0,0,0,0,0,0,0,0,0,0,0
82-75-35,0,0,0,0,0,0,0,0,0,0,32
82-81-60,0,0,0,0,0,0,0,0,0,72,0
82-91-47,0,0,0,0,0,0,0,0,0,0,0
83-04-32,0,0,0,0,0,0,41,0,0,0,0
83-07-19,0,0,0,0,59,0,0,0,0,0,0
83-16-49,0,0,0,0,0,0,108,0,0,0,0
83-24-80,0,0,0,0,0,0,41,0,0,0,0
83-31-64,0,0,0,0,0,50,0,0,0,0,0
83-34-10,0,0,0,0,0,0,0,0,0,0,0
83-42-10,0,0,0,0,0,0,0,0,0,0,55
83-50-49,0,0,125,0,0,0,0,0,0,0,0
83-52-24,0,0,0,0,58,0,0,0,0,0,0
83-60-38,0,0,0,0,56,0,0,0,0,0,0
83-62-98,0,0,0,0,59,0,0,0,0,0,0
83-65-30,58,0,0,0,0,0,0,0,0,0,0
83-65-57,0,0,0,0,0,75,0,0,0,0,0
83-68-77,116,0,0,0,0,0,0,0,0,0,0
83-76-64,30,0,0,0,0,0,0,0,0,0,0
84-17-35,0,0,0,0,40,0,0,0,0,0,0
84-17-43,0,0,0,0,0,0,108,0,0,0,0
84-25-14,0,0,0,0,0,0,0,0,0,0,0
84-31-09,0,0,0,0,0,0,108,0,0,0,0
84-31-78,0,0,0,0,113,0,0,0,0,0,0
84-32-81,0,0,0,0,0,0,0,0,0,0,45
84-33-51,0,0,0,0,0,0,0,0,0,0,0
84-52-83,0,0,0,0,0,0,108,0,0,0,0
84-53-30,0,0,0,0,0,0,0,0,0,0,53
84-55-04,67,0,0,0,0,0,0,0,0,0,0
84-66-61,0,0,0,0,0,41,0,0,0,0,0
84-68-81,112,0,0,0,0,0,0,0,0,0,0
84-69-14,0,0,0,0,59,0,0,0,0,0,0
84-77-48,61,0,0,0,0,0,0,0,0,0,0
84-77-80,0,0,0,0,0,0,0,0,0,0,0
84-79-40,0,0,0,0,0,45,0,0,0,0,0
84-89-60,0,0,0,0,57,0,0,0,0,0,0
84-93-80,0,0,0,0,0,0,0,0,0,0,0
85-15-90,0,0,0,0,0,0,0,0,0,0,0
85-15-94,0,0,0,0,0,0,0,0,0,0,0
85-31-20,0,0,0,0,0,0,0,0,0,106,0
85-40-34,0,0,0,0,0,0,0,0,0,0,0
85-58-17,0,0,0,0,0,0,0,0,0,0,42
85-67-70,0,0,0,0,0,0,0,0,0,0,0
85-87-89,0,0,0,0,0,0,0,0,0,0,0
85-95-29,0,0,0,0,0,118,0,0,0,0,0
85-95-84,0,0,0,0,0,29,0,0,0,0,0
85-99-36,0,0,0,0,0,0,0,0,120,0,0
86-03-89,0,0,0,0,0,0,0,0,0,0,0
86-06-91,0,0,0,0,0,0,0,0,0,0,0
86-31-29,0,0,0,0,0,0,0,0,0,0,54
86-36-96,0,0,0,0,0,0,0,0,101,0,0
86-48-80,0,0,0,0,0,0,0,0,0,0,54
86-56-28,0,0,0,0,0,0,0,0,0,0,53
86-63-70,0,0,0,0,57,0,0,0,0,0,0
86-63-72,0,0,0,0,57,0,0,0,0,0,0
86-63-73,0,0,0,0,57,0,0,0,0,0,0
86-64-03,0,0,0,0,0,75,0,0,0,0,0
86-64-09,0,0,0,0,57,0,0,0,0,0,0
86-64-18,0,0,0,0,57,0,0,0,0,0,0
86-64-28,0,0,0,0,57,0,0,0,0,0,0
86-65-76,0,0,0,0,116,0,0,0,0,0,0
86-67-82,0,0,0,0,0,0,0,107,0,0,0
86-72-65,0,0,0,0,59,0,0,0,0,0,0
86-78-73,0,0,0,0,57,0,0,0,0,0,0
86-79-17,0,0,0,0,57,0,0,0,0,0,0
86-88-00,0,0,0,0,0,0,0,0,0,0,55
86-95-06,0,0,0,0,0,50,0,0,0,0,0
86-98-27,0,0,0,0,79,0,0,0,0,0,0
86-99-87,0,0,0,0,58,0,0,0,0,0,0
87-02-25,0,0,0,0,0,0,0,0,101,0,0
87-13-00,0,0,0,0,0,50,0,0,0,0,0
87-13-23,0,0,0,0,0,92,0,0,0,0,0
87-26-89,0,0,0,0,0,31,0,0,0,0,0
87-30-45,0,0,0,0,0,0,41,0,0,0,0
87-33-47,0,0,0,0,0,0,74,0,0,0,0
87-45-76,0,0,0,0,0,0,41,0,0,0,0
87-64-81,0,0,0,0,0,0,0,0,0,0,0
87-65-37,0,0,0,0,0,0,0,0,0,0,0
87-72-59,0,0,0,0,57,0,0,0,0,0,0
87-78-93,0,0,0,0,57,0,0,0,0,0,0
87-80-83,0,0,0,0,0,92,0,0,0,0,0
87-80-85,0,0,0,0,0,92,0,0,0,0,0
87-84-00,0,0,0,0,0,0,0,0,0,0,0
87-91-04,0,0,0,0,0,92,0,0,0,0,0
87-91-16,0,0,0,0,0,92,0,0,0,0,0
87-91-17,0,0,0,0,0,92,0,0,0,0,0
87-91-18,0,0,0,0,0,92,0,0,0,0,0
87-91-20,0,0,0,0,0,92,0,0,0,0,0
87-91-24,0,0,0,0,0,92,0,0,0,0,0
87-91-28,0,0,0,0,0,92,0,0,0,0,0
87-91-77,0,0,0,0,57,0,0,0,0,0,0
87-91-92,0,0,0,0,0,92,0,0,0,0,0
87-93-20,0,0,0,0,0,92,0,0,0,0,0
87-94-02,60,0,0,0,0,0,0,0,0,0,0
87-94-16,0,0,0,0,0,92,0,0,0,0,0
87-94-20,0,0,0,0,0,92,0,0,0,0,0
87-94-24,0,0,0,0,0,92,0,0,0,0,0
87-94-48,0,0,0,0,0,92,0,0,0,0,0
87-94-52,0,0,0,0,0,92,0,0,0,0,0
87-94-56,0,0,0,0,0,92,0,0,0,0,0
87-95-20,0,0,0,0,0,92,0,0,0,0,0
87-95-24,0,0,0,0,0,92,0,0,0,0,0
87-95-28,0,0,0,0,0,92,0,0,0,0,0
87-95-32,0,0,0,0,0,92,0,0,0,0,0
87-95-65,0,0,0,0,0,0,0,0,0,0,0
87-95-96,0,0,0,0,0,92,0,0,0,0,0
87-98-87,0,0,0,0,0,0,108,0,0,0,0
87-98-89,0,0,0,0,57,0,0,0,0,0,0
88-00-26,0,0,0,0,57,0,0,0,0,0,0
88-03-33,48,0,0,0,0,0,0,0,0,0,0
88-05-80,0,0,0,0,0,92,0,0,0,0,0
88-06-60,0,0,0,0,0,92,0,0,0,0,0
88-06-61,0,0,0,0,0,92,0,0,0,0,0
88-06-64,0,0,0,0,0,92,0,0,0,0,0
88-06-72,0,0,0,0,0,92,0,0,0,0,0
88-08-16,0,0,0,0,0,92,0,0,0,0,0
88-08-17,0,0,0,0,0,92,0,0,0,0,0
88-08-20,0,0,0,0,0,92,0,0,0,0,0
88-08-48,0,0,0,0,0,92,0,0,0,0,0
88-08-96,0,0,0,0,0,92,0,0,0,0,0
88-09-20,0,0,0,0,0,92,0,0,0,0,0
88-09-92,0,0,0,0,0,92,0,0,0,0,0
88-09-96,0,0,0,0,0,92,0,0,0,0,0
88-10-00,0,0,0,0,0,92,0,0,0,0,0
88-10-04,0,0,0,0,0,92,0,0,0,0,0
88-10-08,0,0,0,0,0,92,0,0,0,0,0
88-10-12,0,0,0,0,0,92,0,0,0,0,0
88-10-16,0,0,0,0,0,92,0,0,0,0,0
88-10-20,0,0,0,0,0,92,0,0,0,0,0
88-10-24,0,0,0,0,0,92,0,0,0,0,0
88-10-88,0,0,0,0,0,92,0,0,0,0,0
88-12-16,0,0,0,0,0,92,0,0,0,0,0
88-12-24,0,0,0,0,0,49,0,0,0,0,0
88-13-44,0,0,0,0,0,92,0,0,0,0,0
88-16-02,0,0,0,0,0,0,0,0,0,0,55
88-16-04,0,0,0,0,0,0,0,0,0,0,55
88-16-08,0,0,0,0,0,0,0,0,0,0,55
88-16-32,0,0,0,0,0,92,0,0,0,0,0
88-16-40,0,0,0,0,0,92,0,0,0,0,0
88-16-44,0,0,0,0,0,92,0,0,0,0,0
88-16-48,0,0,0,0,0,92,0,0,0,0,0
88-16-52,0,0,0,0,0,92,0,0,0,0,0
88-17-28,0,0,0,0,113,0,0,0,0,0,0
88-33-36,0,0,0,0,58,0,0,0,0,0,0
88-33-42,0,0,0,0,58,0,0,0,0,0,0
88-39-83,0,0,0,0,0,31,0,0,0,0,0
88-58-33,0,0,0,0,57,0,0,0,0,0,0
88-58-59,0,0,0,0,57,0,0,0,0,0,0
88-63-01,0,0,0,0,57,0,0,0,0,0,0
88-64-41,0,0,0,0,57,0,0,0,0,0,0
88-86-09,0,0,0,0,0,0,41,0,0,0,0
88-89-78,0,0,0,0,0,0,127,0,0,0,0
88-95-61,0,0,0,0,0,0,41,0,0,0,0
88-96-08,0,0,0,0,0,92,0,0,0,0,0
88-99-62,0,0,0,0,57,0,0,0,0,0,0
89-01-21,0,0,0,0,0,0,41,0,0,0,0
89-01-23,0,0,0,0,0,92,0,0,0,0,0
89-02-83,0,0,0,0,0,0,126,0,0,0,0
89-04-44,0,0,0,0,0,0,0,0,0,0,0
89-04-78,0,0,0,0,0,0,41,0,0,0,0
89-04-92,0,0,0,0,0,0,0,0,0,0,0
89-20-56,0,0,0,0,59,0,0,0,0,0,0
89-24-51,0,0,0,0,57,0,0,0,0,0,0
89-24-89,0,0,0,0,0,0,41,0,0,0,0
89-27-37,0,0,0,0,0,0,0,0,0,0,0
89-28-65,0,0,0,0,0,0,41,0,0,0,0
89-39-05,0,0,0,0,0,0,41,0,0,0,0
89-46-18,0,0,0,0,0,92,0,0,0,0,0
89-46-83,0,0,0,0,0,0,0,0,0,0,0
89-55-34,0,0,0,0,0,92,0,0,0,0,0
89-78-26,0,0,0,0,0,92,0,0,0,0,0
89-83-76,0,0,0,0,57,0,0,0,0,0,0
89-86-90,0,0,0,0,0,0,0,0,0,0,0
89-87-07,0,0,0,0,0,0,0,0,0,0,0
89-92-00,0,0,0,0,0,70,0,0,0,0,0
89-95-46,0,0,0,0,0,0,0,0,0,0,55
89-99-68,0,0,0,0,0,0,0,0,0,0,0
90-03-21,0,0,0,0,59,0,0,0,0,0,0
90-03-29,0,0,0,0,59,0,0,0,0,0,0
90-11-59,0,0,0,0,0,0,0,0,0,0,0
90-16-66,0,0,0,0,0,92,0,0,0,0,0
90-36-00,0,0,0,0,0,0,0,0,0,0,0
90-36-80,0,0,0,0,0,92,0,0,0,0,0
90-48-36,0,0,0,0,57,0,0,0,0,0,0
90-72-96,0,0,0,0,0,0,108,0,0,0,0
90-75-71,0,0,0,0,0,71,0,0,0,0,0
90-76-54,0,0,0,0,0,0,0,0,0,0,29
90-95-15,0,0,0,0,0,0,0,0,0,0,0
91-14-08,0,0,0,0,59,0,0,0,0,0,0
91-21-76,0,0,0,0,0,0,41,0,0,0,0
91-22-40,0,0,0,0,0,0,41,0,0,0,0
91-27-06,0,0,0,0,57,0,0,0,0,0,0
91-29-69,0,0,0,0,57,0,0,0,0,0,0
91-33-61,0,0,0,0,0,0,0,0,0,0,0
91-33-85,0,0,0,0,0,0,0,0,0,0,0
91-37-92,0,0,0,0,58,0,0,0,0,0,0
91-44-65,0,0,0,0,56,0,0,0,0,0,0
91-49-77,0,0,0,0,56,0,0,0,0,0,0
91-49-78,0,0,0,0,56,0,0,0,0,0,0
91-50-64,0,0,0,0,0,0,0,0,0,0,0
91-53-29,0,0,0,0,0,0,0,106,0,0,0
91-74-96,0,0,0,0,0,75,0,0,0,0,0
91-91-33,0,0,0,0,0,0,41,0,0,0,0
91-93-73,0,0,0,0,0,0,41,0,0,0,0
91-94-34,0,0,0,0,0,0,0,0,0,0,0
92-08-80,0,0,0,0,56,0,0,0,0,0,0
92-11-23,0,0,0,0,56,0,0,0,0,0,0
92-14-70,0,0,0,0,0,0,0,106,0,0,0
92-28-33,0,0,0,0,57,0,0,0,0,0,0
92-29-37,0,0,0,0,57,0,0,0,0,0,0
92-30-04,0,0,0,0,57,0,0,0,0,0,0
92-32-02,0,0,0,0,59,0,0,0,0,0,0
92-33-89,0,0,0,0,57,0,0,0,0,0,0
92-37-68,0,0,0,0,0,46,0,0,0,0,0
92-38-39,0,0,0,0,57,0,0,0,0,0,0
92-38-45,0,0,0,0,57,0,0,0,0,0,0
92-38-65,0,0,0,0,57,0,0,0,0,0,0
92-38-71,0,0,0,0,57,0,0,0,0,0,0
92-41-61,0,0,0,0,0,92,0,0,0,0,0
92-43-09,0,0,0,0,57,0,0,0,0,0,0
92-43-35,0,0,0,0,57,0,0,0,0,0,0
92-43-39,0,0,0,0,57,0,0,0,0,0,0
92-44-01,0,0,0,0,57,0,0,0,0,0,0
92-45-72,0,0,0,0,57,0,0,0,0,0,0
92-46-30,0,0,0,0,57,0,0,0,0,0,0
92-46-58,0,0,0,0,57,0,0,0,0,0,0
92-46-83,0,0,0,0,57,0,0,0,0,0,0
92-47-03,0,0,0,0,57,0,0,0,0,0,0
92-48-00,98,0,0,0,0,0,0,0,0,0,0
92-57-95,0,0,0,0,0,0,0,0,105,0,0
92-63-70,0,0,0,0,125,0,0,0,0,0,0
92-64-70,0,0,0,0,56,0,0,0,0,0,0
92-67-33,0,0,0,0,0,92,0,0,0,0,0
92-69-79,0,0,0,0,0,92,0,0,0,0,0
92-77-53,0,0,0,0,0,0,0,0,0,39,0
92-78-81,0,0,0,0,0,0,0,0,0,39,0
92-82-38,0,0,0,0,76,0,0,0,0,0,0
92-90-24,117,0,0,0,0,0,0,0,0,0,0
92-96-68,0,0,0,0,58,0,0,0,0,0,0
93-00-31,59,0,0,0,0,0,0,0,0,0,0
93-02-55,0,0,0,0,0,92,0,0,0,0,0
93-02-96,0,0,0,0,0,92,0,0,0,0,0
93-13-95,0,0,0,0,56,0,0,0,0,0,0
93-17-37,0,0,0,0,0,48,0,0,0,0,0
93-19-30,0,0,0,0,57,0,0,0,0,0,0
93-19-44,0,0,0,0,57,0,0,0,0,0,0
93-19-52,0,0,0,0,57,0,0,0,0,0,0
93-34-56,0,0,0,0,57,0,0,0,0,0,0
93-42-98,0,0,0,0,0,0,0,0,0,0,0
93-49-70,0,0,0,0,57,0,0,0,0,0,0
93-54-96,0,0,0,0,0,29,0,0,0,0,0
93-54-97,0,0,0,0,0,29,0,0,0,0,0
93-63-22,0,0,0,0,0,0,0,0,0,0,0
93-72-28,0,0,0,0,0,0,0,0,0,0,0
93-79-47,0,0,0,0,0,92,0,0,0,0,0
93-87-53,0,0,0,0,0,0,0,0,0,39,0
93-88-91,0,0,0,0,59,0,0,0,0,0,0
93-89-13,0,114,0,0,0,0,0,0,0,0,0
93-90-08,0,0,0,0,0,0,0,0,0,0,0
93-94-72,0,0,0,0,59,0,0,0,0,0,0
93-95-51,0,0,0,0,0,0,83,0,0,0,0
94-12-91,0,0,0,0,0,75,0,0,0,0,0
94-31-05,0,0,0,0,0,0,0,0,0,0,0
94-31-89,0,0,0,0,0,0,0,0,0,0,0
94-45-16,0,0,0,0,0,0,126,0,0,0,0
94-51-02,0,0,0,0,0,0,0,0,0,0,0
94-51-68,0,0,0,0,0,0,0,0,0,0,0
94-52-96,0,0,0,0,57,0,0,0,0,0,0
94-53-52,0,0,0,0,57,0,0,0,0,0,0
94-54-08,0,0,0,0,56,0,0,0,0,0,0
94-54-34,0,0,0,0,0,0,108,0,0,0,0
94-58-82,0,0,0,0,0,0,0,0,83,0,0
94-63-39,0,0,0,0,0,48,0,0,0,0,0
94-67-00,0,0,0,0,0,0,0,0,56,0,0
94-69-52,0,0,0,0,56,0,0,0,0,0,0
94-74-08,0,0,0,0,0,0,0,0,0,0,55
94-74-91,0,0,0,0,57,0,0,0,0,0,0
94-75-85,0,0,0,0,54,0,0,0,0,0,0
94-80-19,0,0,0,0,0,0,0,0,0,39,0
94-80-75,0,0,0,0,0,0,0,0,0,39,0
94-91-03,0,0,0,0,0,31,0,0,0,0,0
94-93-16,0,0,0,0,0,0,0,0,0,0,0
94-95-05,0,0,0,0,0,92,0,0,0,0,0
95-16-81,87,0,0,0,0,0,0,0,0,0,0
95-19-45,0,0,0,0,0,0,0,0,0,0,0
95-20-06,0,0,0,0,0,0,0,0,0,0,0
95-24-19,0,0,0,0,57,0,0,0,0,0,0
95-36-19,0,0,0,0,0,92,0,0,0,0,0
95-40-74,0,0,0,0,0,0,0,0,90,0,0
95-65-47,0,0,0,0,0,41,0,0,0,0,0
95-68-25,0,0,0,0,0,58,0,0,0,0,0
95-68-41,0,0,0,0,0,58,0,0,0,0,0
95-74-61,0,0,0,0,0,0,0,0,0,0,0
95-74-96,0,0,0,0,0,48,0,0,0,0,0
95-77-32,0,0,0,0,0,0,0,0,0,0,0
95-77-62,0,0,0,0,0,0,0,0,0,0,0
95-80-06,0,0,0,0,0,0,0,0,0,0,0
95-88-84,0,0,0,0,0,0,0,0,0,0,0
96-10-90,0,0,0,0,105,0,0,0,0,0,0
96-15-03,0,0,0,0,56,0,0,0,0,0,0
96-24-00,0,0,0,0,0,92,0,0,0,0,0
96-36-65,0,0,0,0,0,0,0,101,0,0,0
96-43-16,0,0,0,0,0,0,0,0,0,0,0
96-51-39,0,0,0,0,0,92,0,0,0,0,0
96-51-79,0,0,0,0,56,0,0,0,0,0,0
96-53-37,0,0,0,0,0,92,0,0,0,0,0
96-62-90,0,0,0,0,0,0,0,0,56,0,0
96-76-32,0,0,0,0,0,0,0,0,0,39,0
96-76-35,0,0,0,0,0,75,0,0,0,0,0
96-94-73,0,0,0,0,0,0,0,0,0,0,0
96-96-35,0,0,0,0,0,92,0,0,0,0,0
96-96-73,0,0,0,0,67,0,0,0,0,0,0
97-03-51,0,0,0,0,0,0,0,0,0,0,41
97-05-50,0,0,0,0,57,0,0,0,0,0,0
97-53-85,0,0,0,0,0,75,0,0,0,0,0
97-62-65,0,0,0,126,0,0,0,0,0,0,0
97-69-44,0,0,0,0,59,0,0,0,0,0,0
97-73-47,0,0,0,0,59,0,0,0,0,0,0
97-96-19,0,0,0,0,105,0,0,0,0,0,0
97-96-55,0,0,0,0,0,0,0,0,0,0,41
97-98-44,0,0,0,0,0,0,0,0,90,0,0
97-98-62,0,0,0,0,56,0,0,0,0,0,0
97-99-95,0,0,0,0,56,0,0,0,0,0,0
98-01-61,0,0,0,0,0,0,83,0,0,0,0
98-04-53,0,0,0,0,0,0,125,0,0,0,0
98-04-85,0,0,0,0,56,0,0,0,0,0,0
98-04-96,0,0,0,0,56,0,0,0,0,0,0
98-05-04,0,0,0,0,56,0,0,0,0,0,0
98-05-12,0,0,0,0,56,0,0,0,0,0,0
98-05-50,0,0,0,0,0,0,0,0,0,0,0
98-19-00,0,0,0,0,0,0,0,74,0,0,0
98-20-80,0,0,0,0,0,0,0,0,0,0,0
98-46-91,0,0,0,0,0,0,0,102,0,0,0
98-54-62,0,0,0,0,0,0,0,0,0,69,0
98-60-80,0,0,0,0,91,0,0,0,0,0,0
98-66-57,0,0,0,0,0,92,0,0,0,0,0
98-93-95,0,0,0,0,0,0,0,0,0,31,0
98-99-37,0,0,0,0,0,92,0,0,0,0,0
98-99-44,0,0,0,0,0,92,0,0,0,0,0
98-99-54,0,0,0,0,0,92,0,0,0,0,0
98-99-56,0,0,0,0,0,92,0,0,0,0,0
99-02-13,0,0,0,0,57,0,0,0,0,0,0
99-03-37,0,0,0,0,0,0,0,74,0,0,0
99-07-06,0,0,0,0,0,92,0,0,0,0,0
99-13-01,0,0,0,0,56,0,0,0,0,0,0
99-13-04,0,0,0,0,56,0,0,0,0,0,0
99-35-60,0,0,0,0,0,0,0,0,0,0,0
99-40-03,0,0,0,0,0,0,0,0,0,39,0
99-41-02,0,0,0,0,0,0,0,0,0,0,0
99-42-16,0,0,0,0,0,0,0,0,0,0,54
99-43-95,0,0,0,0,0,0,0,0,72,0,0
99-57-94,0,0,0,0,0,0,0,0,0,0,0
99-58-58,0,0,0,0,0,0,0,0,0,0,0
99-59-22,0,0,0,0,0,0,0,0,0,0,0
99-59-86,0,0,0,0,0,0,0,0,0,0,0
99-61-14,0,0,0,0,0,0,0,0,0,0,0
99-61-78,0,0,0,0,0,0,0,0,0,0,0
99-63-06,0,0,0,0,0,0,0,0,0,0,0
99-72-97,0,0,0,0,0,48,0,0,0,0,0
99-74-05,0,0,0,0,0,0,0,74,0,0,0
99-89-49,0,0,0,0,0,0,0,74,0,0,0
99-94-27,0,0,0,0,0,0,0,0,0,0,0
99-95-02,0,0,0,0,0,0,125,0,0,0,0
99-97-07,0,0,124,0,0,0,0,0,0,0,0
