date,Alice,Bob,Chris,Dave,Eliza,Fred,George,Helen,Jack,Kelly,Linda,Meg,Noah,Oscar,Peter,Quinn
09-00-05,36,54,51,53,57,61,51,35,0,58,0,0,0,55,55,42
09-00-15,35,54,49,52,56,61,52,34,0,57,0,42,0,55,55,42
09-00-25,34,58,42,50,57,60,46,32,0,47,0,55,30,55,44,43
09-00-35,36,58,49,56,57,61,53,39,0,59,0,55,31,55,58,43
09-00-45,35,58,49,55,57,60,52,38,0,60,0,30,0,55,58,45
09-00-55,32,58,48,55,57,61,53,36,0,59,0,36,0,55,57,44
09-01-05,34,57,49,56,58,61,52,35,0,60,0,0,0,56,58,45
09-01-15,32,58,50,56,57,61,51,35,0,59,0,0,0,55,58,44
09-01-25,33,58,46,55,56,61,51,37,0,59,0,0,0,55,58,45
09-01-35,32,58,50,56,56,61,51,36,0,60,0,0,0,56,57,45
09-01-45,34,58,46,56,57,61,50,35,0,59,0,0,0,55,57,46
09-01-55,32,58,49,55,57,61,53,38,0,59,0,0,0,55,58,45
09-02-05,33,58,47,55,57,61,53,35,0,60,0,0,0,55,57,44
09-02-15,31,58,48,55,57,61,52,37,0,59,0,0,29,56,57,45
09-02-25,35,57,45,55,56,61,50,38,0,59,0,0,29,55,58,45
09-02-35,34,58,46,55,56,61,50,37,0,59,0,0,29,55,58,46
09-02-45,36,58,48,56,57,60,53,39,0,59,0,0,29,55,58,45
09-02-55,36,58,47,56,57,61,52,38,0,60,0,0,0,55,58,44
09-03-05,36,58,48,55,57,61,51,38,0,59,0,0,29,56,58,46
09-03-15,34,58,48,56,57,60,51,38,0,60,0,0,0,55,57,45
09-03-25,36,58,48,55,57,60,52,38,0,59,0,0,0,55,57,45
09-03-35,36,58,46,56,57,61,51,38,0,60,0,34,29,56,58,44
09-03-45,35,57,47,55,56,61,51,39,0,59,0,43,30,55,57,45
09-03-55,35,58,48,56,57,60,52,38,0,60,0,35,29,56,58,44
09-04-05,35,58,47,55,57,61,51,39,0,59,0,31,29,55,57,46
09-04-15,36,58,49,56,57,61,51,38,0,60,0,31,29,56,58,45
09-04-25,36,58,49,56,57,60,51,38,0,60,0,33,51,56,58,44
09-04-35,35,58,46,56,57,60,53,39,0,59,0,31,29,56,57,44
09-04-45,35,58,48,56,58,61,53,39,0,59,0,45,29,56,58,45
09-04-55,35,58,49,55,57,60,52,39,0,59,0,44,0,55,57,45
09-05-05,35,58,48,54,57,61,50,37,0,60,0,36,0,56,58,44
09-05-15,35,58,49,56,57,60,52,39,0,59,0,37,0,56,57,45
09-05-25,35,58,49,56,57,60,52,39,0,60,0,0,0,56,58,45
09-05-35,35,58,49,55,57,60,53,38,0,59,0,0,0,56,57,45
09-05-45,36,58,50,56,57,60,52,38,0,59,0,0,0,56,57,44
09-05-55,35,57,47,56,57,61,53,38,0,59,0,0,29,55,57,45
09-06-05,35,58,49,55,56,61,52,39,0,60,0,0,0,56,58,44
09-06-15,36,58,48,56,57,61,50,38,0,59,0,0,29,55,57,44
09-06-25,36,58,48,55,56,61,53,38,0,60,0,0,0,55,57,45
09-06-35,35,58,50,56,57,61,53,39,0,59,0,0,29,56,58,44
09-06-45,35,58,48,56,57,61,52,38,0,60,0,32,29,56,58,45
09-06-55,35,58,48,56,57,60,53,38,0,60,0,30,29,55,58,45
09-07-05,34,58,47,56,57,60,51,39,0,59,0,0,0,56,56,45
09-07-15,35,58,48,56,57,60,52,39,0,59,0,0,0,56,57,44
09-07-25,35,58,50,56,57,60,52,39,0,60,0,0,0,56,57,45
09-07-35,35,58,47,56,56,61,52,39,0,59,0,0,0,56,57,44
09-07-45,35,58,50,56,57,61,48,39,0,60,0,0,0,55,58,44
09-07-55,36,57,48,55,57,60,50,38,0,59,0,0,0,55,57,45
09-08-05,36,58,49,56,57,60,53,39,0,60,0,0,0,56,57,45
09-08-15,35,58,49,55,56,60,52,39,0,59,0,0,29,55,57,45
09-08-25,36,58,48,56,57,60,50,39,0,59,0,0,29,55,57,45
09-08-35,36,58,50,55,57,60,53,38,0,59,0,0,0,55,57,44
09-08-45,36,58,45,56,57,61,51,39,0,59,0,0,0,55,58,44
09-08-55,36,58,51,55,57,61,54,39,0,60,0,0,0,55,58,44
09-09-05,36,58,48,56,57,60,53,38,0,58,0,0,0,56,57,44
09-09-15,35,58,50,55,56,60,51,38,0,60,0,0,29,55,57,45
09-09-25,35,58,48,56,57,61,53,38,0,59,0,0,0,55,57,44
09-09-35,35,58,47,56,57,60,53,39,0,60,0,0,29,56,57,45
09-09-45,36,57,50,56,57,60,51,38,0,60,0,0,0,55,57,45
09-09-55,35,57,49,56,57,61,52,39,0,59,0,0,0,56,58,45
09-10-05,35,58,50,56,56,60,52,39,0,59,0,0,0,56,57,45
09-10-15,35,58,48,56,57,61,53,39,0,60,0,0,29,56,58,45
09-10-25,36,58,48,56,56,60,52,39,0,59,0,0,0,55,57,44
09-10-35,35,58,48,56,57,60,51,38,0,59,0,0,0,55,58,45
09-10-45,35,58,46,55,57,61,51,36,0,59,0,0,0,55,58,46
09-10-55,34,58,47,55,56,61,52,38,0,60,0,0,29,55,57,45
09-11-05,35,57,48,56,55,60,52,38,0,59,0,0,0,56,57,45
09-11-15,35,58,48,55,57,61,52,39,0,59,0,0,0,55,57,44
09-11-25,35,58,47,56,57,60,52,38,0,59,0,0,0,56,57,44
09-11-35,35,58,49,56,57,60,52,39,0,59,0,0,0,55,58,44
09-11-45,35,57,50,56,57,60,52,38,0,59,0,0,0,55,57,44
09-11-55,36,58,46,55,56,60,52,38,0,60,0,0,0,55,57,44
09-12-05,35,58,49,56,57,60,52,38,0,59,0,0,29,55,57,44
09-12-15,35,58,49,55,56,60,52,38,0,60,0,0,29,56,58,44
09-12-25,36,58,49,56,57,61,51,39,0,60,0,0,29,55,57,44
09-12-35,35,58,49,55,56,61,51,39,0,60,0,0,29,55,57,44
09-12-45,34,58,49,55,57,60,52,38,0,60,0,0,29,56,57,45
09-12-55,36,57,47,56,57,60,51,39,0,59,0,0,29,55,57,44
09-13-05,36,58,50,55,57,60,52,39,0,60,0,0,29,55,58,44
09-13-15,36,58,47,56,56,60,51,39,0,59,0,0,0,55,57,45
09-13-25,35,58,49,56,57,60,53,38,0,60,0,0,0,56,57,45
09-13-35,35,57,48,56,57,60,52,38,0,59,0,0,0,55,58,45
09-13-45,35,58,48,56,57,61,51,38,0,59,0,0,0,56,58,45
09-13-55,34,57,48,56,57,60,52,39,0,59,0,0,0,56,58,44
09-14-05,36,57,50,55,57,60,50,39,0,59,0,0,0,56,57,45
09-14-15,34,58,47,56,57,61,51,38,0,59,0,0,29,55,57,44
09-14-25,36,57,49,55,58,60,52,38,0,60,0,0,0,56,58,46
09-14-35,35,58,50,55,57,60,52,38,0,59,0,0,0,55,57,45
09-14-45,36,58,47,56,57,61,53,38,0,59,0,0,29,55,57,45
09-14-55,36,58,48,55,57,60,53,39,0,59,0,0,0,55,58,45
09-15-05,35,58,50,56,57,60,52,38,0,60,0,0,29,56,58,45
09-15-15,36,57,45,56,57,60,53,38,0,59,0,0,0,56,58,45
09-15-25,35,58,50,55,57,60,53,39,0,59,0,0,0,56,57,45
09-15-35,36,57,48,55,57,61,52,38,0,59,0,0,0,55,57,44
09-15-45,36,57,49,56,57,61,53,38,0,60,0,0,0,55,57,45
09-15-55,35,58,47,56,57,60,52,39,0,60,0,0,0,56,57,45
09-16-05,36,58,46,55,57,60,53,38,0,59,0,0,0,55,57,44
09-16-15,36,58,48,55,56,60,52,38,0,60,0,0,0,55,58,45
09-16-25,35,58,46,56,57,61,53,39,0,60,0,0,0,55,57,44
09-16-35,34,57,49,56,57,60,52,39,0,60,0,0,0,55,57,45
09-16-45,36,58,48,55,56,61,51,38,0,59,0,0,0,55,57,44
09-16-55,36,58,48,56,56,61,52,38,0,58,0,0,0,55,57,45
09-17-05,35,58,47,56,57,60,51,38,0,59,0,0,0,55,57,45
09-17-15,35,58,49,55,57,60,53,38,0,59,0,0,29,56,58,45
09-17-25,35,58,47,56,56,60,52,39,0,60,0,0,0,56,58,44
09-17-35,36,58,46,55,58,60,52,38,0,59,0,0,0,56,57,44
09-17-45,36,58,48,55,56,61,50,38,0,60,0,0,0,56,57,44
09-17-55,36,58,49,56,57,61,51,39,0,59,0,0,29,55,56,45
09-18-05,35,58,50,56,56,60,52,37,0,59,0,0,29,55,57,45
09-18-15,36,58,49,55,57,60,52,39,0,59,0,0,0,55,57,44
09-18-25,34,58,49,56,57,61,51,39,0,60,0,36,29,56,57,45
09-18-35,33,58,45,55,57,60,51,37,0,59,0,45,0,55,58,45
09-18-45,35,58,50,55,57,60,53,37,0,60,0,57,30,55,58,45
09-18-55,36,58,47,56,58,61,53,38,0,59,0,57,29,55,57,45
09-19-05,36,57,49,55,56,61,52,39,0,58,0,54,30,55,58,44
09-19-15,35,57,48,55,56,61,51,39,0,59,0,40,31,56,58,44
09-19-25,35,58,47,54,56,61,50,39,0,59,0,42,31,55,59,45
09-19-35,35,58,46,55,57,61,52,39,0,59,0,41,32,55,58,45
09-19-45,35,57,49,55,56,61,53,37,0,58,0,30,31,56,56,45
09-19-55,35,57,51,55,57,61,51,39,0,59,0,0,33,56,57,45
09-20-05,35,57,48,55,56,61,50,38,0,59,0,45,32,56,58,44
09-20-15,35,58,48,55,57,60,51,39,0,60,0,39,31,56,57,44
09-20-25,34,57,51,55,55,61,53,0,0,60,0,40,32,54,57,45
09-20-35,31,58,50,55,57,60,51,0,0,60,0,40,30,54,57,45
09-20-45,33,58,50,55,57,60,51,0,0,60,0,39,30,55,59,44
09-20-55,35,57,52,54,57,61,51,0,0,60,0,37,0,56,56,43
09-21-05,35,58,51,55,58,61,51,30,0,59,0,39,0,56,57,43
09-21-15,35,58,52,56,58,61,51,0,0,59,0,38,0,56,56,44
09-21-25,35,58,51,56,57,61,52,0,0,60,0,40,0,55,56,43
09-21-35,34,58,45,56,58,60,50,0,0,59,29,38,29,55,56,44
09-21-45,35,58,47,56,58,60,49,0,0,58,0,35,0,55,56,45
09-21-55,36,58,45,56,59,60,50,0,0,59,0,39,0,55,56,44
09-22-05,35,58,48,55,58,60,51,0,0,59,0,40,29,55,56,44
09-22-15,36,58,48,55,58,60,51,0,0,60,0,35,30,55,56,44
09-22-25,36,58,49,56,58,61,53,0,0,60,0,31,31,56,56,43
09-22-35,35,58,46,56,57,60,50,0,0,59,0,30,30,56,55,45
09-22-45,36,58,44,55,57,61,52,0,0,60,30,29,30,57,55,45
09-22-55,35,57,48,55,56,60,53,0,0,60,30,0,32,56,56,45
09-23-05,35,57,44,54,57,61,50,0,0,60,0,0,31,57,55,45
09-23-15,35,57,42,54,57,61,52,30,0,61,0,0,32,57,55,45
09-23-25,37,57,44,54,58,61,54,0,0,60,0,0,32,57,56,45
09-23-35,35,58,44,55,57,61,51,0,0,60,0,0,33,57,55,44
09-23-45,37,57,46,55,57,60,50,0,0,60,0,0,30,58,54,44
09-23-55,37,57,49,54,58,60,49,0,0,59,0,0,30,58,55,45
09-24-05,36,56,46,54,57,61,51,0,0,60,0,0,31,58,56,44
09-24-15,35,57,46,55,56,61,53,0,0,59,0,0,31,58,56,44
09-24-25,37,56,48,54,57,61,52,0,0,59,0,0,30,58,55,44
09-24-35,37,56,51,54,56,62,51,0,0,59,0,45,29,58,57,43
09-24-45,36,56,49,54,58,61,51,0,0,59,0,45,30,57,55,43
09-24-55,37,56,49,55,57,61,52,0,0,59,0,46,31,58,57,43
09-25-05,36,56,53,55,57,61,56,0,0,56,0,44,30,58,32,44
09-25-15,37,58,51,56,57,61,54,0,0,57,0,42,31,59,29,43
09-25-25,38,56,52,54,57,62,54,0,0,60,0,45,31,59,29,43
09-25-35,35,56,48,56,58,60,56,0,0,60,0,41,30,59,33,45
09-25-45,36,56,51,55,57,61,54,0,0,60,0,46,0,58,30,44
09-25-55,36,56,47,55,56,61,55,0,0,60,0,48,0,59,32,44
09-26-05,35,56,50,55,57,61,56,0,0,59,0,44,0,59,31,45
09-26-15,36,56,51,55,58,61,55,0,0,60,0,38,0,59,0,44
09-26-25,36,56,50,56,57,61,54,0,0,60,0,41,32,58,0,45
09-26-35,35,57,48,55,58,61,54,0,0,59,0,38,36,57,0,45
09-26-45,34,57,50,56,57,61,55,0,0,59,0,46,0,56,0,44
09-26-55,34,57,49,56,57,61,54,0,0,60,0,44,0,57,0,45
09-27-05,34,57,50,56,58,61,43,0,0,59,0,43,0,58,0,45
09-27-15,34,57,49,56,58,61,42,0,0,55,0,47,0,57,0,45
09-27-25,34,57,49,56,58,61,44,0,0,53,0,45,0,57,0,45
09-27-35,34,57,48,56,57,61,50,0,0,55,31,46,0,57,0,45
09-27-45,35,55,55,55,57,59,40,0,0,54,0,47,0,56,0,41
09-27-55,37,47,55,52,51,49,50,0,0,48,0,38,0,47,0,34
09-28-05,0,36,35,31,33,31,52,0,0,36,0,0,30,36,0,0
09-28-15,0,37,32,34,33,32,45,0,0,36,0,0,0,32,0,0
09-28-25,0,37,40,43,39,37,37,0,0,45,0,38,31,39,0,0
09-28-35,0,35,34,32,35,31,42,0,0,37,0,41,0,35,0,0
09-28-45,0,0,0,0,0,0,31,0,0,0,0,0,31,0,33,0
09-28-55,0,0,0,0,0,0,32,0,0,0,0,0,31,0,0,0
09-29-05,0,0,0,0,0,0,34,0,0,0,0,0,33,0,31,0
09-29-15,0,0,0,0,0,0,48,0,0,0,0,0,0,0,0,0
09-29-25,0,0,0,0,0,0,36,0,0,0,0,0,0,0,0,0
09-29-35,0,0,32,0,0,0,30,0,0,31,0,0,0,30,30,0
09-29-45,0,0,0,0,0,0,34,0,0,0,0,0,0,0,31,0
09-29-55,0,32,32,32,0,0,32,34,0,0,0,0,0,31,31,0
09-30-05,0,0,0,0,0,0,37,39,0,0,33,0,0,0,32,0
09-30-15,0,0,0,0,0,0,32,38,0,0,0,0,35,0,0,0
09-30-55,0,0,0,0,0,0,0,0,0,0,0,0,0,30,0,0
09-31-55,0,0,0,0,31,0,36,0,0,0,0,0,0,0,0,0
09-32-05,0,0,33,0,42,0,29,0,0,29,0,0,0,0,31,0
09-32-15,0,29,29,0,0,0,32,0,0,34,0,0,0,29,0,0
09-32-25,0,0,0,0,0,0,32,0,0,0,0,0,0,31,32,0
09-32-35,0,0,0,0,0,0,33,0,0,0,0,31,0,0,0,0
09-32-45,0,0,0,0,0,0,0,0,0,0,0,0,31,0,0,0
09-32-55,0,0,0,0,29,0,30,0,0,0,0,0,0,0,0,0
09-33-05,0,0,0,0,0,0,30,0,0,0,0,35,0,0,0,0
09-33-25,0,0,0,0,0,0,30,0,0,0,0,0,0,0,0,0
09-33-45,0,29,0,0,0,0,0,0,0,30,0,35,0,33,0,0
09-33-55,0,29,0,0,0,0,33,0,0,0,0,31,0,29,0,0
09-34-05,0,0,0,0,0,0,0,0,0,31,0,0,0,29,0,0
09-34-15,0,30,31,29,0,0,0,0,0,32,0,0,0,34,0,0
09-34-25,0,35,33,32,0,33,0,0,0,34,0,32,0,35,0,0
09-34-35,0,37,37,33,0,36,0,0,0,37,0,0,0,36,0,0
09-34-45,0,40,36,40,0,34,0,0,0,37,0,0,0,43,0,0
09-34-55,0,41,42,39,0,44,0,0,0,41,0,0,0,50,0,0
09-35-05,33,42,35,33,0,39,0,0,0,37,0,0,0,42,0,0
09-35-15,34,49,49,45,0,38,0,0,0,45,0,0,0,45,0,31
09-35-25,0,38,46,38,0,35,0,0,0,36,0,0,0,35,0,0
09-35-35,0,35,49,44,0,35,32,0,0,44,0,32,0,37,0,0
09-35-45,0,30,48,0,0,31,34,0,0,36,0,29,0,35,0,0
09-35-55,0,32,41,32,0,37,0,0,0,44,0,41,0,42,0,0
09-36-05,0,32,45,33,0,37,31,0,0,34,0,48,0,35,0,0
09-36-15,0,34,38,0,0,34,40,0,0,37,37,54,0,32,0,0
09-36-25,0,0,0,33,0,0,31,0,0,0,0,0,0,0,0,0
09-36-35,0,0,0,41,0,0,0,0,0,0,0,0,0,0,0,0
09-36-45,0,0,0,32,0,0,0,0,0,0,0,0,0,0,0,0
09-36-55,0,0,0,35,0,0,0,0,0,0,0,0,0,0,0,0
09-37-05,0,0,0,36,0,0,0,0,0,0,0,0,0,0,0,0
09-37-15,0,0,0,32,0,0,0,0,0,0,0,0,0,0,0,0
09-37-25,0,0,0,33,0,0,0,0,0,0,0,0,0,0,0,0
09-37-35,0,0,0,36,0,0,0,0,0,0,0,0,0,0,0,0
09-37-45,0,0,0,30,0,0,0,0,0,0,0,0,0,0,0,0
09-37-55,0,0,0,35,0,0,0,0,0,0,0,0,0,0,0,0
09-38-05,0,0,0,32,0,0,0,0,0,0,0,0,0,0,0,0
09-38-15,0,30,31,35,32,0,32,0,0,0,38,35,32,31,0,0
09-38-25,0,37,40,36,0,31,43,0,0,0,0,35,0,35,0,0
09-38-35,0,33,50,42,0,33,33,0,0,0,0,35,0,39,0,0
09-38-45,0,34,39,36,0,31,37,0,0,0,0,37,0,35,0,0
09-38-55,0,29,31,39,0,31,0,0,0,0,0,0,0,32,38,0
09-39-05,0,0,0,37,0,0,0,39,0,0,0,0,0,0,0,0
09-39-15,0,0,0,45,0,0,0,0,0,0,0,0,0,0,0,0
09-39-25,0,0,0,42,0,0,0,0,0,0,0,0,0,0,0,0
09-39-35,0,29,31,34,0,0,0,0,0,0,0,0,0,34,0,0
09-39-45,0,0,0,32,0,0,0,0,0,0,0,0,0,0,0,0
09-39-55,0,0,33,29,0,0,0,0,0,0,29,0,0,0,0,0
09-40-05,0,0,0,34,0,0,0,0,0,0,0,0,0,0,0,0
09-40-15,0,0,0,33,0,0,0,0,0,0,33,0,0,0,0,0
09-40-25,0,0,0,36,0,0,0,0,0,0,33,0,0,0,0,0
09-40-35,0,0,0,34,0,0,0,0,0,0,33,0,0,0,0,0
09-40-45,0,0,36,32,0,0,0,0,0,0,33,0,0,0,0,0
09-40-55,0,0,34,37,0,0,0,0,0,0,32,0,0,0,0,0
09-41-05,0,0,32,36,0,0,0,0,0,0,32,0,0,0,0,0
09-41-15,0,0,35,32,0,0,0,0,0,0,0,0,0,0,0,0
09-41-25,0,0,29,0,0,0,32,0,0,0,32,0,0,0,0,0
09-41-35,0,33,0,0,0,33,42,0,0,0,0,42,0,33,0,0
09-41-45,0,32,0,0,0,0,31,0,0,0,0,0,0,32,0,0
09-41-55,0,32,32,0,0,33,33,0,0,0,0,31,0,36,34,0
09-42-05,0,0,0,29,0,0,0,0,0,0,0,0,0,0,0,0
09-42-15,0,0,0,33,0,0,0,35,0,0,38,0,0,0,0,0
09-42-25,0,0,0,0,0,0,30,31,0,0,0,0,0,31,0,0
09-42-35,0,0,0,0,0,0,0,35,0,0,0,0,0,0,0,0
09-43-15,0,0,31,0,0,0,0,0,0,0,0,0,0,0,0,0
09-43-35,0,0,30,0,0,0,0,0,0,0,0,0,0,0,0,0
09-43-55,0,0,0,0,0,0,0,33,0,0,0,0,0,0,0,0
09-45-35,0,0,0,0,0,0,0,0,0,0,0,31,0,0,0,0
09-45-45,0,0,0,0,0,0,0,0,0,0,0,34,0,0,0,0
09-45-55,0,32,0,0,0,0,0,0,0,0,0,34,0,0,0,0
09-46-05,0,34,0,0,0,0,0,34,0,0,0,0,0,0,0,0
09-46-35,0,0,0,0,32,0,0,0,0,0,0,0,0,0,0,0
09-46-45,0,0,0,0,29,0,0,0,0,0,0,0,0,0,0,0
09-46-55,0,0,0,0,0,0,0,0,0,0,0,0,0,0,0,34
09-47-05,0,0,0,0,0,0,0,0,0,0,0,0,0,0,0,37
09-47-45,0,0,0,0,30,0,0,0,0,0,0,0,0,0,0,33
09-47-55,0,0,0,0,34,0,0,0,0,0,0,0,0,0,0,32
09-48-05,0,0,0,0,31,0,0,0,0,0,0,0,0,0,0,30
09-48-15,0,0,0,0,37,0,0,0,0,0,0,0,0,0,0,0
09-48-35,0,0,0,0,0,0,0,0,0,0,0,0,0,0,0,32
09-49-25,0,0,0,0,30,0,0,0,0,0,0,0,0,0,0,0
09-49-45,0,0,0,0,30,0,0,0,0,0,0,0,0,0,0,0
09-49-55,0,0,0,0,31,0,0,0,0,0,0,0,0,30,0,31
09-50-05,0,0,41,0,34,0,31,0,0,0,0,0,0,33,31,0
09-50-15,0,0,31,0,32,32,35,0,0,0,0,0,0,36,0,0
09-50-25,0,30,31,0,36,35,34,0,0,0,0,0,0,36,0,0
09-50-35,0,0,33,29,33,33,37,0,0,0,0,0,0,33,0,0
09-50-45,0,33,46,35,32,29,33,0,0,0,0,31,0,31,31,0
09-50-55,0,33,0,0,35,0,0,0,0,0,0,31,0,0,33,0
09-51-05,0,0,32,0,31,0,31,0,0,0,0,31,0,0,42,29
09-51-15,0,31,31,0,32,0,37,0,0,0,33,32,0,0,0,0
09-51-25,0,31,29,0,0,0,32,0,0,0,35,32,0,0,0,0
09-51-35,0,31,35,0,0,0,0,0,0,0,32,30,0,0,0,0
09-51-45,0,31,34,33,0,0,0,0,0,0,0,33,0,0,0,0
09-51-55,0,29,47,38,0,0,32,0,0,0,0,30,0,0,0,0
09-52-05,0,34,0,0,0,0,30,0,0,0,0,0,0,0,35,0
09-52-15,0,30,33,32,0,0,0,0,0,0,0,0,0,0,0,0
09-52-25,0,0,0,0,0,0,0,0,0,0,0,0,0,0,42,0
09-52-35,0,0,0,0,0,0,0,0,0,0,33,0,0,0,0,0
09-53-05,0,0,0,37,0,0,0,0,0,0,0,0,0,0,0,0
09-53-15,0,0,0,35,0,0,0,0,0,0,0,0,0,0,29,0
09-53-25,0,0,35,35,29,0,0,0,0,0,35,0,0,0,0,0
09-53-35,0,0,0,32,0,0,0,37,0,0,0,0,0,0,0,0
09-53-45,0,0,0,0,0,0,30,0,0,0,0,0,0,0,0,0
09-54-05,0,0,0,0,0,0,32,0,0,0,0,0,0,0,0,0
09-54-15,0,0,31,0,0,0,29,0,0,0,0,0,0,0,0,0
09-54-25,0,0,45,0,0,0,30,0,0,0,0,0,33,0,0,0
09-54-35,0,0,0,0,0,0,30,0,0,0,0,32,0,0,0,0
09-54-45,0,30,0,33,0,0,31,0,0,0,0,0,0,0,0,0
09-54-55,0,0,0,0,0,0,35,0,0,0,0,0,0,0,0,0
09-55-05,0,37,0,0,0,0,29,0,0,0,0,37,0,30,0,0
09-55-15,0,0,0,0,0,0,34,0,0,0,0,0,0,0,0,0
09-55-25,0,0,0,0,0,0,35,0,0,0,0,0,0,29,0,0
09-55-35,0,37,0,0,0,0,33,0,0,0,0,0,0,30,0,0
09-55-45,0,29,0,0,0,0,32,0,0,0,0,33,0,0,0,0
09-55-55,0,0,0,0,0,0,32,0,0,0,0,32,0,0,0,0
09-56-05,0,0,0,0,0,0,29,0,0,0,0,0,0,0,0,0
09-56-15,0,0,0,0,0,0,31,0,0,0,0,0,0,0,0,0
09-56-25,0,0,0,0,0,0,31,34,0,0,0,31,0,0,0,0
09-56-35,0,0,0,0,36,0,32,32,0,0,0,29,0,0,0,0
09-56-45,0,0,0,31,0,0,31,0,0,0,0,0,0,31,0,0
09-56-55,0,0,0,0,0,0,0,0,0,0,0,0,0,30,0,0
09-57-05,0,0,0,0,0,0,30,0,0,0,0,0,0,0,0,0
09-57-15,0,0,0,0,0,0,0,0,0,0,35,30,0,0,31,0
09-57-25,0,0,0,0,0,0,0,31,0,0,0,29,0,0,0,0
09-57-35,0,0,0,0,35,0,0,32,0,0,0,30,0,0,0,0
09-57-45,0,0,0,0,0,0,34,0,0,0,0,29,0,30,0,0
09-58-05,0,0,0,0,0,0,32,0,0,0,0,0,0,31,0,0
09-58-15,0,0,0,0,36,0,31,0,0,0,0,0,0,31,0,0
09-58-25,0,0,0,0,0,0,30,0,0,0,0,0,0,31,0,0
09-58-35,0,0,0,0,0,0,31,35,0,0,0,0,0,30,0,0
09-58-45,0,0,0,0,0,0,31,34,0,0,0,0,0,31,0,0
09-58-55,0,0,0,0,36,0,31,0,0,0,0,0,0,30,0,0
09-59-05,0,0,0,0,0,0,0,0,0,0,0,0,0,29,0,0
10-00-05,0,0,0,0,0,0,0,0,0,0,0,30,0,30,0,0
10-00-15,0,0,33,0,36,0,0,0,0,0,0,0,0,32,0,0
10-00-35,0,0,31,0,40,0,0,33,0,0,0,0,29,0,0,0
10-00-45,0,0,0,0,0,0,33,0,0,0,0,33,0,30,0,0
10-00-55,0,0,0,0,0,0,0,0,0,0,0,33,0,30,0,0
10-01-05,0,0,0,0,0,0,35,34,0,0,0,30,0,33,0,0
10-01-15,0,0,0,0,0,0,39,0,0,0,0,29,0,29,0,0
10-01-25,0,0,0,0,0,0,39,33,0,0,0,0,0,0,0,0
10-01-45,0,0,0,0,0,0,29,0,0,0,0,0,0,0,0,0
10-02-15,0,0,35,0,0,0,0,0,0,0,0,0,31,0,0,0
10-02-25,0,0,33,0,43,0,0,0,0,0,0,0,0,0,0,0
10-02-35,0,0,32,0,0,0,0,0,0,0,0,0,0,0,0,0
10-02-45,0,0,35,0,40,0,0,0,0,0,0,0,33,0,0,0
10-02-55,0,0,0,0,0,0,31,0,0,0,33,0,0,32,32,0
10-03-05,0,0,0,0,0,0,35,0,0,0,31,0,0,29,32,0
10-03-15,0,0,0,30,0,0,33,0,0,0,0,0,0,35,36,0
10-03-25,0,0,0,31,0,0,32,0,0,0,0,31,0,36,32,0
10-03-35,0,0,0,32,0,0,32,0,0,0,37,29,0,36,32,0
10-03-45,0,0,0,29,0,0,33,0,0,0,40,31,0,31,0,0
10-03-55,0,0,0,31,0,0,33,0,0,0,0,30,0,34,34,0
10-04-05,0,0,0,0,0,30,32,0,0,0,35,0,0,33,43,0
10-04-15,0,0,0,30,0,0,33,0,0,0,39,32,0,0,32,29
10-04-25,0,0,0,30,0,30,33,0,0,0,31,36,0,34,38,0
10-04-35,0,0,0,30,0,31,30,36,0,0,30,38,0,32,41,0
10-04-45,0,0,0,0,0,0,32,0,0,0,0,30,0,0,37,0
10-04-55,0,0,0,0,0,0,32,0,0,0,0,31,0,0,38,0
10-05-05,0,0,0,0,0,0,34,0,0,0,30,34,0,0,35,0
10-05-15,0,0,0,0,0,0,32,0,0,0,31,0,0,0,38,0
10-05-25,0,0,0,0,0,0,29,0,0,0,0,34,0,0,35,0
10-05-35,0,0,0,33,0,32,33,0,0,0,34,0,0,32,40,0
10-05-45,0,0,0,32,0,0,36,0,0,0,0,0,0,31,31,0
10-05-55,0,0,0,29,0,0,31,0,0,0,38,30,0,0,38,0
10-06-05,0,0,0,37,0,0,32,0,0,0,53,0,0,0,0,0
10-06-15,0,0,0,0,0,0,29,0,0,0,54,0,0,0,0,0
10-06-25,0,0,0,0,0,0,31,0,0,0,53,0,0,0,0,0
10-06-35,0,0,0,0,0,0,0,0,0,0,54,0,0,0,0,0
10-06-45,0,0,0,0,0,0,0,0,0,0,53,0,0,0,0,0
10-06-55,0,0,0,0,0,0,0,0,0,0,40,0,0,0,0,0
10-07-05,0,0,0,0,0,0,0,0,0,0,44,0,0,0,0,0
10-07-15,0,0,0,0,0,0,33,0,0,0,48,0,0,0,0,0
10-07-25,0,0,0,0,0,0,35,0,0,0,47,0,0,0,0,0
10-07-35,0,0,0,0,31,0,0,0,0,0,50,0,0,0,0,0
10-07-45,0,0,0,0,0,0,32,0,0,0,50,0,0,0,0,0
10-07-55,0,0,0,0,0,0,0,0,0,0,50,29,0,0,0,0
10-08-05,0,0,0,0,0,0,34,0,0,0,51,30,0,0,0,0
10-08-15,0,0,0,0,0,0,0,0,0,0,51,33,0,0,0,0
10-08-25,0,0,0,0,0,0,0,0,0,0,51,0,0,0,0,0
10-08-35,0,0,0,0,0,0,0,0,0,0,52,33,0,0,0,0
10-08-45,0,0,0,0,0,0,0,0,0,0,52,0,0,0,0,0
10-08-55,0,0,0,0,0,0,0,0,0,0,50,0,0,0,0,0
10-09-05,0,0,0,0,0,0,0,0,0,0,54,30,0,0,0,0
10-09-15,0,0,0,0,0,0,0,0,0,0,56,34,0,0,0,0
10-09-25,0,0,0,0,0,0,0,0,0,0,53,0,0,0,0,0
10-09-35,0,0,0,0,0,0,0,0,0,0,54,30,0,0,0,0
10-09-45,0,0,0,0,0,0,0,0,0,0,37,31,0,0,0,0
10-09-55,0,0,0,0,0,0,0,0,0,0,36,39,0,0,0,0
10-10-05,0,0,35,0,0,0,0,0,0,0,53,32,0,0,0,0
10-10-15,0,0,34,0,0,0,0,32,0,0,44,31,0,0,0,0
10-10-25,0,0,0,0,0,0,35,0,0,0,31,0,0,0,30,0
10-10-35,0,31,32,0,0,0,35,0,0,0,32,32,0,0,0,0
10-10-45,0,29,0,0,0,0,39,0,0,0,37,0,0,0,0,0
10-10-55,0,30,0,0,0,0,0,0,0,0,38,0,0,0,0,0
10-11-05,0,0,0,0,0,0,0,0,0,0,37,0,0,0,0,0
10-11-15,0,29,32,33,0,0,35,0,0,0,0,0,0,0,0,0
10-11-25,0,30,0,30,0,0,0,0,0,0,31,0,0,0,0,0
10-11-35,0,0,0,31,0,0,34,0,0,0,32,0,0,0,0,0
10-11-45,0,0,0,0,0,0,31,0,0,0,0,0,0,0,0,0
10-11-55,0,0,0,0,0,0,29,0,0,0,0,0,0,0,0,0
10-12-05,0,0,0,0,0,0,31,0,0,0,0,0,0,0,0,0
10-12-25,0,0,0,0,30,0,29,0,0,0,0,0,0,0,0,0
10-12-35,0,0,0,0,31,0,0,0,0,0,0,0,0,0,0,0
10-12-45,0,0,0,0,0,0,30,0,0,0,0,0,0,0,0,0
10-13-45,0,35,0,0,0,0,0,0,0,0,0,0,0,0,0,0
10-13-55,0,0,0,0,0,0,30,0,0,0,29,0,0,0,0,0
10-14-05,0,0,0,0,0,0,0,0,0,0,0,0,0,0,30,0
10-14-15,0,29,0,0,0,0,0,0,0,0,0,0,0,0,0,0
10-14-25,0,0,0,0,0,0,30,0,0,0,33,39,0,0,0,0
10-14-35,0,33,30,0,0,0,34,0,0,0,0,31,0,32,0,0
10-14-45,0,0,33,0,0,0,0,29,0,0,0,34,0,30,0,0
10-14-55,0,29,30,0,36,0,29,0,0,0,0,38,32,0,35,0
10-15-05,0,0,0,0,0,0,0,0,0,0,0,0,0,0,31,0
10-15-15,0,0,30,0,0,0,0,0,0,0,0,0,31,0,0,0
10-15-25,0,0,38,0,0,0,29,0,0,0,0,0,30,0,0,0
10-15-35,0,0,38,0,0,0,0,0,0,0,0,0,0,0,0,0
10-15-45,0,0,36,0,0,0,31,0,0,0,0,0,0,0,0,0
10-15-55,0,0,36,0,0,0,0,0,0,0,0,0,31,0,0,0
10-16-05,0,0,37,0,0,0,0,0,0,0,0,0,0,0,0,0
10-16-15,0,0,36,0,0,0,0,0,0,0,0,0,29,0,0,0
10-16-25,0,0,32,0,0,0,0,0,0,0,0,0,31,0,0,0
10-16-35,0,0,29,0,0,0,30,0,0,0,0,0,30,0,0,0
10-16-45,0,0,31,0,0,0,0,0,0,0,0,0,29,0,0,0
10-16-55,0,0,0,0,0,0,31,0,0,0,0,0,0,0,0,0
10-17-15,0,0,0,0,0,0,29,0,0,0,0,0,30,0,0,0
10-17-25,0,0,30,0,0,0,0,0,0,0,0,0,29,0,0,0
10-17-35,0,0,0,0,0,0,32,0,0,0,0,0,0,0,0,0
10-17-55,0,0,30,0,0,0,0,0,0,0,0,0,0,0,0,0
10-18-05,0,0,30,0,0,0,30,0,0,0,0,0,0,0,0,0
10-18-15,0,0,31,0,0,0,0,0,0,0,0,0,0,0,0,0
10-18-25,0,0,33,0,0,0,0,0,0,0,0,0,0,0,0,0
10-18-35,0,0,33,0,0,0,29,0,0,0,0,0,34,0,0,0
10-18-45,0,0,35,0,0,0,30,0,0,0,0,29,0,0,0,0
10-18-55,0,0,35,0,0,0,31,0,0,0,0,30,0,0,0,0
10-19-05,0,0,35,0,0,0,32,0,0,0,0,34,0,31,0,0
10-19-15,0,0,36,0,0,0,33,0,0,0,0,33,0,32,0,0
10-19-25,0,0,35,0,0,0,32,0,0,0,0,34,0,31,0,0
10-19-35,0,0,37,0,0,0,34,0,0,0,0,0,0,31,0,0
10-19-45,0,0,30,0,0,0,34,0,0,0,0,0,33,29,0,0
10-19-55,0,0,29,0,0,29,34,0,0,0,30,0,32,30,0,0
10-20-05,0,31,35,0,30,0,33,0,0,0,32,0,31,0,30,0
10-20-15,0,0,33,0,0,0,31,33,0,0,30,0,33,0,30,0
10-20-25,0,34,0,0,0,0,31,0,0,0,33,32,0,0,0,0
10-20-35,0,0,33,0,0,0,34,0,0,0,31,0,0,0,0,0
10-20-45,0,0,30,0,0,0,31,0,0,0,32,29,0,0,31,0
10-20-55,0,0,30,0,0,0,29,0,0,0,32,0,0,0,30,0
10-21-05,0,0,29,0,0,0,0,0,0,0,32,0,0,0,0,0
10-21-15,0,0,31,0,32,0,37,0,0,0,0,30,0,0,0,0
10-21-25,0,0,32,0,0,0,32,0,0,0,34,31,0,29,0,0
10-21-35,0,0,31,0,0,0,0,0,0,0,0,31,0,0,0,0
10-21-45,0,0,32,0,29,0,31,0,0,0,31,32,0,0,0,0
10-21-55,0,0,30,0,0,0,0,0,0,0,31,0,0,0,0,0
10-22-05,0,0,31,0,0,0,29,0,0,0,31,0,0,0,0,0
10-22-15,0,0,0,0,0,0,30,0,0,0,31,0,0,0,0,0
10-22-25,0,0,31,0,0,0,29,0,0,0,30,0,0,0,0,0
10-22-35,0,0,31,0,30,0,0,0,0,0,0,0,0,0,0,0
10-22-45,0,0,0,0,32,0,29,0,0,0,0,0,0,0,0,0
10-22-55,0,0,0,0,29,0,30,0,0,0,29,0,0,0,0,0
10-23-05,0,32,0,0,30,0,30,0,0,0,0,0,0,0,0,0
10-23-15,0,33,0,0,30,0,30,0,0,0,0,0,0,0,0,0
10-23-25,0,0,0,0,30,0,31,0,0,0,0,0,30,0,0,0
10-23-35,0,0,29,0,30,0,0,0,0,0,0,0,30,0,0,0
10-23-45,0,0,0,0,32,0,31,0,0,0,0,0,0,0,0,0
10-23-55,0,0,0,0,0,0,31,0,0,0,0,0,0,0,0,0
10-24-05,0,0,0,0,31,0,30,0,0,0,0,0,0,0,0,0
10-24-15,0,0,0,0,34,0,0,0,0,0,0,0,0,0,0,0
10-24-25,0,0,0,0,33,0,0,0,0,0,0,0,0,0,0,0
10-24-35,0,0,0,0,33,0,33,0,0,0,0,0,0,0,30,0
10-24-45,0,0,0,0,0,0,0,0,0,0,0,0,0,0,30,0
10-24-55,0,0,35,0,0,0,0,0,0,0,0,0,0,0,29,0
10-25-05,0,0,33,0,0,0,0,0,0,0,0,0,0,0,30,0
10-25-15,0,0,36,0,0,0,0,0,0,0,0,0,0,0,30,0
10-25-35,0,0,37,0,0,0,0,0,0,0,0,0,30,0,30,0
10-25-45,0,0,0,0,0,0,0,0,0,0,0,0,0,30,0,0
10-25-55,0,32,31,0,0,0,33,31,0,0,0,0,0,30,35,0
10-26-05,0,0,0,0,0,0,32,0,0,0,0,0,29,0,0,0
10-26-15,0,0,44,31,0,0,0,0,0,0,0,0,33,0,31,0
10-26-25,0,0,40,0,0,0,0,0,0,0,0,0,0,0,32,0
10-26-35,0,0,36,0,0,0,29,0,0,0,0,0,0,0,0,0
10-26-45,0,0,34,0,0,0,0,0,0,0,0,31,0,0,0,0
10-26-55,0,0,29,0,0,0,0,0,0,0,0,31,0,0,0,0
10-27-05,0,0,31,0,0,0,33,30,0,0,0,34,0,29,36,0
10-27-15,0,0,0,0,0,0,0,0,0,0,0,31,0,0,0,0
10-27-25,0,0,0,38,0,0,0,0,0,0,0,33,0,0,0,0
10-28-05,0,0,0,0,31,0,0,0,0,0,34,0,0,0,29,0
10-29-05,0,0,0,0,0,0,0,32,0,0,0,0,0,0,0,0
10-29-25,0,0,0,0,0,0,0,32,0,0,35,0,0,0,0,0
10-29-35,0,0,0,0,0,0,0,38,0,0,0,0,0,0,0,0
10-29-55,0,0,0,0,0,0,0,0,0,0,31,0,0,0,0,0
10-30-05,0,0,0,0,0,0,0,34,0,0,0,0,0,0,30,0
10-30-15,0,0,0,0,0,0,0,32,0,0,0,0,0,0,0,0
10-30-25,0,0,0,0,0,0,0,30,0,0,0,0,0,0,0,0
10-30-35,0,0,0,0,0,0,0,32,0,0,0,0,0,0,0,0
10-30-45,0,0,0,0,0,0,0,31,0,0,0,0,0,0,0,0
10-30-55,0,0,0,0,0,0,0,31,0,0,0,0,0,0,0,0
10-31-05,0,0,0,0,0,0,0,31,0,0,0,0,0,0,0,0
10-31-15,0,0,0,0,0,0,0,31,0,0,0,0,0,0,0,0
10-31-25,0,0,0,0,0,0,0,31,0,0,0,0,0,0,0,0
10-31-35,0,0,0,0,0,0,0,32,0,0,0,0,0,0,0,0
10-31-45,0,0,0,0,0,0,0,35,0,0,0,0,0,0,0,0
10-31-55,0,0,0,0,0,0,0,30,0,0,0,0,0,0,0,0
10-32-05,0,0,0,0,0,0,0,32,0,0,0,0,0,0,0,0
10-32-15,0,0,0,0,0,0,0,33,0,0,0,0,0,0,0,0
10-32-35,0,0,0,0,0,0,0,34,0,0,0,0,0,0,0,0
10-32-45,0,0,0,0,0,0,0,32,0,0,0,0,0,0,0,0
10-32-55,0,0,0,0,0,0,0,32,0,0,0,35,0,0,33,0
10-33-05,0,34,29,0,34,0,0,32,0,0,0,0,0,0,0,0
10-33-15,0,31,0,0,0,0,0,0,0,0,36,36,0,31,31,0
10-33-25,0,35,33,0,0,0,0,0,0,0,0,39,0,0,0,0
10-33-35,0,0,0,0,0,0,0,0,0,0,0,35,0,0,0,0
10-33-45,0,31,39,0,0,0,0,31,0,0,0,31,0,0,0,0
10-33-55,0,33,32,37,0,31,0,35,0,0,0,35,0,0,0,0
10-34-05,0,30,32,0,0,0,0,31,0,0,35,0,30,0,0,0
10-34-15,0,32,33,0,0,31,0,30,0,0,31,36,0,0,0,0
10-34-25,0,31,33,0,0,31,0,36,0,0,32,32,0,0,0,0
10-34-35,0,0,31,0,0,0,0,35,0,0,0,31,0,0,0,0
10-34-45,0,32,30,29,0,32,0,0,0,0,33,36,0,0,0,0
10-34-55,0,38,0,31,0,35,0,0,0,0,38,32,0,0,31,0
10-35-05,0,32,33,0,0,37,0,0,0,0,32,0,0,0,0,0
10-35-15,0,0,31,0,0,0,0,0,0,0,0,34,0,0,0,0
10-35-25,0,0,29,0,0,0,32,36,0,0,0,30,0,0,0,0
10-35-35,0,31,32,30,0,30,0,35,0,0,30,0,0,0,45,0
10-35-45,0,0,37,0,0,31,0,0,0,0,34,0,0,0,0,0
10-35-55,0,30,30,0,0,0,0,0,0,0,0,0,0,0,0,0
10-36-05,0,0,34,0,0,0,0,0,0,0,0,0,0,0,0,0
10-36-15,0,29,0,0,0,0,0,0,0,0,0,0,0,31,0,0
10-36-25,0,29,34,0,0,31,0,0,0,0,0,0,0,32,0,0
10-36-35,0,30,30,0,0,30,0,34,0,0,0,0,0,33,0,0
10-36-45,0,36,32,0,0,32,0,41,0,0,0,0,0,40,0,0
10-36-55,0,0,0,0,0,30,0,0,0,0,35,0,0,31,0,0
10-37-05,0,0,0,0,0,30,0,0,0,0,34,0,0,0,0,0
10-37-15,0,32,31,0,0,32,0,0,0,0,0,0,0,0,0,0
10-37-35,0,0,31,31,0,0,0,0,0,0,0,0,0,0,0,0
10-37-45,0,0,33,0,0,0,0,0,0,0,0,0,0,0,0,0
10-37-55,0,0,33,32,0,31,0,0,0,0,0,0,0,0,0,0
10-38-05,0,0,34,0,0,29,0,0,0,0,0,0,0,0,0,0
10-38-15,0,0,31,0,0,0,0,0,0,0,0,0,0,0,0,0
10-38-25,0,0,0,31,0,0,0,0,0,0,0,0,0,0,0,0
10-38-35,0,0,0,32,0,0,0,0,0,0,0,0,0,0,0,0
10-38-45,0,30,36,34,0,0,0,0,0,0,0,0,0,0,0,0
10-38-55,0,0,34,33,0,29,0,30,0,0,0,0,0,38,0,0
10-39-05,0,0,34,30,0,0,0,0,0,0,0,0,0,32,0,0
10-39-15,0,0,0,32,0,0,0,30,0,0,0,0,0,0,0,0
10-39-25,0,0,0,32,0,30,0,30,0,0,0,0,0,33,0,0
10-39-35,0,35,32,30,0,31,0,34,0,0,36,0,0,0,0,0
10-39-45,0,0,29,29,0,0,0,0,0,0,0,0,0,33,0,0
10-39-55,0,0,31,0,0,0,0,0,0,0,30,0,0,32,0,0
10-40-05,0,0,31,36,0,0,0,0,0,0,30,0,0,30,0,0
10-40-15,0,0,30,29,0,30,0,0,0,0,31,0,0,32,0,0
10-40-25,0,0,30,0,0,0,0,0,0,0,32,0,0,34,0,0
10-40-35,0,0,35,0,0,30,0,31,0,0,0,0,0,32,0,0
10-40-45,0,0,0,0,0,0,0,0,0,0,0,0,0,37,0,0
10-41-05,0,0,0,0,0,0,0,0,0,0,35,0,0,0,0,0
10-41-25,0,30,0,0,0,0,0,0,0,0,0,0,0,0,0,0
10-41-35,0,29,0,0,0,0,0,0,0,0,0,0,0,0,0,0
10-41-45,0,32,0,0,0,0,0,46,0,0,0,0,0,0,0,0
10-41-55,0,31,0,0,0,30,0,40,0,0,0,0,0,0,0,0
10-42-05,0,0,0,0,0,30,0,0,0,0,0,0,0,0,0,0
10-42-25,0,0,32,0,0,30,0,0,0,0,0,0,0,0,0,0
10-42-35,0,0,32,0,0,0,0,0,0,0,0,0,0,0,0,0
10-42-45,0,0,33,0,0,32,0,0,0,0,0,0,0,0,0,0
10-44-25,0,31,0,0,0,0,0,0,0,0,0,0,0,0,0,0
10-44-35,0,31,0,0,0,0,0,29,0,0,0,0,0,0,0,0
10-44-45,0,0,0,0,0,0,0,30,0,0,0,0,0,0,0,0
10-45-15,0,0,33,0,0,0,0,0,0,0,0,0,0,0,0,0
10-45-45,0,0,0,0,0,0,0,0,0,0,31,0,0,0,0,0
10-46-05,0,0,35,0,0,0,0,0,0,0,0,0,0,0,0,0
10-46-15,0,0,0,0,0,0,0,32,0,0,36,0,0,0,0,0
10-47-05,0,0,0,31,0,0,0,29,0,0,0,0,0,0,0,0
10-47-15,0,0,0,0,0,31,0,0,0,0,0,0,0,0,0,0
10-47-25,0,34,0,0,0,31,0,0,0,0,0,0,0,0,0,0
10-47-35,0,37,0,0,0,30,0,0,0,0,35,0,0,0,0,0
10-47-45,0,0,0,0,0,31,0,0,0,0,0,0,0,32,0,0
10-47-55,0,0,0,0,0,31,0,0,0,0,0,0,0,29,0,0
10-48-05,0,0,0,0,0,30,0,0,0,0,0,0,0,0,0,0
10-48-15,0,0,0,0,0,31,0,0,0,0,0,0,0,0,0,0
10-48-25,0,0,0,0,0,31,0,0,0,0,0,0,0,0,0,0
10-48-35,0,0,0,0,0,31,0,0,0,0,0,0,0,0,0,0
10-49-55,0,0,0,0,0,0,0,30,0,0,0,0,0,0,0,0
10-50-05,0,0,0,0,0,0,0,29,0,0,0,0,0,0,0,0
10-50-25,0,0,0,0,0,31,0,34,0,0,0,0,0,0,0,0
10-50-35,0,0,0,0,0,31,0,0,0,0,0,0,0,0,0,0
10-50-45,0,33,0,0,0,30,0,0,0,0,0,0,0,0,0,0
10-50-55,0,29,33,31,0,32,0,0,0,0,0,0,0,0,0,0
10-51-05,0,0,29,31,0,30,0,0,0,0,0,0,0,0,0,0
10-51-15,0,0,32,31,0,32,0,39,0,0,0,0,0,0,0,0
10-51-25,0,0,30,0,0,0,0,0,0,0,31,0,0,33,0,0
10-51-35,0,34,0,30,0,30,0,31,0,0,0,0,0,0,0,0
10-51-45,0,36,34,0,0,31,0,0,0,0,0,0,0,0,0,0
10-51-55,0,35,32,0,0,34,0,0,0,0,0,0,0,0,0,0
10-52-05,0,38,34,0,0,34,0,0,0,0,0,0,0,0,0,0
10-52-15,0,38,0,0,0,31,0,0,0,0,0,0,0,0,0,0
10-52-25,0,39,30,0,0,0,0,0,0,0,0,0,0,0,0,0
10-52-35,0,33,30,0,0,34,0,0,0,0,0,0,0,0,0,0
10-52-45,0,32,34,0,0,32,0,0,0,0,0,0,0,0,0,0
10-52-55,0,33,0,0,0,31,0,38,0,0,0,0,31,0,32,0
10-53-05,0,32,36,0,0,30,0,0,0,0,0,0,0,0,0,0
10-53-15,0,31,0,36,35,0,0,0,0,0,35,0,0,34,0,0
10-53-25,0,37,30,0,0,35,0,0,0,0,0,0,0,0,37,0
10-53-35,0,41,30,0,0,35,0,0,0,0,0,0,0,0,0,0
10-53-45,0,38,0,0,0,32,0,0,0,0,0,0,0,0,38,0
10-53-55,0,39,0,0,0,33,0,0,0,0,0,0,0,0,29,0
10-54-05,0,41,0,29,0,33,0,0,0,0,0,0,0,29,0,0
10-54-15,0,38,0,0,36,33,0,0,0,0,0,0,0,0,0,0
10-54-25,0,40,0,0,0,33,0,0,0,0,0,0,0,0,0,0
10-54-35,0,35,0,0,31,31,0,0,0,0,0,0,0,0,0,0
10-54-45,0,33,0,0,0,30,0,0,0,0,0,0,0,0,0,0
10-54-55,0,30,0,29,0,30,0,0,0,0,0,0,0,0,0,0
10-55-05,0,35,0,30,0,0,0,0,0,0,0,0,0,0,0,0
10-55-15,0,35,0,0,0,31,0,0,0,0,0,0,0,0,0,0
10-55-25,0,35,0,0,0,31,0,0,0,0,0,0,0,0,30,0
10-55-35,0,37,0,0,0,32,30,0,0,0,0,0,0,0,0,0
10-55-45,0,45,0,0,0,33,29,0,0,0,0,0,0,0,0,0
10-55-55,0,45,0,0,0,32,0,0,0,0,0,0,0,0,0,0
10-56-05,0,39,0,0,0,31,0,0,0,0,0,0,0,0,0,0
10-56-15,0,41,0,0,0,31,0,0,0,0,0,0,0,0,0,0
10-56-25,0,44,0,30,0,32,0,0,0,0,0,0,0,0,0,0
10-56-35,0,42,0,0,0,30,31,0,0,0,0,0,0,0,0,0
10-56-45,0,45,30,30,0,33,0,0,0,0,0,0,0,0,0,0
10-56-55,0,44,0,0,0,32,31,0,0,0,0,0,0,0,0,0
10-57-05,0,46,0,34,0,32,34,0,0,0,0,0,0,0,0,0
10-57-15,0,44,0,0,0,30,33,0,0,0,0,0,0,0,0,0
10-57-25,0,44,0,29,37,31,33,0,0,0,0,0,0,0,0,0
10-57-35,0,43,0,0,38,32,31,0,0,0,0,0,0,0,0,0
10-57-45,0,39,30,0,0,34,33,0,0,0,0,0,0,31,0,0
10-57-55,0,38,32,31,0,32,30,0,0,0,0,0,0,0,0,0
10-58-05,0,34,0,0,0,30,31,0,0,0,0,0,0,0,0,0
10-58-15,0,40,0,0,0,30,0,0,0,0,0,0,0,0,0,0
10-58-25,0,34,0,0,0,34,30,0,0,0,0,0,0,0,0,0
10-58-35,0,42,0,0,0,35,32,0,0,0,0,0,0,0,0,0
10-58-45,0,42,0,0,0,31,29,0,0,0,0,0,0,31,0,0
10-58-55,0,39,0,30,0,33,32,0,0,0,0,0,0,0,0,0
10-59-05,0,39,0,30,0,35,42,0,0,0,0,0,0,31,0,0
10-59-15,0,46,0,32,0,34,34,0,0,0,0,0,0,34,0,0
10-59-25,0,37,0,0,0,33,34,0,0,0,0,0,0,33,0,0
10-59-35,0,36,0,0,0,31,45,0,0,0,0,0,0,32,0,0
10-59-45,0,31,0,0,0,31,38,0,0,0,0,0,0,33,0,0
10-59-55,0,37,0,30,0,32,31,0,0,0,0,0,0,32,0,0
11-00-05,0,34,0,0,0,32,34,0,0,0,0,0,0,34,0,0
11-00-15,0,36,0,0,0,31,31,0,0,0,0,0,0,34,0,0
11-00-25,0,34,0,0,0,30,0,0,0,0,0,0,0,32,0,0
11-00-35,0,42,0,0,0,33,32,0,0,0,0,0,0,0,0,0
11-00-45,0,44,0,0,0,32,34,0,0,0,0,0,0,30,0,0
11-00-55,0,41,0,0,0,31,31,0,0,0,0,0,0,34,0,0
11-01-05,0,31,0,0,0,0,0,0,0,0,0,0,0,0,0,0
11-01-15,0,35,29,0,0,34,0,0,0,0,0,0,0,30,0,0
11-01-25,0,36,0,0,0,32,29,0,0,0,0,0,0,30,34,0
11-01-35,0,45,0,0,0,30,37,0,0,0,0,0,0,35,30,0
11-01-45,0,36,34,0,0,33,31,0,0,0,0,0,0,32,0,0
11-01-55,0,0,0,0,0,32,42,0,0,0,40,0,0,34,0,0
11-02-05,0,0,0,0,0,0,0,0,0,0,34,0,0,0,0,0
11-02-15,0,0,31,0,0,0,0,0,0,0,34,0,0,0,0,0
11-02-25,0,33,0,0,0,34,0,0,0,0,0,0,0,0,0,0
11-02-35,0,0,36,0,0,29,0,35,0,0,0,0,0,0,0,0
11-02-45,0,0,32,0,0,0,0,0,0,0,0,0,0,0,0,0
11-02-55,0,0,32,0,0,0,0,0,0,0,0,0,0,33,0,0
11-03-05,0,0,32,0,42,0,0,0,0,0,0,0,0,34,0,0
11-03-15,0,33,36,0,31,32,0,0,0,0,0,0,31,33,0,0
11-03-25,0,32,35,0,30,0,0,0,0,0,0,0,0,0,0,0
11-03-35,0,0,33,0,0,31,0,0,0,0,0,0,0,0,0,0
11-03-45,0,29,35,0,0,31,0,0,0,0,0,0,0,0,0,0
11-03-55,0,31,35,0,0,31,0,0,0,0,0,0,0,0,0,0
11-04-05,0,36,35,0,29,31,0,0,0,0,0,0,0,0,0,0
11-04-15,0,30,36,0,0,31,0,0,0,0,0,0,29,0,0,0
11-04-25,0,29,44,0,0,31,0,0,0,0,0,0,0,0,0,0
11-04-35,0,30,44,0,0,30,0,0,0,0,0,0,0,0,0,0
11-04-45,0,33,34,0,0,30,0,0,0,0,0,0,0,0,0,0
11-04-55,0,0,34,0,0,31,0,0,0,0,0,0,0,0,0,0
11-05-05,0,0,34,0,0,30,0,0,0,0,0,0,0,0,0,0
11-05-15,0,0,38,0,0,31,0,0,0,0,30,0,0,0,0,0
11-05-25,0,0,37,30,0,31,0,0,0,0,0,0,0,0,0,0
11-05-35,0,0,35,0,0,32,31,0,0,0,29,0,0,0,0,0
11-05-45,0,0,39,0,0,30,34,0,0,0,31,0,30,0,0,0
11-05-55,0,0,36,30,0,36,33,0,0,0,0,0,0,0,0,0
11-06-05,0,0,37,30,0,30,0,0,0,0,0,0,0,0,0,0
11-06-15,0,0,0,30,0,30,0,0,0,0,0,0,30,0,0,0
11-06-25,0,0,0,31,0,32,0,0,0,0,0,0,0,0,0,0
11-06-35,0,0,34,31,0,33,0,0,0,0,0,0,0,0,0,0
11-06-45,0,0,0,31,0,35,0,0,0,0,0,0,0,0,0,0
11-06-55,0,0,0,31,0,31,0,0,0,0,0,0,0,0,0,0
11-07-05,0,0,0,0,0,31,0,0,0,0,0,0,0,0,0,0
11-07-15,0,29,0,0,0,32,0,0,0,0,0,0,0,0,0,0
11-07-25,0,32,33,0,0,30,0,0,0,0,0,0,0,0,0,0
11-07-35,0,0,29,30,0,31,0,0,0,0,0,0,0,0,0,0
11-07-45,0,0,0,0,0,33,0,0,0,0,0,0,0,0,0,0
11-07-55,0,0,33,30,0,35,0,0,0,0,0,0,0,0,0,0
11-08-05,0,0,0,0,0,36,0,0,0,0,0,0,0,0,0,0
11-08-15,0,0,0,30,0,33,0,0,0,0,0,0,0,0,0,0
11-08-25,0,0,0,0,0,30,0,0,0,0,0,0,0,0,0,0
11-08-35,0,0,34,0,0,29,0,0,0,0,0,0,0,33,0,0
11-08-45,0,0,32,30,0,34,0,0,0,0,0,0,0,30,0,0
11-09-05,0,0,0,0,0,30,0,0,0,0,0,0,0,0,0,0
11-09-15,0,0,0,0,0,0,32,0,0,0,0,0,0,0,0,0
11-09-25,0,0,0,32,0,32,33,0,0,0,0,0,0,0,0,0
11-09-35,0,0,0,39,0,32,31,0,0,0,0,0,0,0,0,0
11-09-55,0,0,0,0,0,31,0,0,0,0,0,0,0,0,0,0
11-10-05,0,0,29,31,0,33,0,0,0,0,0,0,0,0,0,0
11-10-15,0,37,0,0,0,0,40,35,0,0,0,0,0,34,0,0
11-10-25,0,0,0,0,0,0,31,0,0,0,0,0,0,32,0,0
11-10-35,0,0,0,0,0,0,30,0,0,0,0,0,0,35,0,0
11-10-45,0,0,0,0,0,0,33,0,0,0,0,0,0,29,0,0
11-10-55,0,0,0,0,0,0,29,0,0,0,0,0,0,30,0,0
11-11-05,0,0,0,0,0,0,34,0,0,0,0,0,0,31,0,0
11-11-15,0,0,0,0,0,0,34,0,0,0,0,0,0,33,0,0
11-11-25,0,0,0,0,0,0,34,0,0,0,0,0,0,34,0,0
11-11-35,0,0,0,0,0,0,30,0,0,0,0,0,0,31,0,0
11-11-45,0,0,0,0,0,0,29,0,0,0,0,0,0,0,0,0
11-11-55,0,0,0,0,0,0,31,0,0,0,0,0,0,0,0,0
11-12-05,0,0,0,0,31,0,31,0,0,0,0,0,0,0,0,0
11-12-15,0,0,45,0,0,0,30,0,0,0,0,0,0,33,0,0
11-12-25,0,0,38,0,30,0,31,0,0,0,0,0,0,0,0,0
11-12-35,0,0,42,0,0,0,0,0,0,0,33,0,0,0,0,0
11-12-45,0,0,31,0,0,0,0,0,0,0,0,0,0,0,0,0
11-12-55,0,0,32,0,0,0,0,0,0,0,41,0,0,0,30,0
11-13-05,0,31,40,33,0,29,0,0,0,0,37,0,0,0,0,0
11-13-15,0,29,0,31,0,34,0,0,0,0,35,0,0,0,0,0
11-13-25,0,32,32,33,0,31,0,0,0,0,36,0,0,0,0,0
11-13-35,0,30,31,0,0,0,31,0,0,0,36,0,0,32,32,0
11-13-45,0,0,29,29,0,0,39,0,0,0,35,0,0,31,0,0
11-13-55,0,0,0,0,0,0,0,0,0,0,34,0,0,31,29,0
11-14-05,0,0,0,0,0,0,31,0,0,0,31,0,0,0,30,0
11-14-15,0,0,0,0,33,0,0,0,0,0,31,0,0,30,33,0
11-14-25,0,0,0,0,30,0,0,0,0,0,31,0,0,0,31,0
11-14-35,0,0,0,0,0,0,0,0,0,0,31,0,0,0,0,0
11-14-45,0,29,0,0,0,0,0,0,0,0,31,0,0,29,0,0
11-14-55,0,31,0,0,0,0,0,0,0,0,31,0,0,0,0,0
11-15-05,0,29,0,0,0,0,0,0,0,0,31,0,0,0,0,0
11-15-15,0,0,0,0,0,0,29,0,0,0,32,0,0,0,0,0
11-15-25,0,0,0,0,0,0,31,0,0,0,35,0,0,0,0,0
11-15-35,0,0,0,0,0,0,0,0,0,0,34,0,0,0,0,0
11-15-45,0,0,0,0,0,0,0,0,0,0,37,0,0,0,0,0
11-15-55,0,0,0,0,0,0,29,0,0,0,36,0,0,0,0,0
11-16-05,0,0,0,0,0,0,0,0,0,0,36,0,29,0,0,0
11-16-15,0,0,0,0,0,0,0,29,0,0,36,0,0,0,0,0
11-16-25,0,0,0,0,0,0,0,0,0,0,35,0,0,0,0,30
11-16-35,0,0,0,0,0,0,0,0,0,0,32,0,0,35,0,0
11-16-45,0,0,0,0,0,0,29,0,0,0,34,0,0,0,0,0
11-16-55,0,32,0,0,0,0,0,0,0,0,33,0,0,0,0,0
11-17-05,0,0,0,0,0,0,0,0,0,0,30,0,0,0,0,0
11-17-15,0,0,0,0,0,0,40,0,0,0,33,0,0,44,0,0
11-17-25,0,0,0,0,0,0,0,0,0,0,36,0,0,31,0,0
11-17-35,0,0,0,0,0,0,0,0,0,0,35,0,0,0,0,0
11-17-45,0,0,0,0,0,0,31,0,0,0,29,0,0,33,0,0
11-17-55,0,0,0,0,0,0,30,0,0,0,30,0,0,0,0,0
11-18-05,0,0,0,0,0,0,0,0,0,0,30,0,0,30,0,0
11-18-15,0,0,0,0,0,0,29,0,0,0,31,0,0,29,0,0
11-18-25,0,0,0,0,0,0,0,0,0,0,34,0,0,0,0,0
11-19-05,0,0,0,0,0,0,33,0,0,0,0,0,0,0,0,0
11-19-35,0,0,0,0,0,0,0,0,0,0,0,0,0,29,0,0
11-19-45,0,0,0,0,0,0,0,0,0,0,34,0,0,0,0,0
11-20-05,0,0,29,0,0,0,0,0,0,0,0,0,0,0,0,0
11-20-35,0,0,0,29,0,0,0,0,0,0,0,0,0,0,0,0
11-21-35,0,0,0,0,30,0,0,0,0,0,0,0,0,0,0,0
11-22-05,0,0,32,0,0,0,0,0,0,0,0,0,0,0,0,0
11-22-15,0,0,33,30,0,0,0,0,0,0,0,0,0,0,0,0
11-22-35,0,0,31,0,0,0,0,0,0,0,0,0,0,0,0,0
11-22-45,0,0,0,29,0,0,0,0,0,0,0,0,0,0,0,0
11-22-55,0,0,31,0,0,0,0,0,0,0,0,0,0,32,0,0
11-23-05,0,0,31,0,0,0,0,0,0,0,33,0,0,31,0,0
11-23-15,0,29,30,0,0,0,0,0,0,0,0,0,0,30,0,0
11-23-25,0,0,34,0,0,0,0,0,0,0,0,0,0,32,0,0
11-23-35,0,31,40,30,0,0,0,0,0,0,0,0,0,34,30,0
11-23-45,0,36,31,34,0,29,0,0,0,0,41,0,0,42,33,0
11-23-55,0,32,33,29,0,31,31,0,0,0,45,0,0,36,31,0
11-24-05,0,0,29,0,0,0,0,0,0,0,0,0,0,31,0,0
11-24-15,0,0,30,0,0,0,0,0,0,0,0,0,0,0,0,0
11-24-25,0,0,32,0,0,0,0,0,0,0,0,0,0,0,0,0
11-24-35,0,0,0,0,0,0,35,0,0,0,0,0,0,0,0,0
11-24-45,0,0,36,29,0,0,32,0,0,0,0,0,0,0,0,0
11-24-55,0,0,31,30,0,0,36,0,0,0,0,0,0,29,0,0
11-25-05,0,0,29,29,0,0,30,0,0,0,0,0,0,0,0,0
11-25-15,0,0,30,30,0,0,33,0,0,0,0,0,0,36,0,0
11-25-35,0,0,32,31,0,0,0,0,0,0,0,0,0,0,0,0
11-26-05,0,0,0,30,0,0,0,0,0,0,0,0,0,0,0,0
11-26-15,0,0,0,30,0,0,0,0,0,0,0,0,0,0,0,0
11-26-25,0,0,32,0,0,0,0,0,0,0,0,0,0,0,0,0
11-26-35,0,0,0,31,0,0,39,0,0,0,0,0,0,0,0,0
11-26-45,0,33,30,0,0,0,30,0,0,0,0,0,0,0,0,0
11-26-55,0,40,0,0,0,0,30,0,0,0,0,0,0,0,0,0
11-27-25,0,0,0,31,0,0,0,0,0,0,0,0,0,34,0,0
11-27-45,0,0,0,0,0,0,29,0,0,0,0,0,0,0,0,0
11-27-55,0,0,0,31,0,0,0,0,0,0,0,0,0,0,0,0
11-28-05,0,0,0,29,0,0,0,0,0,0,0,0,0,0,0,0
11-28-15,0,0,0,30,0,0,0,0,0,0,0,0,0,0,0,0
11-28-25,0,0,32,31,0,0,0,0,0,0,0,0,0,33,0,0
11-28-35,0,0,0,30,0,0,29,0,0,0,0,0,0,36,0,0
11-28-45,0,0,29,0,0,0,0,0,0,0,0,0,0,35,0,0
11-28-55,0,0,32,0,0,0,29,0,0,0,0,0,0,34,0,0
11-29-05,0,0,0,0,0,0,29,0,0,0,0,0,0,31,0,0
11-29-15,0,0,0,0,0,0,0,0,0,0,0,0,0,32,0,0
11-29-25,0,0,30,0,0,0,29,0,0,0,0,0,0,30,0,0
11-29-35,0,0,31,0,0,0,33,0,0,0,0,0,0,0,0,0
11-29-45,0,0,30,31,0,29,31,0,0,0,0,0,0,33,0,0
11-29-55,0,0,31,31,0,0,32,0,0,0,0,0,0,29,0,0
11-30-05,0,0,34,30,0,0,0,0,0,0,0,0,0,34,0,0
11-30-15,0,0,0,36,0,30,39,0,0,0,0,0,0,40,32,0
11-30-25,0,0,0,0,0,32,33,30,0,0,0,0,0,36,31,0
11-30-35,0,0,0,31,0,35,31,0,0,0,0,0,0,0,0,0
11-30-45,0,0,0,35,0,32,0,0,0,0,0,0,0,0,0,0
11-30-55,0,0,0,31,0,34,0,0,0,0,0,0,0,0,0,0
11-31-05,0,0,0,31,0,33,0,0,0,0,0,0,32,0,0,0
11-31-15,0,0,30,32,0,32,31,0,0,0,0,0,0,0,0,0
11-31-25,0,0,0,31,0,34,33,0,0,0,0,0,0,32,0,0
11-31-35,0,33,34,38,0,32,0,33,0,0,0,0,0,30,0,0
11-31-45,0,0,34,37,0,30,0,0,0,0,0,0,0,0,0,0
11-31-55,0,0,29,34,0,32,0,0,0,0,0,0,0,0,0,0
11-32-05,0,0,0,41,0,33,0,0,0,0,0,0,0,0,0,0
11-32-15,0,0,30,31,0,32,0,0,0,0,0,0,0,0,0,0
11-32-25,0,0,32,34,0,30,29,0,0,0,0,0,0,30,0,0
11-32-35,0,0,32,48,0,32,33,0,0,0,0,0,0,30,0,0
11-32-45,0,0,34,51,0,32,31,31,0,0,0,0,0,0,0,0
11-32-55,0,0,40,33,0,34,32,0,0,0,0,0,0,32,0,0
11-33-05,0,0,31,0,0,32,32,0,0,0,0,0,0,0,0,0
11-33-15,0,0,32,40,0,33,0,0,0,0,0,0,0,0,0,0
11-33-25,0,0,0,34,0,32,30,0,0,0,0,0,0,32,0,0
11-33-35,0,0,33,32,0,32,31,0,0,0,0,0,0,32,0,38
11-33-45,0,32,0,0,37,0,0,0,0,0,0,0,0,0,47,0
11-33-55,0,0,0,0,0,0,0,37,0,0,0,0,0,0,0,0
11-36-05,0,0,0,0,31,0,0,0,0,0,0,0,0,0,0,0
11-36-15,0,35,0,0,0,0,33,0,0,0,0,0,30,33,0,0
11-36-25,0,36,0,0,0,0,35,0,0,0,0,0,0,32,0,0
11-36-35,0,56,0,0,0,0,36,0,0,0,0,0,0,34,29,0
11-36-45,0,52,0,0,0,0,34,0,0,0,0,0,0,29,0,0
11-36-55,0,49,0,0,0,0,0,0,0,0,0,0,0,30,0,0
11-37-05,0,51,0,0,0,0,29,0,0,0,0,0,0,0,0,0
11-37-15,0,51,0,0,0,0,0,0,0,0,0,0,0,0,0,0
11-37-25,0,47,0,0,0,0,0,0,0,0,0,0,0,0,0,0
11-37-35,0,44,0,0,0,0,0,0,0,0,0,0,0,0,0,0
11-37-45,0,51,0,0,0,0,0,0,0,0,0,0,0,32,0,0
11-37-55,0,50,0,0,0,0,0,0,0,0,0,0,0,0,0,0
11-38-05,0,51,32,0,0,0,0,0,0,0,0,0,0,30,0,0
11-38-15,0,46,32,0,0,0,31,0,0,0,0,0,0,37,0,0
11-38-25,0,56,29,0,0,0,33,0,0,0,0,0,0,33,0,0
11-38-35,0,58,0,0,0,0,31,0,0,0,0,0,0,31,0,0
11-38-45,0,37,50,0,0,0,0,0,0,0,0,0,0,0,0,0
11-38-55,0,33,30,0,0,0,0,0,0,0,0,0,0,30,0,0
11-39-05,0,37,31,0,0,0,0,0,0,0,0,0,0,34,0,0
11-39-15,0,34,32,0,0,0,0,0,0,0,0,0,0,0,0,0
11-39-25,0,36,34,29,0,0,0,0,0,0,0,0,0,0,0,0
11-39-35,0,36,35,31,0,0,0,0,0,0,0,0,0,0,0,0
11-39-45,0,30,0,0,0,0,0,0,0,0,0,0,0,30,0,0
11-39-55,0,30,31,0,0,0,0,0,0,0,0,0,0,29,0,0
11-40-05,0,35,34,34,0,30,0,0,0,0,37,0,0,31,0,0
11-40-15,0,36,37,34,0,0,0,0,0,0,39,0,0,0,0,0
11-40-25,0,33,0,0,0,0,32,0,0,0,34,0,0,0,0,0
11-40-35,0,33,0,0,0,0,0,0,0,0,34,0,0,31,0,0
11-40-45,0,34,0,0,0,0,0,0,0,0,39,0,0,0,29,0
11-40-55,0,34,0,0,0,0,32,0,0,0,35,0,0,0,0,0
11-41-05,0,33,0,0,0,0,31,0,0,0,33,0,0,0,34,0
11-41-15,0,35,0,0,0,0,0,0,0,0,0,0,0,33,31,0
11-41-25,0,38,0,0,0,0,0,0,0,0,0,0,29,0,31,0
11-41-35,0,43,0,0,0,0,36,0,0,0,0,0,0,0,0,0
11-41-45,0,35,42,35,0,0,42,0,0,0,0,0,40,32,0,0
11-41-55,0,36,32,30,0,0,33,0,0,0,0,0,0,34,0,0
11-42-05,0,41,32,0,0,32,33,0,0,0,35,0,0,35,0,0
11-42-15,0,33,31,0,30,32,31,0,0,0,32,0,0,33,0,0
11-42-25,0,33,31,29,0,0,0,0,0,0,0,0,0,32,0,0
11-42-35,0,39,0,0,0,0,0,0,0,0,0,0,0,32,0,0
11-42-45,0,40,0,0,0,0,35,0,0,0,0,0,0,0,0,0
11-42-55,0,36,0,0,0,0,32,0,0,0,0,0,0,0,0,0
11-43-05,0,35,0,0,29,0,31,0,0,0,0,0,0,0,0,0
11-43-15,0,38,0,0,0,0,0,0,0,0,0,0,0,0,0,0
11-43-25,0,38,0,0,0,0,0,0,0,0,0,0,0,0,0,0
11-43-35,0,38,0,0,0,0,0,0,0,0,0,0,0,0,0,0
11-43-45,0,36,0,0,0,0,29,0,0,0,0,0,0,0,0,0
11-43-55,0,38,0,0,0,0,30,0,0,0,0,0,0,29,0,0
11-44-05,0,41,0,0,0,0,29,0,0,0,0,0,0,32,0,0
11-44-15,0,40,0,0,0,0,0,0,0,0,0,0,0,0,0,0
11-44-25,0,47,0,0,0,0,0,0,0,0,0,0,0,0,0,0
11-44-35,0,45,0,0,0,0,29,0,0,0,0,0,0,0,0,0
11-44-45,0,45,0,0,29,0,0,0,0,0,0,0,0,30,0,0
11-44-55,0,44,0,0,0,0,0,0,0,0,0,0,0,30,0,0
11-45-05,0,44,0,0,0,0,0,0,0,0,0,0,0,0,0,0
11-45-15,0,40,0,0,0,0,0,0,0,0,0,0,0,0,0,0
11-45-25,0,39,0,0,0,0,30,0,0,0,0,0,0,30,0,0
11-45-35,0,40,0,0,0,0,0,0,0,0,0,0,0,0,0,0
11-45-45,0,39,0,0,0,0,0,0,0,0,0,0,0,0,0,0
11-45-55,0,40,0,0,0,0,0,0,0,0,0,0,0,0,0,0
11-46-05,0,38,0,0,0,0,0,0,0,0,0,0,0,0,0,0
11-46-15,0,40,0,0,0,0,0,0,0,0,0,0,0,0,0,0
11-46-25,0,39,0,0,0,0,0,0,0,0,0,0,0,0,0,0
11-46-35,0,39,0,0,0,0,0,0,0,0,0,0,0,0,0,0
11-46-45,0,39,0,0,0,0,29,0,0,0,0,0,0,0,0,0
11-46-55,0,39,0,0,0,0,0,0,0,0,0,0,0,0,0,0
11-47-05,0,39,0,0,34,0,30,0,0,0,0,0,0,0,0,0
11-47-15,0,39,0,0,0,0,31,0,0,0,0,0,0,32,0,0
11-47-25,0,39,0,0,0,0,30,0,0,0,0,0,0,0,0,0
11-47-35,0,39,0,0,0,0,30,0,0,0,0,0,0,0,0,0
11-47-45,0,40,0,0,0,0,0,0,0,0,0,0,0,0,0,0
11-47-55,0,40,0,0,0,0,0,0,0,0,0,0,0,0,0,0
11-48-05,0,41,0,0,0,0,0,0,0,0,0,0,0,0,0,0
11-48-15,0,41,0,0,0,0,0,0,0,0,0,0,0,0,0,0
11-48-25,0,41,0,0,0,0,0,0,0,0,0,0,0,0,0,0
11-48-35,0,41,0,0,0,0,0,0,0,0,0,0,0,0,0,0
11-48-45,0,40,0,0,0,0,0,0,0,0,0,0,0,0,0,0
11-48-55,0,40,0,0,0,0,0,0,0,0,0,0,0,0,0,0
11-49-05,0,39,0,0,0,0,0,0,0,0,0,0,0,0,0,0
11-49-15,0,42,0,0,30,0,0,0,0,0,0,0,0,0,0,0
11-49-25,0,42,0,0,30,0,0,0,0,0,0,0,0,0,0,0
11-49-35,0,41,0,0,0,0,0,0,0,0,0,0,0,33,0,0
11-49-45,0,41,0,0,29,0,0,0,0,0,0,0,0,0,0,0
11-49-55,0,41,0,0,0,0,33,0,0,0,0,0,0,0,0,0
11-50-05,0,40,0,0,30,0,0,0,0,0,0,0,0,0,0,0
11-50-15,0,38,0,0,0,0,31,0,0,0,0,0,0,0,0,0
11-50-25,0,39,0,0,29,0,34,0,0,0,0,0,0,0,0,0
11-50-35,0,36,0,0,0,0,34,0,0,0,0,0,0,0,0,0
11-50-45,0,35,0,0,29,0,33,0,0,0,0,0,0,0,0,0
11-50-55,0,36,0,0,0,0,35,0,0,0,0,0,0,0,0,0
11-51-05,0,38,0,0,30,0,30,0,0,0,0,0,0,0,0,0
11-51-15,0,40,0,0,29,0,0,0,0,0,0,0,0,30,0,0
11-51-25,0,34,0,0,0,0,0,0,0,0,0,0,0,0,0,0
11-51-35,0,33,0,0,0,0,0,0,0,0,0,0,0,0,0,0
11-51-45,0,34,0,0,0,0,0,0,0,0,0,0,0,0,0,0
11-51-55,0,35,0,0,0,0,0,0,0,0,0,0,0,0,0,0
11-52-25,0,0,0,0,0,0,30,0,0,0,0,0,0,0,0,0
11-53-25,0,0,0,0,0,0,0,0,0,0,0,0,0,29,0,0
11-53-35,0,0,0,0,0,0,39,0,0,0,0,0,0,31,0,0
11-53-45,0,0,0,0,0,0,0,0,0,0,0,0,0,30,0,0
11-53-55,0,0,0,0,0,30,0,0,0,0,0,0,0,31,0,0
11-54-05,0,29,0,0,0,0,0,0,0,0,0,0,0,0,0,0
11-54-25,0,34,0,0,0,0,0,0,0,0,0,0,0,0,0,0
11-54-35,0,33,0,0,0,0,0,0,0,0,0,0,0,0,0,0
11-55-25,0,0,0,0,0,0,0,31,0,0,0,0,0,0,0,0
11-55-35,0,0,0,0,0,0,0,31,0,0,0,0,0,0,0,0
11-55-45,0,0,0,0,0,0,32,31,0,0,0,0,0,0,0,0
11-55-55,0,0,0,29,0,0,33,36,0,0,0,0,0,0,0,0
11-56-05,0,32,0,38,0,0,0,32,0,0,0,0,31,0,33,0
11-56-15,0,0,0,42,0,0,0,33,0,0,0,0,32,0,0,0
11-56-25,0,0,0,31,0,0,0,32,0,0,0,0,0,31,0,0
11-56-35,0,0,0,0,32,0,32,34,0,0,0,0,32,0,0,0
11-56-45,0,0,0,0,34,0,33,35,0,0,0,0,30,0,0,0
11-56-55,0,0,0,0,32,0,32,35,0,0,0,0,0,0,31,0
11-57-05,0,0,0,0,0,0,31,31,0,0,0,0,0,0,0,0
11-57-15,0,31,0,0,0,0,0,32,0,0,0,0,0,0,0,0
11-57-25,0,0,0,0,0,0,33,32,0,0,0,0,0,0,0,0
11-57-45,0,0,0,0,0,0,0,0,0,0,31,0,0,0,0,0
11-57-55,0,30,0,30,0,0,0,0,0,0,0,0,0,0,0,0
11-58-05,0,0,0,36,32,0,0,38,0,0,0,0,34,0,31,0
11-58-15,0,0,0,29,33,0,0,0,0,0,0,0,0,0,0,0
11-58-25,0,34,0,0,0,0,0,0,0,0,41,0,0,0,0,0
11-58-35,0,31,0,0,0,0,0,0,0,0,33,0,0,0,0,31
11-58-45,0,32,0,0,0,0,33,0,0,0,0,0,0,30,0,0
11-58-55,0,0,0,0,0,0,44,0,0,0,33,0,0,38,0,0
11-59-05,0,31,0,0,0,31,31,0,0,0,32,0,0,34,0,0
11-59-15,0,0,0,0,0,30,31,33,0,0,0,0,0,30,0,0
11-59-25,0,0,0,0,0,31,0,0,0,0,0,0,0,31,0,0
11-59-35,0,0,0,29,0,0,30,0,0,0,0,0,0,32,0,0
11-59-45,0,0,0,0,0,0,0,0,0,0,0,0,0,31,0,0
11-59-55,0,29,0,0,0,0,29,0,0,0,30,0,0,35,0,0
12-00-05,0,39,0,0,0,0,0,0,0,0,30,0,0,0,0,0
12-00-15,0,0,0,0,0,0,0,0,0,0,32,0,0,0,0,0
12-00-25,0,0,0,0,0,0,31,0,0,0,0,0,0,0,0,0
12-00-35,0,0,0,0,0,0,33,0,0,0,35,0,0,0,0,0
12-00-45,0,31,0,0,0,0,33,0,0,0,0,0,0,34,0,0
12-00-55,0,34,0,0,0,0,33,0,0,0,0,0,0,32,0,0
12-01-05,0,0,0,0,0,29,31,30,0,0,29,0,0,32,0,0
12-01-15,0,29,0,0,0,31,30,0,0,0,29,0,0,30,0,0
12-01-25,0,33,0,0,0,31,0,0,0,0,0,0,0,34,0,0
12-01-35,0,33,0,0,0,35,0,0,0,0,30,0,0,35,0,0
12-01-45,0,35,0,0,0,0,33,0,0,0,0,0,0,34,0,0
12-01-55,0,0,0,0,0,0,30,0,0,0,0,0,0,0,0,0
12-02-05,0,0,0,0,0,0,0,0,0,0,0,0,0,32,0,0
12-02-25,0,29,0,0,0,0,0,0,0,0,0,0,0,0,0,0
12-02-45,0,0,0,0,0,0,29,0,0,0,0,0,0,0,0,31
12-02-55,0,30,0,0,0,0,0,0,0,0,0,0,0,0,0,0
12-03-05,0,29,0,0,0,0,0,0,0,0,0,0,0,29,0,0
12-03-15,0,30,0,0,0,0,0,0,0,0,0,0,0,0,0,0
12-03-45,0,29,0,0,0,0,37,0,0,0,0,0,30,0,0,0
12-03-55,0,31,0,0,0,0,0,0,0,0,0,0,0,0,0,0
12-04-05,0,30,0,0,0,0,31,0,0,0,0,0,0,35,0,0
12-04-15,0,33,0,0,0,0,34,0,0,0,0,0,0,31,0,30
12-04-25,0,32,0,0,0,0,31,0,0,0,0,0,0,35,0,0
12-04-35,0,32,0,0,0,0,34,0,0,0,0,0,0,32,0,0
12-04-45,0,31,0,0,0,0,35,0,0,0,0,0,0,34,0,0
12-04-55,0,30,0,0,0,0,39,0,0,0,0,0,0,0,0,0
12-05-05,0,31,0,0,0,0,38,0,0,0,0,0,0,0,0,0
12-05-15,0,30,0,0,0,0,35,0,0,0,0,0,0,0,0,0
12-05-25,0,30,0,0,0,0,35,0,0,0,0,0,0,0,0,0
12-05-35,0,31,0,0,0,0,29,0,0,0,0,0,0,0,0,0
12-05-45,0,30,0,0,0,0,33,0,0,0,0,0,0,34,0,0
12-05-55,0,0,0,0,30,0,31,0,0,0,0,0,32,38,0,0
12-06-05,0,0,0,0,0,0,32,0,0,0,0,0,30,0,38,0
12-06-15,0,30,0,0,33,30,32,0,0,0,0,0,0,33,0,0
12-06-25,0,29,0,0,34,32,40,37,0,0,0,0,0,0,0,0
12-06-35,0,32,0,30,0,0,31,0,0,0,0,0,0,35,0,0
12-06-45,0,0,0,0,0,0,0,0,0,0,0,0,31,0,0,0
12-06-55,0,0,0,30,0,0,0,0,0,0,0,0,35,0,32,0
12-07-05,0,0,0,0,0,0,30,0,0,0,0,0,0,0,0,0
12-07-15,0,0,0,32,31,0,44,0,0,0,30,0,0,30,0,0
12-07-25,0,0,0,0,0,31,33,0,0,0,0,0,0,31,0,0
12-07-35,0,44,0,32,0,32,33,0,0,0,31,0,0,41,0,0
12-07-45,0,0,0,0,30,0,30,0,0,0,0,0,0,32,0,0
12-07-55,0,36,0,42,0,0,34,0,0,0,0,0,0,38,0,0
12-08-05,0,33,0,0,0,31,36,0,0,0,0,0,0,33,0,0
12-08-15,0,32,0,0,0,0,33,0,0,0,36,0,0,31,0,0
12-08-25,0,31,0,30,0,30,32,0,0,0,0,0,0,32,0,0
12-08-35,0,0,0,0,0,31,30,31,0,0,0,0,0,31,0,0
12-08-55,0,0,0,0,0,0,0,33,0,0,0,0,0,0,0,0
12-09-25,0,0,0,0,0,30,0,0,0,0,0,0,0,0,0,0
12-09-55,0,0,0,0,0,0,0,0,0,0,0,0,0,30,0,0
12-10-05,0,0,0,0,0,35,32,0,0,0,0,0,0,31,0,0
12-10-25,0,0,0,0,0,0,0,0,0,0,0,0,0,31,0,0
12-10-45,0,0,0,0,0,29,30,0,0,0,0,0,0,0,0,0
12-10-55,0,0,0,0,0,31,0,0,0,0,0,0,0,0,0,0
12-11-05,0,29,0,0,0,31,0,0,0,0,0,0,0,0,0,0
12-11-15,0,0,0,0,0,30,0,0,0,0,0,0,0,0,0,0
12-11-25,0,0,0,0,0,29,0,0,0,0,35,0,0,0,0,0
12-11-35,0,0,0,0,0,30,0,0,0,0,0,0,0,30,0,0
12-11-45,0,0,0,0,0,0,0,0,0,0,0,0,0,32,0,0
12-11-55,0,0,0,0,0,35,32,30,0,0,0,0,0,0,0,0
12-12-05,0,0,0,0,0,31,39,49,0,0,0,0,0,0,0,0
12-12-35,0,0,0,0,0,30,0,0,0,0,0,0,0,0,0,0
12-12-45,0,0,0,0,0,31,30,0,0,0,0,0,0,30,0,0
12-12-55,0,0,0,0,0,30,32,0,0,0,0,0,0,0,0,0
12-13-05,0,0,0,0,0,0,32,31,0,0,0,0,0,0,0,0
12-13-15,0,0,0,0,0,0,32,33,0,0,0,0,0,0,0,0
12-13-25,0,30,0,0,0,0,32,0,0,0,0,0,0,0,0,0
12-13-35,0,31,0,32,0,33,34,33,0,0,0,0,0,36,0,0
12-13-45,0,33,0,38,34,0,32,0,0,0,0,0,0,33,0,0
12-13-55,0,0,0,0,0,33,29,0,0,0,0,0,0,0,0,0
12-14-05,0,0,0,0,0,29,31,31,0,0,0,0,0,31,0,0
12-14-15,0,0,0,0,0,0,32,30,0,0,0,0,0,0,0,0
12-14-25,0,0,0,0,0,29,30,0,0,0,0,0,0,0,0,0
12-14-35,0,0,0,0,0,31,37,35,0,0,0,0,0,0,0,0
12-14-45,0,0,0,0,0,29,34,37,0,0,0,0,0,0,0,0
12-14-55,0,29,0,0,0,32,39,32,0,0,0,0,0,31,0,0
12-15-05,0,0,0,0,0,30,29,0,0,0,0,0,0,31,0,0
12-15-15,0,0,0,0,0,31,31,0,0,0,0,0,0,0,0,0
12-15-25,0,0,0,0,0,32,0,0,0,0,0,0,0,29,0,0
12-15-35,0,0,0,0,0,31,0,0,0,0,0,0,0,31,0,0
12-15-45,0,32,0,37,33,0,31,0,0,0,0,0,0,35,0,0
12-15-55,0,0,0,0,0,31,30,0,0,0,0,0,0,30,0,0
12-16-05,0,0,0,0,0,35,0,0,0,0,0,0,0,0,0,0
12-16-15,0,0,0,0,0,36,0,0,0,0,0,0,0,0,0,0
12-16-25,0,0,0,0,0,35,0,0,0,0,0,0,0,0,0,0
12-16-35,0,0,0,0,0,35,0,0,0,0,0,0,0,0,0,0
12-16-45,0,0,0,0,0,35,0,0,0,0,0,0,0,29,0,0
12-16-55,0,0,0,0,0,36,0,0,0,0,0,0,0,0,0,0
12-17-05,0,0,0,0,0,36,0,0,0,0,0,0,0,0,0,0
12-17-15,0,0,0,0,0,36,0,0,0,0,0,0,0,0,0,0
12-17-25,0,0,0,0,0,35,0,0,0,0,0,0,0,0,0,0
12-17-35,0,0,0,0,0,36,0,0,0,0,0,0,0,31,0,0
12-17-45,0,0,0,0,0,35,0,0,0,0,0,0,0,0,0,0
12-17-55,0,0,0,0,0,35,0,0,0,0,0,0,0,0,0,0
12-18-05,0,0,0,0,0,34,0,0,0,0,0,0,0,0,0,0
12-18-15,0,0,0,0,0,35,0,0,0,0,0,0,0,0,0,0
12-18-25,0,0,0,0,0,34,0,0,0,0,0,0,0,0,0,0
12-18-35,0,0,0,0,0,34,0,0,0,0,0,0,0,0,0,0
12-18-45,0,0,0,0,0,33,0,0,0,0,0,0,0,0,0,0
12-18-55,0,0,0,0,0,35,31,0,0,0,0,0,0,31,0,0
12-19-05,0,0,0,0,0,35,29,0,0,0,0,0,0,29,0,0
12-19-15,0,0,0,0,0,36,0,0,0,0,0,0,0,0,0,0
12-19-25,0,0,0,0,0,36,0,0,0,0,0,0,0,0,0,0
12-19-35,0,0,0,0,0,36,0,0,0,0,0,0,0,0,0,0
12-19-45,0,0,0,0,0,36,0,0,0,0,0,0,0,30,0,0
12-19-55,0,0,0,0,0,36,0,0,0,0,0,0,0,0,0,0
12-20-05,0,0,0,0,0,35,0,0,0,0,0,0,0,0,0,0
12-20-15,0,0,0,0,0,35,0,0,0,0,0,0,0,0,0,0
12-20-25,0,0,0,0,0,34,0,0,0,0,0,0,0,0,0,0
12-20-35,0,0,0,0,0,34,0,0,0,0,0,0,0,0,0,0
12-20-45,0,0,0,0,0,33,0,0,0,0,0,0,0,0,0,0
12-20-55,0,0,0,0,0,34,0,0,0,0,0,0,0,0,0,0
12-21-05,0,0,0,0,0,36,0,0,0,0,0,0,0,0,0,0
12-21-15,0,0,0,0,0,33,0,0,0,0,0,0,0,0,0,0
12-21-25,0,0,0,0,0,29,0,0,0,0,0,0,0,29,0,0
12-21-35,0,0,0,0,0,29,0,0,0,0,0,0,0,0,0,0
12-21-45,0,0,0,0,0,35,0,0,0,0,0,0,0,0,0,0
12-21-55,0,0,0,0,0,33,0,0,0,0,0,0,0,0,0,0
12-22-05,0,0,0,0,0,30,29,0,0,0,0,0,0,0,0,0
12-22-15,0,0,0,0,33,29,0,0,0,0,0,0,0,0,0,0
12-22-25,0,0,0,0,0,30,29,0,0,0,0,0,0,0,0,0
12-22-55,0,0,0,0,31,0,0,0,0,0,0,0,0,0,0,0
12-23-05,0,0,0,0,0,30,0,0,0,0,0,0,0,0,0,0
12-23-35,0,0,0,0,0,33,0,0,0,0,0,0,0,0,0,0
12-23-45,0,0,0,0,0,32,0,0,0,0,0,0,0,0,0,0
12-23-55,0,0,0,0,0,31,0,0,0,0,0,0,0,0,0,0
12-24-05,0,0,0,0,0,31,0,0,0,0,0,0,0,0,0,0
12-24-15,0,0,0,29,35,36,0,0,0,0,0,0,0,0,0,0
12-24-25,0,0,0,0,31,33,0,0,0,0,0,0,32,0,0,0
12-24-35,0,0,0,0,33,34,0,0,0,0,0,0,31,0,0,0
12-24-45,0,0,0,0,29,30,0,0,0,0,0,0,0,0,0,0
12-24-55,0,0,0,0,29,31,0,0,0,0,0,0,0,0,0,0
12-25-05,0,0,0,0,30,34,0,0,0,0,0,0,30,0,0,0
12-25-15,0,0,0,0,30,34,0,0,0,0,0,0,0,0,0,0
12-25-25,0,0,0,0,0,35,0,0,0,0,0,0,0,0,0,0
12-25-35,0,0,0,0,0,36,0,0,0,0,0,0,0,0,0,0
12-25-45,0,0,0,0,31,35,0,0,0,0,0,0,0,0,0,0
12-25-55,0,0,0,0,32,33,0,0,0,0,0,0,0,0,0,0
12-26-05,0,0,0,0,32,31,0,0,0,0,0,0,0,0,0,0
12-26-15,0,0,0,0,33,33,0,0,0,0,0,0,0,0,0,29
12-26-25,0,0,0,0,30,32,0,0,0,0,0,0,0,0,0,30
12-26-35,0,0,0,0,31,32,0,0,0,0,0,0,0,0,0,0
12-26-45,0,0,0,0,31,36,0,0,0,0,0,0,0,0,0,0
12-26-55,0,0,0,0,30,37,0,0,0,0,0,0,0,0,0,0
12-27-05,0,0,0,0,30,36,29,0,0,0,0,0,0,0,0,0
12-27-15,0,0,0,0,0,36,0,0,0,0,0,0,0,0,0,0
12-27-25,0,0,0,0,0,37,0,0,0,0,0,0,0,0,0,0
12-27-35,0,0,0,0,0,36,0,0,0,0,0,0,0,0,0,0
12-27-45,0,0,0,0,0,35,0,0,0,0,0,0,0,0,0,0
12-27-55,0,0,0,0,0,37,0,0,0,0,0,0,0,0,0,0
12-28-05,0,0,0,0,30,36,31,0,0,0,0,0,0,0,0,0
12-28-15,0,0,0,0,30,37,32,0,0,0,0,0,0,0,0,0
12-28-25,0,0,0,0,0,38,31,0,0,0,0,0,0,0,0,0
12-28-35,0,0,0,0,0,38,33,0,0,0,0,0,0,0,0,0
12-28-45,0,0,0,0,0,38,36,0,0,0,0,0,0,0,0,0
12-28-55,0,0,0,0,29,35,36,0,0,0,0,0,0,29,0,0
12-29-05,0,0,0,0,29,38,43,0,0,0,0,0,0,32,0,0
12-29-15,0,0,0,0,30,37,31,0,0,0,0,0,0,48,0,0
12-29-25,0,0,0,0,0,33,32,0,0,0,0,0,0,35,0,0
12-29-35,0,0,0,0,0,37,0,0,0,0,0,0,0,44,0,0
12-29-45,0,0,0,0,0,37,0,0,0,0,0,0,0,0,0,0
12-29-55,0,0,0,0,0,37,0,0,0,0,0,0,0,0,0,0
12-30-05,0,0,0,0,0,38,0,0,0,0,0,0,0,0,0,0
12-30-15,0,0,0,0,0,38,0,0,0,0,0,0,0,0,0,0
12-30-25,0,0,0,0,29,39,29,0,0,0,0,0,0,0,0,0
12-30-35,0,0,0,0,0,37,37,32,0,0,0,0,0,0,0,0
12-30-45,0,0,0,0,0,37,37,0,0,0,0,0,0,0,0,0
12-30-55,0,0,0,0,0,36,52,39,0,0,0,0,0,0,0,0
12-31-05,0,0,0,0,0,37,29,0,0,0,0,0,0,0,0,0
12-31-15,0,0,0,0,0,36,29,0,0,0,0,0,0,0,0,0
12-31-25,0,0,0,0,0,40,30,0,0,0,0,0,0,0,0,0
12-31-35,0,0,0,0,0,36,32,0,0,0,0,0,0,0,0,0
12-31-45,0,0,0,0,0,36,38,0,0,0,0,0,0,0,0,0
12-31-55,0,0,0,0,0,36,36,0,0,0,0,0,0,0,0,0
12-32-05,0,0,0,0,0,39,32,0,0,0,0,0,0,0,0,0
12-32-15,0,0,0,0,30,39,31,0,0,0,0,0,0,0,0,0
12-32-25,0,0,0,0,0,33,0,0,0,0,0,0,0,0,0,0
12-32-35,0,0,0,0,0,34,0,0,0,0,0,0,0,0,0,0
12-32-45,0,0,0,0,0,34,0,0,0,0,0,0,0,0,0,0
12-32-55,0,0,0,0,31,30,30,0,0,0,0,0,0,0,0,0
12-33-05,0,0,0,0,31,30,30,0,0,0,0,0,0,0,0,0
12-33-15,0,0,0,0,31,32,32,0,0,0,0,0,0,35,0,0
12-33-25,0,31,0,0,31,31,46,0,0,0,0,0,0,36,0,0
12-33-35,0,33,0,0,0,0,37,0,0,0,31,0,0,33,0,0
12-33-55,0,29,0,0,0,0,33,33,0,0,0,0,0,0,0,0
12-34-05,0,0,0,0,0,0,39,31,0,0,0,0,0,29,0,0
12-34-15,0,29,0,32,0,30,34,32,0,0,0,0,0,33,0,0
12-34-25,0,30,0,0,33,31,37,0,0,0,0,0,0,39,0,0
12-34-35,0,38,0,0,0,0,31,0,0,0,41,0,0,31,0,0
12-34-45,0,0,0,0,0,0,34,0,0,0,0,0,0,31,0,0
12-34-55,0,0,0,0,0,0,32,0,0,0,0,0,0,30,0,0
12-35-05,0,0,0,0,0,0,31,0,0,0,31,0,0,0,0,0
12-35-15,0,0,0,0,0,29,32,0,0,0,0,0,0,31,0,0
12-35-25,0,31,0,0,0,0,31,0,0,0,35,0,0,29,0,0
12-35-35,0,37,0,0,0,0,32,0,0,0,0,0,0,32,0,0
12-35-45,0,31,0,0,0,29,30,0,0,0,0,0,0,32,0,0
12-35-55,0,32,0,0,33,32,32,0,0,0,34,0,0,34,0,0
12-36-05,0,29,0,0,0,0,0,0,0,0,0,0,0,31,0,0
12-36-15,0,30,0,34,30,30,30,31,0,0,0,0,0,32,0,0
12-36-25,0,34,0,0,0,29,0,0,0,0,0,0,0,31,0,0
12-36-35,0,34,0,0,0,0,0,0,0,0,0,0,0,29,0,0
12-36-45,0,0,0,0,0,31,0,0,0,0,0,0,0,33,0,0
12-36-55,0,0,0,0,0,29,0,0,0,0,0,0,0,31,0,0
12-37-05,0,0,0,0,0,29,0,0,0,0,0,0,0,31,0,0
12-37-15,0,30,0,0,0,0,0,0,0,0,0,0,0,32,0,0
12-37-25,0,0,0,0,0,31,0,0,0,0,0,0,0,32,0,0
12-37-35,0,0,0,0,0,31,0,0,0,0,0,0,0,34,0,0
12-37-45,0,0,0,0,0,30,0,0,0,0,0,0,0,33,0,0
12-37-55,0,0,0,0,30,29,0,0,0,0,0,0,0,31,0,0
12-38-05,0,0,0,0,0,30,0,0,0,0,0,0,0,34,0,0
12-38-15,0,34,0,0,0,0,0,0,0,0,0,0,0,33,0,0
12-38-25,0,0,0,0,0,0,0,0,0,0,0,0,0,31,0,0
12-38-35,0,39,0,35,30,29,36,35,0,0,35,0,0,35,0,0
12-38-45,0,32,0,0,38,35,0,0,0,0,0,0,0,40,0,0
12-38-55,0,33,0,0,39,39,0,0,0,0,0,0,0,35,0,0
12-39-05,0,30,0,0,30,0,0,0,0,0,0,0,0,33,31,0
12-39-15,0,32,0,0,0,0,0,0,0,0,0,0,0,0,0,0
12-39-25,0,35,0,39,0,30,0,0,0,0,0,0,0,39,0,0
12-39-35,0,32,0,0,0,32,31,0,0,0,0,0,0,33,0,0
12-39-45,0,31,0,31,0,0,0,0,0,0,0,0,0,33,0,0
12-39-55,0,43,0,32,0,33,0,31,0,0,0,0,0,34,0,0
12-40-05,0,39,0,34,0,0,0,34,0,0,0,0,0,33,0,0
12-40-15,0,32,0,0,31,30,0,0,0,0,0,0,0,32,31,0
12-40-25,0,32,0,0,0,0,0,0,0,0,0,0,0,32,0,0
12-40-35,0,32,0,0,31,30,34,0,0,0,0,0,0,31,0,0
12-40-45,0,33,0,31,0,30,35,0,0,0,32,0,31,34,30,0
12-40-55,0,37,0,31,0,0,0,0,0,0,0,0,0,31,0,0
12-41-05,0,36,0,31,0,0,0,0,0,0,0,0,0,0,0,0
12-41-15,0,31,0,31,0,0,0,0,0,0,0,0,0,0,0,0
12-41-25,0,30,0,31,0,0,0,0,0,0,0,0,0,0,0,0
12-41-35,0,31,0,31,0,0,29,32,0,0,0,0,0,0,0,0
12-41-45,0,35,0,29,31,31,0,0,0,0,0,0,0,36,0,0
12-41-55,0,31,0,0,0,0,0,0,0,0,35,0,0,36,35,0
12-42-05,0,37,0,29,0,32,32,33,0,0,0,0,0,30,0,0
12-42-15,0,35,0,0,0,0,0,0,0,0,0,0,0,0,0,0
12-42-25,0,35,0,0,0,0,0,0,0,0,0,0,0,0,0,0
12-42-35,0,34,0,0,0,0,0,0,0,0,0,0,0,0,0,0
12-42-45,0,35,0,0,0,0,31,0,0,0,0,0,0,29,0,0
12-42-55,0,33,0,0,0,0,30,0,0,0,0,0,0,29,0,0
12-43-05,0,33,0,0,0,0,31,0,0,0,0,0,0,30,0,0
12-43-15,0,34,0,0,0,0,0,0,0,0,0,0,0,31,0,0
12-43-25,0,37,0,0,0,0,0,0,0,0,0,0,0,0,0,0
12-43-35,0,35,0,0,0,0,0,0,0,0,0,0,0,0,0,0
12-43-45,0,36,0,0,0,0,0,0,0,0,0,0,0,0,0,0
12-43-55,0,33,0,0,0,0,0,0,0,0,0,0,0,29,0,0
12-44-05,0,33,0,0,0,0,0,0,0,0,0,0,0,0,0,0
12-44-15,0,31,0,0,0,0,0,0,0,0,0,0,0,0,0,0
12-44-25,0,33,0,0,0,0,0,0,0,0,0,0,0,29,0,0
12-44-35,0,32,0,0,0,0,0,0,0,0,0,0,0,29,0,0
12-44-45,0,33,0,29,0,0,0,0,0,0,0,0,0,0,0,0
12-44-55,0,32,0,0,0,0,30,0,0,0,0,0,0,0,0,0
12-45-05,0,34,0,0,0,0,29,0,0,0,0,0,0,0,0,0
12-45-15,0,31,0,0,0,0,29,0,0,0,0,0,0,0,0,0
12-45-25,0,30,0,0,0,0,0,35,0,0,0,0,0,0,0,0
12-45-35,0,33,0,0,0,0,0,31,0,0,0,0,0,30,0,0
12-45-45,0,33,0,0,0,0,0,0,0,0,0,0,0,30,0,0
12-45-55,0,31,0,29,0,0,29,0,0,0,0,0,0,0,0,0
12-46-05,0,33,0,0,0,0,29,31,0,0,0,0,0,29,0,0
12-46-15,0,33,0,0,0,0,0,30,0,0,0,0,0,0,0,0
12-46-25,0,33,0,0,0,0,0,30,0,0,0,0,0,30,0,0
12-46-35,0,29,0,0,0,0,0,0,0,0,0,0,0,0,0,0
12-46-45,0,31,0,0,0,0,30,32,0,0,0,0,0,0,0,0
12-46-55,0,29,0,0,0,0,0,30,0,0,0,0,0,0,0,0
12-47-05,0,30,0,0,0,0,0,30,0,0,0,0,0,29,0,0
12-47-15,0,30,0,32,0,0,33,32,0,0,0,0,0,29,0,0
12-47-25,0,31,0,33,0,0,0,0,0,0,0,0,0,0,0,0
12-47-35,0,33,0,30,0,0,0,32,0,0,0,0,0,0,0,0
12-47-45,0,33,0,32,0,0,0,0,0,0,0,0,0,0,0,0
12-47-55,0,32,0,36,0,0,0,35,0,0,0,0,0,0,0,0
12-48-05,0,31,0,0,0,0,0,36,0,0,0,0,0,0,0,0
12-48-15,0,32,0,0,0,0,0,36,0,0,0,0,0,0,0,0
12-48-25,0,30,0,0,0,0,0,32,0,0,0,0,0,0,0,0
12-48-35,0,32,0,0,0,0,30,36,0,0,0,0,0,0,0,0
12-48-45,0,29,0,0,0,0,32,33,0,0,0,0,0,0,0,0
12-48-55,0,34,0,0,0,0,31,0,0,0,0,0,0,0,0,0
12-49-05,0,36,0,0,0,0,31,0,0,0,0,0,0,29,0,0
12-49-15,0,34,0,0,0,0,32,0,0,0,0,0,0,32,0,0
12-49-25,0,35,0,30,0,30,33,0,0,0,0,0,0,33,0,0
12-49-35,0,33,0,33,0,29,35,0,0,0,0,0,0,30,0,0
12-49-45,0,36,0,29,0,30,35,38,0,0,0,0,0,33,0,0
12-49-55,0,33,0,0,0,32,32,31,0,0,0,0,0,34,0,0
12-50-05,0,33,0,31,0,31,31,29,0,0,0,0,0,33,0,0
12-50-15,0,35,0,31,0,30,30,0,0,0,0,0,0,33,0,0
12-50-25,0,36,0,32,0,31,33,0,0,0,0,0,0,35,0,0
12-50-35,0,32,0,32,0,30,30,0,0,0,38,0,0,33,0,0
12-50-45,0,31,0,32,0,31,31,0,0,0,33,0,0,33,0,0
12-50-55,0,30,0,33,0,31,32,0,0,0,0,0,0,34,0,0
12-51-05,0,30,0,30,0,31,30,0,0,0,0,0,0,35,0,0
12-51-15,0,30,0,32,0,31,31,0,0,0,0,0,0,35,0,0
12-51-25,0,0,0,29,0,31,0,0,0,0,0,0,0,34,0,0
12-51-35,0,31,0,31,0,31,32,0,0,0,0,0,0,33,0,0
12-51-45,0,34,0,39,0,0,34,33,0,0,35,0,30,32,33,0
12-51-55,0,33,0,35,0,0,35,0,0,0,0,0,31,30,0,31
12-52-05,0,41,0,38,0,30,43,0,0,0,29,0,0,33,35,0
12-52-15,0,35,0,56,0,0,32,0,0,0,0,0,0,31,0,0
12-52-25,0,36,0,34,0,0,46,31,0,0,37,0,29,32,33,0
12-52-35,0,34,0,39,0,29,31,0,0,0,36,0,0,37,34,0
12-52-45,0,32,0,34,30,0,31,0,0,0,0,0,29,36,0,0
12-52-55,0,37,0,37,29,31,38,40,0,0,30,0,37,37,32,0
12-53-05,0,42,0,30,0,0,34,0,0,0,0,0,0,31,36,0
12-53-15,0,41,0,0,0,29,37,0,0,0,0,0,0,34,32,0
12-53-25,0,44,0,32,0,0,32,0,0,0,0,0,0,35,32,0
12-53-35,0,37,0,33,29,0,44,0,0,0,0,0,32,35,0,0
12-53-45,0,32,0,33,0,0,44,0,0,0,0,0,0,33,0,33
12-53-55,0,31,0,35,0,0,43,0,0,0,0,0,0,32,0,31
12-54-05,0,0,0,0,0,0,50,0,0,0,0,0,0,0,0,0
12-54-15,0,0,0,0,0,0,43,0,0,0,0,0,0,0,0,0
12-54-25,0,0,0,0,0,0,51,0,0,0,0,0,0,0,0,0
12-54-35,0,0,0,0,0,0,51,0,0,0,0,0,0,0,0,0
12-54-45,0,0,0,0,0,0,52,0,0,0,0,0,0,0,0,0
12-54-55,0,0,0,0,0,0,51,0,0,0,0,0,0,0,0,0
12-55-05,0,0,0,0,0,0,49,0,0,0,33,0,0,0,0,0
12-55-15,0,37,0,0,0,0,50,0,0,0,0,0,0,0,36,0
12-55-25,0,35,0,0,0,0,49,0,0,0,0,0,0,0,0,0
12-55-35,0,38,0,0,0,0,44,0,0,0,0,0,0,0,0,0
12-55-45,0,37,0,0,0,0,38,0,0,0,0,0,0,0,0,0
12-55-55,0,37,0,0,0,0,50,0,0,0,0,0,0,0,0,0
12-56-05,0,38,0,0,0,0,50,0,0,0,0,0,0,0,0,0
12-56-15,0,36,0,0,0,0,48,0,0,0,0,0,0,0,0,0
12-56-25,0,35,0,0,0,0,48,0,0,0,0,0,0,0,0,0
12-56-35,0,34,0,0,0,0,42,0,0,0,0,0,0,0,0,0
12-56-45,0,34,0,0,0,0,37,0,0,0,0,0,0,0,32,0
12-56-55,0,35,0,0,0,0,41,0,0,0,0,0,0,0,30,0
12-57-05,0,35,0,37,0,0,33,0,0,0,0,0,0,0,31,0
12-57-15,0,31,0,0,0,0,33,0,0,0,0,0,0,0,0,0
12-57-25,0,0,0,0,0,0,45,0,0,0,33,0,0,0,30,0
12-57-35,0,0,0,0,0,0,49,0,0,0,0,0,0,0,0,0
12-57-45,0,0,0,0,0,0,46,0,0,0,0,0,0,0,0,0
12-57-55,0,0,0,0,0,0,44,0,0,0,0,0,0,0,0,0
12-58-05,0,0,0,0,0,0,47,0,0,0,0,0,0,0,0,0
12-58-15,0,0,0,0,0,0,48,0,0,0,0,0,0,0,0,0
12-58-25,0,0,0,0,0,0,47,0,0,0,0,0,0,0,0,0
12-58-35,0,34,0,0,31,29,33,0,0,0,0,0,0,35,30,0
12-58-45,0,34,0,0,0,0,35,0,0,0,0,0,30,0,0,0
12-58-55,0,34,0,0,0,0,34,0,0,0,38,0,30,0,34,0
12-59-05,0,34,0,0,0,0,32,0,0,0,0,0,30,0,33,0
12-59-15,0,35,0,0,0,0,39,0,0,0,0,0,30,34,34,0
12-59-25,0,34,0,0,0,0,41,0,0,0,0,0,0,0,34,0
12-59-35,0,32,0,0,0,0,30,0,0,0,0,0,0,0,33,0
12-59-45,0,32,0,0,0,0,34,0,0,0,0,0,31,0,33,0
12-59-55,0,33,0,0,0,0,34,0,0,0,0,0,0,29,32,0
13-00-05,0,41,0,0,0,0,36,0,0,0,0,0,0,33,32,0
13-00-15,0,30,0,31,0,0,36,0,0,0,0,0,0,38,0,0
13-00-25,0,31,0,35,0,0,44,0,0,0,0,0,0,33,0,0
13-00-35,0,0,0,0,0,0,41,0,0,0,0,0,0,31,0,0
13-00-45,0,0,0,0,0,0,43,0,0,0,0,0,0,31,33,0
13-00-55,0,0,0,0,0,0,44,0,0,0,0,0,0,31,0,0
13-01-05,0,32,0,29,30,0,38,0,0,0,0,0,0,38,31,0
13-01-15,0,0,0,0,0,0,38,0,0,0,0,0,0,0,0,0
13-01-25,0,0,0,0,0,0,33,0,0,0,0,0,0,0,0,0
13-01-35,0,0,0,0,0,0,35,0,0,0,0,0,0,0,0,0
13-01-45,0,0,0,0,0,0,37,0,0,0,0,0,0,0,0,0
13-01-55,0,0,0,0,0,0,35,0,0,0,0,0,0,0,0,0
13-02-05,0,0,0,0,0,0,34,0,0,0,0,0,0,0,0,0
13-02-15,0,0,0,0,0,0,31,0,0,0,0,0,0,0,0,0
13-02-25,0,0,0,0,0,0,35,0,0,0,32,0,0,0,0,0
13-02-35,0,0,0,0,0,0,36,0,0,0,0,0,0,0,0,0
13-02-45,0,0,0,0,0,0,34,0,0,0,0,0,0,0,0,0
13-02-55,0,0,0,0,0,0,34,0,0,0,0,0,0,0,0,0
13-03-05,0,0,0,0,0,0,34,0,0,0,0,0,0,0,0,0
13-03-15,0,0,0,0,0,0,31,0,0,0,0,0,0,0,0,0
13-03-25,0,0,0,0,0,0,32,0,0,0,0,0,0,0,0,0
13-03-35,0,0,0,0,0,0,33,0,0,0,0,0,0,0,0,0
13-03-45,0,33,0,29,30,0,32,32,0,0,0,0,0,38,30,0
13-03-55,0,33,0,0,31,0,34,0,0,0,0,0,0,34,0,0
13-04-05,0,31,0,30,32,0,42,0,0,0,0,0,0,35,0,0
13-04-15,0,30,0,0,0,0,39,0,0,0,0,0,0,32,31,0
13-04-25,0,31,0,0,0,0,35,31,0,0,0,0,0,32,31,0
13-04-35,0,31,0,35,30,0,36,0,0,0,0,0,0,33,0,0
13-04-45,0,31,0,31,0,0,38,0,0,0,0,0,0,30,0,0
13-04-55,0,31,0,36,30,0,0,0,0,0,0,0,0,31,0,0
13-05-05,0,30,0,33,0,0,34,30,0,0,0,0,0,31,0,0
13-05-25,0,0,0,31,0,0,33,0,0,0,0,0,0,0,0,0
13-05-35,0,0,0,31,0,0,40,0,0,0,0,0,0,0,0,0
13-05-45,0,0,0,0,0,0,40,0,0,0,0,0,0,0,0,0
13-05-55,0,0,0,0,0,0,35,0,0,0,0,0,0,0,0,0
13-06-05,0,0,0,0,0,0,39,0,0,0,0,0,0,0,0,0
13-06-15,0,30,0,0,0,0,46,0,0,0,0,0,0,0,0,0
13-06-25,0,0,0,0,0,0,46,0,0,0,0,0,0,0,0,0
13-06-35,0,0,0,0,0,0,44,0,0,0,0,0,0,0,0,0
13-06-45,0,0,0,0,0,0,45,0,0,0,0,0,0,31,34,0
13-06-55,0,29,0,29,0,0,44,0,0,0,0,0,0,30,0,0
13-07-05,0,0,0,30,0,0,38,33,0,0,0,0,0,0,0,0
13-07-15,0,0,0,29,0,0,36,0,0,0,0,0,0,31,0,0
13-07-25,0,0,0,0,0,0,30,0,0,0,0,0,0,32,0,0
13-07-35,0,0,0,0,0,0,41,33,0,0,0,0,0,33,0,0
13-07-45,0,0,0,0,0,0,43,0,0,0,0,0,0,30,0,0
13-07-55,0,0,0,29,0,0,40,0,0,0,0,0,0,32,0,0
13-08-05,0,0,0,29,0,0,39,0,0,0,0,0,0,31,0,0
13-08-15,0,31,0,0,31,31,46,0,0,0,0,0,0,33,31,0
13-08-25,0,32,0,30,32,30,38,0,0,0,0,0,0,37,32,0
13-08-35,0,0,0,0,0,0,30,0,0,0,0,0,0,31,0,0
13-08-45,0,32,0,29,0,0,33,0,0,0,0,0,0,32,0,0
13-08-55,0,0,0,0,0,30,0,0,0,0,0,0,0,29,0,0
13-09-15,0,0,0,0,0,0,32,0,0,0,0,0,0,0,0,0
13-09-45,0,30,0,0,0,30,29,0,0,0,0,0,0,30,0,0
13-09-55,0,31,0,0,0,0,33,0,0,0,0,0,0,31,0,0
13-10-05,0,30,0,0,0,0,30,0,0,0,0,0,0,0,0,0
13-10-15,0,0,0,0,0,0,30,0,0,0,0,0,0,0,0,0
13-10-35,0,30,0,0,0,0,0,0,0,0,0,0,0,30,30,0
13-10-55,0,32,0,0,0,30,0,0,0,0,0,0,0,30,0,0
13-11-05,0,35,0,0,0,0,0,0,0,0,0,0,0,29,0,0
13-11-15,0,30,0,0,30,0,33,0,0,0,0,0,0,31,0,0
13-11-25,0,33,0,36,0,0,30,0,0,0,0,0,0,0,0,0
13-11-35,0,31,0,0,0,0,33,0,0,0,0,0,0,0,0,0
13-11-45,0,30,0,0,0,0,0,0,0,0,0,0,0,0,0,0
13-11-55,0,31,0,0,0,0,0,0,0,0,0,0,0,0,0,0
13-12-05,0,34,0,0,0,0,58,0,0,0,0,0,0,0,0,0
13-12-15,0,37,0,0,0,0,55,0,0,0,0,0,0,0,0,0
13-12-25,0,32,0,33,0,0,37,0,0,0,0,0,0,32,0,0
13-13-05,0,0,0,31,0,0,31,0,0,0,0,0,0,0,0,0
13-13-25,0,0,0,31,0,0,0,0,0,0,0,0,0,0,0,0
13-13-45,0,0,0,46,0,0,0,0,0,0,0,0,0,0,0,0
13-13-55,0,0,0,49,0,0,29,0,0,0,0,0,0,32,0,0
13-14-15,0,0,0,30,0,0,30,0,0,0,0,0,0,0,0,0
13-14-25,0,0,0,38,0,0,0,0,0,0,0,0,0,0,0,0
13-14-35,0,0,0,32,0,0,33,0,0,0,0,0,0,29,0,0
13-14-45,0,30,0,31,0,0,0,0,0,0,0,0,0,0,29,0
13-14-55,0,29,0,36,0,0,34,0,0,0,0,0,0,0,0,0
13-15-05,0,0,0,40,0,0,32,0,0,0,0,0,0,29,0,0
13-15-15,0,0,0,33,0,0,29,0,0,0,0,0,0,31,0,0
13-15-25,0,0,0,34,0,0,29,0,0,0,0,0,0,31,0,0
13-15-35,0,0,0,32,0,0,35,0,0,0,0,0,0,0,0,0
13-15-45,0,0,0,32,0,0,32,0,0,0,0,0,0,0,0,0
13-15-55,0,30,0,35,0,0,32,0,0,0,0,0,0,34,0,0
13-16-05,0,0,0,38,0,0,32,0,0,0,0,0,30,0,0,0
13-16-15,0,0,0,33,0,0,0,0,0,0,0,0,0,32,0,0
13-16-25,0,37,0,32,0,30,0,0,0,0,0,0,0,34,0,0
13-16-35,0,0,0,29,0,0,32,0,0,0,0,0,0,0,0,0
13-16-45,0,0,0,0,0,0,33,0,0,0,0,0,0,0,0,0
13-16-55,0,0,0,0,0,0,30,0,0,0,0,0,0,0,0,0
13-17-05,0,0,0,32,0,0,35,0,0,0,0,0,0,0,0,0
13-17-15,0,0,0,29,0,0,34,0,0,0,0,0,0,0,0,0
13-17-25,0,0,0,30,0,0,31,0,0,0,0,0,0,0,0,0
13-17-35,0,0,0,0,0,0,32,0,0,0,0,0,0,0,0,0
13-17-45,0,0,0,0,0,0,31,0,0,0,0,0,0,0,0,0
13-17-55,0,0,0,0,0,0,33,0,0,0,0,0,0,0,0,0
13-18-05,0,0,0,0,0,0,33,0,0,0,0,0,0,0,0,0
13-18-15,0,0,0,30,0,0,31,0,0,0,0,0,0,0,0,0
13-18-25,0,0,0,0,0,0,31,0,0,0,0,0,0,0,0,0
13-18-35,0,0,0,0,0,0,31,0,0,0,0,0,0,0,0,0
13-18-45,0,0,0,31,0,0,35,0,0,0,0,0,0,0,0,0
13-18-55,0,0,0,0,0,0,41,0,0,0,0,0,0,0,0,0
13-19-05,0,0,0,0,0,0,33,0,0,0,0,0,0,0,0,0
13-19-25,0,0,0,0,0,0,32,0,0,0,0,0,0,0,0,0
13-19-35,0,0,0,0,0,0,29,0,0,0,0,0,0,0,0,0
13-19-45,0,0,0,0,0,0,29,0,0,0,0,0,0,0,0,0
13-19-55,0,0,0,0,0,0,33,0,0,0,0,0,0,0,0,0
13-20-15,0,0,0,0,0,0,38,0,0,0,0,0,0,0,0,30
13-20-25,0,0,0,0,0,0,34,0,0,0,0,0,0,0,0,30
13-20-35,0,0,0,0,0,0,32,0,0,0,0,0,42,0,0,0
13-20-45,0,0,0,0,0,0,46,0,0,0,0,0,0,0,0,0
13-20-55,0,0,0,0,0,0,45,0,0,0,0,0,0,0,0,0
13-21-05,0,0,0,0,0,0,31,0,0,0,0,0,0,0,0,0
13-21-15,0,0,0,0,0,0,31,0,0,0,0,0,0,29,0,0
13-21-25,0,0,0,0,0,0,32,0,0,0,0,0,0,0,0,0
13-21-45,0,30,0,0,0,0,0,0,0,0,0,0,0,30,0,0
13-21-55,0,30,0,0,0,0,30,0,0,0,0,0,0,30,0,0
13-22-05,0,0,0,0,0,0,33,35,0,0,0,0,0,30,0,0
13-22-15,0,32,0,0,0,0,32,0,0,0,0,0,0,33,0,34
13-22-25,0,31,0,0,0,0,31,0,0,0,0,0,0,34,0,0
13-22-35,0,0,0,0,29,0,0,32,0,0,32,0,0,31,32,0
13-22-45,0,0,0,30,0,0,0,0,0,0,0,0,0,0,0,0
13-22-55,0,0,0,31,0,0,0,0,0,0,0,0,0,0,0,0
13-23-05,0,29,0,0,0,0,32,0,0,0,0,0,32,30,0,0
13-23-15,0,33,0,0,0,31,36,0,0,0,0,0,0,32,0,0
13-23-25,0,0,0,0,0,0,0,0,0,0,0,0,0,31,0,0
13-23-35,0,0,0,0,0,0,0,0,0,0,0,0,0,31,0,0
13-23-45,0,0,0,0,0,0,0,0,0,0,0,0,0,31,0,0
13-23-55,0,0,0,0,0,0,0,0,0,0,0,0,0,30,0,0
13-24-05,0,0,0,0,0,0,0,0,0,0,0,0,0,31,0,0
13-24-15,0,0,0,0,0,0,0,0,0,0,0,0,0,31,0,0
13-24-25,0,0,0,0,0,0,0,0,0,0,0,0,0,30,0,0
13-24-35,0,0,0,0,0,0,30,0,0,0,0,0,0,0,0,0
13-25-05,0,0,0,0,0,0,29,0,0,0,0,0,0,31,0,0
13-25-15,0,0,0,0,0,0,0,0,0,0,0,0,0,30,0,0
13-25-25,0,0,0,33,0,0,0,0,0,0,0,0,0,30,0,0
13-25-35,0,0,0,0,0,0,0,0,0,0,0,0,0,29,0,0
13-25-45,0,0,0,0,0,0,0,0,0,0,0,0,0,29,0,0
13-25-55,0,0,0,30,0,0,0,0,0,0,0,0,36,30,0,0
13-26-05,0,0,0,0,0,0,0,0,0,0,0,0,0,29,0,0
13-27-35,0,0,0,30,0,0,0,0,0,0,0,0,0,0,0,0
13-28-15,0,0,0,0,0,0,30,0,0,0,0,0,0,0,0,0
13-28-35,0,0,0,0,0,0,0,0,0,0,0,0,0,29,0,0
13-28-45,0,0,0,0,0,0,0,0,0,0,0,0,38,32,0,0
13-28-55,0,0,0,0,0,0,0,0,0,0,0,0,30,0,0,0
13-29-25,0,32,0,0,0,31,32,32,0,0,0,0,0,31,0,0
13-29-35,0,34,0,0,31,31,0,0,0,0,0,0,0,33,29,0
13-29-45,0,31,0,0,29,30,31,36,0,0,0,0,0,32,0,0
13-29-55,0,0,0,0,0,0,30,0,0,0,0,0,0,31,29,0
13-30-15,0,31,0,0,32,30,32,0,0,0,0,0,0,30,0,0
13-30-25,0,0,0,0,0,0,31,0,0,0,0,0,0,32,0,0
13-30-35,0,0,0,0,0,0,0,0,0,0,0,0,0,31,0,0
13-30-45,0,0,0,0,0,0,0,0,0,0,0,0,0,30,0,0
13-30-55,0,0,0,0,0,0,0,0,0,0,0,0,0,30,0,0
13-31-05,0,30,0,0,0,0,0,0,0,0,0,0,0,34,0,0
13-31-15,0,38,0,0,32,31,0,0,0,0,0,0,0,40,0,0
13-31-25,0,40,0,0,32,34,0,0,0,0,0,0,0,39,0,0
13-31-35,0,33,0,0,31,34,30,0,0,0,0,0,0,32,0,0
13-31-45,0,30,0,0,0,30,0,0,0,0,0,0,0,31,0,0
13-31-55,0,0,0,0,29,29,35,0,0,0,0,0,0,31,0,0
13-32-05,0,37,0,0,36,34,32,0,0,0,0,0,0,37,35,0
13-32-15,0,0,0,0,29,0,0,0,0,0,0,0,0,32,36,0
13-32-25,0,0,0,0,29,0,0,0,0,0,0,0,0,33,36,0
13-32-35,0,0,0,0,29,0,0,0,0,0,0,0,0,33,36,0
13-32-45,0,31,0,0,34,0,0,0,0,0,0,0,0,36,36,0
13-32-55,0,36,0,0,33,31,0,0,0,0,0,0,0,37,34,0
13-33-05,0,31,0,0,36,31,0,0,0,0,0,0,0,35,34,0
13-33-15,0,29,0,0,38,29,0,0,0,0,0,0,0,31,34,0
13-33-25,0,33,0,0,41,32,0,0,0,0,0,0,0,34,33,0
13-33-35,0,31,0,0,39,33,0,0,0,0,0,0,0,35,31,0
13-33-45,0,32,0,0,36,30,0,0,0,0,0,0,0,35,34,0
13-33-55,0,30,0,0,35,30,0,0,0,0,0,0,0,32,32,0
13-34-05,0,29,0,0,31,30,0,0,0,0,0,0,0,33,0,0
13-34-15,0,30,0,0,31,30,31,0,0,0,0,0,0,34,29,0
13-34-25,0,0,0,0,33,0,0,0,0,0,0,0,0,29,0,0
13-34-35,0,0,0,0,33,0,0,0,0,0,0,0,0,0,0,0
13-34-45,0,0,0,0,34,0,34,0,0,0,0,0,0,0,0,0
13-34-55,0,0,0,0,31,0,0,0,0,0,0,0,0,30,0,0
13-35-05,0,32,0,0,37,31,0,0,0,0,0,0,0,33,32,0
13-35-15,0,34,0,0,30,32,31,0,0,0,0,0,0,33,31,0
13-35-25,0,33,0,0,32,30,33,36,0,0,0,0,0,33,0,0
13-35-35,0,30,0,0,0,0,34,0,0,0,0,0,0,29,0,0
13-35-45,0,34,0,0,32,32,0,0,0,0,0,0,0,34,33,0
13-35-55,0,35,0,0,36,33,29,0,0,0,0,0,0,38,33,0
13-36-05,0,39,0,0,33,34,0,36,0,0,0,0,0,38,31,0
13-36-15,0,36,0,0,37,32,0,0,0,0,0,0,0,36,33,0
13-36-25,0,38,0,0,29,33,31,0,0,0,0,0,0,33,0,0
13-36-35,0,33,0,0,30,30,35,0,0,0,0,0,0,32,29,0
13-36-55,0,29,0,0,0,0,0,0,0,0,0,0,0,0,0,0
13-37-05,0,35,0,0,0,31,0,0,0,0,0,0,0,36,32,0
13-37-15,0,33,0,0,0,0,34,0,0,0,0,0,0,34,0,0
13-37-25,0,32,0,0,0,0,0,0,0,0,0,0,0,37,0,0
13-37-35,0,31,0,0,0,0,32,0,0,0,0,0,0,36,0,0
13-37-45,0,36,0,0,33,32,35,0,0,0,0,0,0,35,33,0
13-37-55,0,0,0,0,0,0,29,33,0,0,0,0,0,0,0,0
13-38-05,0,30,0,0,0,0,0,0,0,0,0,0,0,35,0,0
13-38-25,0,0,0,0,0,0,0,0,0,0,30,0,0,0,0,0
13-38-35,0,0,0,31,0,0,0,0,0,0,32,0,0,0,0,0
13-38-45,0,0,0,33,0,0,0,0,0,0,34,0,0,0,0,0
13-38-55,0,0,0,36,0,0,0,0,0,0,32,0,0,0,0,0
13-39-05,0,34,0,0,0,0,35,33,0,0,0,0,0,32,0,0
13-39-15,0,33,0,0,0,31,33,0,0,0,0,0,0,36,33,0
13-39-25,0,29,0,0,31,0,30,0,0,0,0,0,0,0,0,0
13-39-35,0,0,0,0,0,0,31,0,0,0,0,0,0,0,0,0
13-39-45,0,0,0,31,0,0,0,0,0,0,0,0,0,0,0,0
13-40-15,0,0,0,35,0,0,0,0,0,0,31,0,0,0,0,0
13-40-25,0,0,0,0,0,0,0,0,0,0,33,0,0,0,0,0
13-40-55,0,0,0,29,0,0,0,0,0,0,0,0,0,0,0,0
13-41-05,0,0,0,29,0,0,0,0,0,0,0,0,0,0,0,0
13-41-45,0,0,0,30,0,0,0,0,0,0,0,0,0,0,0,0
13-41-55,0,0,0,30,0,0,0,0,0,0,0,0,0,0,0,0
13-42-05,0,0,0,29,0,0,0,0,0,0,0,0,0,0,0,0
13-42-45,0,0,0,29,0,0,0,0,0,0,0,0,0,0,0,0
13-43-15,0,0,0,31,0,0,0,0,0,0,30,0,0,0,0,0
13-43-25,0,0,0,31,0,0,0,0,0,0,0,0,0,0,0,0
13-43-35,0,0,0,31,0,0,0,0,0,0,0,0,0,0,0,0
13-44-45,0,0,0,0,0,0,29,0,0,0,30,0,0,30,0,0
13-45-15,0,0,0,0,0,0,34,0,0,0,0,0,0,31,0,0
13-46-25,0,0,0,0,0,0,30,0,0,0,0,0,0,0,0,0
13-46-35,0,29,0,0,0,0,0,0,0,0,32,0,0,34,0,0
13-46-45,0,0,0,0,0,0,29,0,0,0,0,0,0,0,0,0
13-47-05,0,0,0,0,0,0,0,0,0,0,0,0,30,31,0,0
13-47-15,0,0,0,31,0,0,0,0,0,0,0,0,29,0,0,0
13-47-25,0,0,0,31,0,0,0,0,0,0,31,0,0,0,0,0
13-47-45,0,0,0,35,0,0,0,0,0,0,30,0,0,0,0,0
13-47-55,0,0,0,34,0,0,0,0,0,0,0,0,0,0,0,0
13-48-05,0,0,0,34,0,0,0,0,0,0,29,0,0,0,0,0
13-48-15,0,0,0,35,0,0,0,0,0,0,0,0,0,0,0,0
13-48-25,0,0,0,34,0,0,0,0,0,0,0,0,0,0,0,0
13-48-55,0,0,0,32,0,0,0,0,0,0,0,0,0,0,0,0
13-49-05,0,0,0,36,0,0,0,0,0,0,0,0,31,0,0,0
13-55-45,0,0,0,0,0,0,0,0,0,0,0,0,29,0,0,0
13-56-35,0,0,0,0,0,0,0,0,0,0,0,0,35,0,0,0
13-56-45,0,0,0,0,0,0,0,0,0,0,0,0,30,0,0,0
13-56-55,0,0,0,0,0,0,0,0,0,0,0,0,36,0,0,0
13-57-05,0,0,0,0,0,0,0,0,0,0,0,0,30,0,0,0
13-57-25,0,0,0,0,0,0,0,0,0,0,0,0,31,0,0,0
13-57-35,0,0,0,0,0,0,0,0,0,0,0,0,31,0,0,0
13-57-45,0,0,0,0,0,0,0,0,0,0,0,0,37,0,0,0
13-57-55,0,0,0,0,0,0,0,0,0,0,0,0,36,0,0,0
13-58-05,0,0,0,0,0,0,0,0,0,0,29,0,0,0,0,0
13-58-15,0,0,0,0,0,0,0,0,0,0,33,0,0,0,0,0
13-58-25,0,0,0,0,0,0,0,0,0,0,31,0,0,0,0,0
14-02-05,0,31,0,31,0,0,30,0,0,0,31,0,0,32,0,0
14-02-15,0,0,0,0,0,0,29,0,0,0,0,0,0,32,0,0
14-02-25,0,34,0,32,32,0,31,0,0,0,0,0,0,32,0,0
14-02-35,0,0,0,0,0,0,29,0,0,0,0,0,0,0,0,0
14-02-45,0,32,0,31,32,32,33,0,0,0,0,0,0,35,31,0
14-02-55,0,0,0,0,0,0,38,0,0,0,0,0,0,0,0,0
14-03-35,0,0,0,0,0,0,29,0,0,0,32,0,0,0,0,0
14-03-55,0,0,0,0,0,0,31,0,0,0,0,0,0,0,0,0
14-04-05,0,0,0,0,0,0,35,0,0,0,0,0,30,0,0,0
14-04-15,0,0,0,0,0,0,38,0,0,0,0,0,29,0,0,0
14-04-25,0,0,0,0,0,0,39,0,0,0,0,0,31,0,0,0
14-04-35,0,0,0,0,0,0,34,0,0,0,0,0,30,0,0,0
14-04-45,0,0,0,0,0,0,33,32,0,0,0,0,32,0,0,0
14-04-55,0,31,0,30,0,0,0,0,0,0,31,0,0,31,0,0
14-05-05,0,34,0,48,30,29,0,0,0,0,0,0,0,33,0,0
14-05-15,0,0,0,32,0,0,0,0,0,0,0,0,0,0,30,0
14-05-25,0,0,0,0,0,0,31,0,0,0,0,0,0,0,0,0
14-05-35,0,0,0,0,0,0,31,0,0,0,0,0,0,0,0,0
14-05-45,0,0,0,0,0,0,32,0,0,0,0,0,0,0,0,0
14-05-55,0,0,0,0,0,0,30,38,0,0,0,0,0,0,0,0
14-06-05,0,0,0,0,0,0,0,0,0,0,29,0,0,0,0,0
14-06-15,0,0,0,0,0,0,34,0,0,0,0,0,0,0,0,0
14-06-25,0,30,0,0,0,0,41,0,0,0,33,0,30,30,0,0
14-06-35,0,0,0,35,0,0,30,0,0,0,0,0,0,0,0,0
14-06-45,0,0,0,36,0,0,30,0,0,0,0,0,0,0,0,0
14-06-55,0,0,0,39,0,0,0,0,0,0,0,0,0,0,0,0
14-07-05,0,0,0,42,0,0,0,0,0,0,0,0,0,0,0,0
14-07-15,0,0,0,50,0,0,0,0,0,0,0,0,0,0,0,0
14-07-25,0,0,0,38,0,0,0,0,0,0,0,0,0,0,0,0
14-07-35,0,0,0,43,0,0,0,0,0,0,0,0,0,0,0,0
14-07-45,0,0,0,40,0,0,0,0,0,0,0,0,0,0,0,0
14-07-55,0,34,0,34,29,29,35,0,0,0,0,0,0,33,0,0
14-08-15,0,35,0,31,32,32,35,0,0,0,0,0,0,37,0,0
14-08-25,0,0,0,34,0,0,33,0,0,0,0,0,0,30,0,0
14-08-35,0,38,0,0,0,32,44,0,0,0,0,0,0,33,0,0
14-08-45,0,31,0,32,31,31,31,0,0,0,0,0,0,38,31,0
14-08-55,0,0,0,0,0,0,32,0,0,0,0,0,34,0,0,0
14-09-05,0,29,0,32,30,0,31,0,0,0,0,0,0,32,0,0
14-09-15,0,30,0,0,0,0,32,0,0,0,0,0,0,34,0,0
14-09-25,0,31,0,0,0,32,30,0,0,0,0,0,0,34,0,0
14-09-35,0,0,0,0,0,33,34,0,0,0,0,0,0,38,0,0
14-09-45,0,33,0,0,29,30,29,0,0,0,0,0,0,34,0,0
14-09-55,0,32,0,29,0,30,31,0,0,0,0,0,0,0,0,0
14-10-05,0,32,0,0,32,31,35,0,0,0,0,0,0,36,29,0
14-10-15,0,29,0,30,0,32,31,0,0,0,0,0,0,29,0,0
14-10-25,0,0,0,0,0,0,34,0,0,0,0,0,0,0,0,0
14-10-35,0,0,0,0,0,0,36,0,0,0,30,0,0,0,0,0
14-10-45,0,0,0,32,0,0,33,0,0,0,35,0,33,31,0,0
14-10-55,0,30,0,0,0,0,33,0,0,0,0,0,0,33,0,0
14-11-05,0,34,0,0,31,0,35,0,0,0,0,0,30,30,0,0
14-11-15,0,30,0,30,0,0,36,0,0,0,0,0,0,31,0,0
14-11-25,0,29,0,38,29,0,0,0,0,0,0,0,36,0,0,0
14-11-35,0,29,0,0,0,0,0,0,0,0,0,0,0,0,0,0
14-11-45,0,29,0,0,0,0,0,0,0,0,0,0,0,0,0,0
14-11-55,0,29,0,0,0,0,0,0,0,0,0,0,0,0,0,0
14-12-05,0,30,0,0,0,0,0,0,0,0,0,0,0,0,0,0
14-12-15,0,0,0,0,32,29,32,0,0,0,0,0,0,33,0,0
14-12-25,0,0,0,0,0,29,29,0,0,0,0,0,0,30,0,0
14-12-35,0,0,0,0,0,0,0,0,0,0,0,0,0,31,0,0
14-12-55,0,0,0,0,0,0,30,0,0,0,0,0,0,0,0,0
14-13-15,0,0,0,0,0,0,0,0,0,0,0,0,29,0,0,0
14-13-35,0,0,0,0,0,0,30,0,0,0,0,0,0,0,0,0
14-13-45,0,0,0,0,0,0,0,0,0,0,29,0,0,0,0,0
14-14-05,0,0,0,0,0,0,0,0,0,0,29,0,29,0,0,0
14-14-25,0,0,0,0,0,0,0,0,0,0,0,0,36,0,0,0
14-14-35,0,0,0,0,0,0,0,0,0,0,34,0,0,0,0,0
14-14-45,0,0,0,31,30,0,34,0,0,0,0,0,0,32,0,0
14-14-55,0,0,0,29,0,0,35,0,0,0,0,0,0,33,0,0
14-15-05,0,32,0,0,0,0,33,0,0,0,0,0,0,30,0,0
14-15-15,0,29,0,29,0,0,0,0,0,0,0,0,0,31,0,0
14-15-25,0,29,0,33,0,30,0,0,0,0,0,0,0,32,0,0
14-15-35,0,0,0,33,0,0,0,0,0,0,0,0,0,0,0,0
14-15-45,0,0,0,29,31,0,29,0,0,0,0,0,0,29,0,0
14-15-55,0,31,0,33,0,29,0,0,0,0,0,0,0,0,0,0
14-16-05,0,0,0,31,0,30,33,0,0,0,0,0,0,31,0,0
14-16-15,0,31,0,31,0,29,31,0,0,0,0,0,0,30,0,0
14-16-25,0,33,0,36,29,32,36,0,0,0,0,0,0,34,0,0
14-16-35,0,33,0,31,0,32,31,0,0,0,0,0,0,32,0,0
14-16-45,0,0,0,0,31,0,0,0,0,0,0,0,0,31,0,0
14-16-55,0,29,0,0,0,0,0,0,0,0,0,0,0,30,0,0
14-17-05,0,30,0,33,32,0,0,0,0,0,0,0,0,30,0,0
14-17-15,0,31,0,30,0,0,0,0,0,0,0,0,0,30,0,0
14-17-25,0,29,0,31,0,0,0,0,0,0,0,0,0,0,0,0
14-17-35,0,0,0,0,0,0,0,0,0,0,0,0,0,32,0,0
14-17-45,0,33,0,35,29,29,0,0,0,0,0,0,0,33,30,0
14-17-55,0,0,0,0,29,0,0,0,0,0,0,0,0,0,0,0
14-18-05,0,0,0,0,0,0,29,0,0,0,0,0,0,33,0,0
14-18-15,0,0,0,0,31,29,31,0,0,0,0,0,0,33,0,0
14-18-25,0,33,0,0,0,30,30,0,0,0,0,0,0,32,0,32
14-18-35,0,0,0,0,0,0,34,0,0,0,0,0,0,31,0,0
14-18-45,0,30,0,0,0,0,0,0,0,0,0,0,0,31,0,0
14-18-55,0,29,0,0,0,0,32,0,0,0,0,0,0,30,0,0
14-19-05,0,29,0,0,0,0,32,0,0,0,0,0,0,30,0,0
14-19-15,0,30,0,0,0,0,33,0,0,0,0,0,0,30,0,0
14-19-25,0,31,0,32,30,31,31,0,0,0,0,0,0,36,0,0
14-19-45,0,0,0,0,0,29,31,0,0,0,0,0,0,0,0,0
14-19-55,0,0,0,0,0,0,0,43,0,0,0,0,0,0,0,0
14-20-05,0,0,0,40,0,0,0,0,0,0,33,0,0,31,0,0
14-20-15,0,0,0,33,0,0,0,0,0,0,0,0,0,29,0,0
14-20-25,0,0,0,41,0,0,30,0,0,0,32,0,0,0,0,0
14-20-35,0,0,0,33,0,0,0,0,0,0,0,0,33,0,0,0
14-20-45,0,0,0,0,29,29,29,0,0,0,0,0,0,31,32,0
14-20-55,0,32,0,0,0,0,32,0,0,0,0,0,0,32,0,0
14-21-05,0,30,0,0,0,0,0,0,0,0,0,0,0,30,0,0
14-21-15,0,30,0,0,29,0,0,0,0,0,0,0,0,33,0,0
14-22-15,0,0,0,29,0,0,0,0,0,0,0,0,0,0,0,0
14-22-45,0,0,0,0,0,0,31,0,0,0,0,0,0,0,0,0
14-22-55,0,29,0,0,0,31,32,0,0,0,0,0,0,31,0,0
14-23-05,0,30,0,0,0,0,32,0,0,0,0,0,0,0,0,0
14-23-15,0,0,0,0,0,0,35,0,0,0,0,0,0,31,0,0
14-23-25,0,29,0,0,0,0,33,0,0,0,0,0,0,0,0,0
14-23-45,0,40,0,0,0,33,34,0,0,0,0,0,0,32,0,0
14-24-25,0,0,0,0,0,0,32,0,0,0,0,0,0,0,0,0
14-25-15,0,0,0,0,0,0,31,0,0,0,0,0,0,0,0,0
14-25-25,0,0,0,0,0,29,32,0,0,0,0,0,0,0,0,0
14-25-35,0,0,0,0,0,0,33,0,0,0,0,0,0,31,0,0
14-25-45,0,29,0,0,0,0,30,0,0,0,0,0,0,32,0,0
14-25-55,0,0,0,0,0,0,32,0,0,0,0,0,0,0,0,0
14-26-05,0,0,0,0,0,0,31,0,0,0,0,0,0,31,0,0
14-26-15,0,0,0,0,0,0,32,0,0,0,0,0,0,29,0,0
14-26-25,0,0,0,0,0,0,31,0,0,0,0,0,0,31,0,0
14-26-35,0,0,0,34,0,0,29,0,0,0,0,0,0,31,0,0
14-26-45,0,0,0,39,31,0,0,0,0,0,0,0,0,0,0,0
14-27-05,0,0,0,0,30,0,0,0,0,0,0,0,0,31,0,0
14-27-15,0,32,0,0,0,0,0,0,0,0,0,0,0,29,0,0
14-27-25,0,30,0,0,0,0,34,0,0,0,0,0,0,31,0,0
14-27-35,0,0,0,0,0,29,0,0,0,0,0,0,0,30,0,0
14-27-45,0,0,0,31,29,0,30,0,0,0,0,0,0,0,0,0
14-27-55,0,31,0,0,31,31,31,0,0,0,0,0,0,32,0,0
14-28-05,0,33,0,0,0,31,32,0,0,0,0,0,0,30,0,0
14-28-15,0,0,0,34,0,0,0,0,0,0,0,0,0,0,0,0
14-28-25,0,0,0,32,0,30,0,0,0,0,0,0,0,0,0,0
14-28-35,0,0,0,30,32,31,33,0,0,0,0,0,0,0,0,0
14-28-45,0,0,0,0,0,0,0,0,0,0,0,0,31,0,0,0
14-28-55,0,0,0,0,0,0,0,34,0,0,0,0,31,0,0,0
14-29-05,0,0,0,0,0,0,0,0,0,0,0,0,34,0,0,0
14-29-15,0,0,0,0,0,0,0,0,0,0,0,0,30,0,0,0
14-29-25,0,0,0,0,0,0,0,0,0,0,0,0,34,0,0,0
14-29-35,0,0,0,0,0,0,0,35,0,0,0,0,39,0,0,0
14-29-45,0,0,0,0,0,0,0,0,0,0,35,0,0,0,0,0
14-29-55,0,0,0,0,0,0,0,0,0,0,36,0,0,0,0,0
14-30-05,0,29,0,30,0,0,33,0,0,0,0,0,0,30,0,0
14-30-25,0,0,0,33,0,0,0,0,0,0,0,0,0,30,0,0
14-30-35,0,29,0,40,0,0,0,0,0,0,0,0,0,32,0,0
14-30-45,0,0,0,29,0,0,0,0,0,0,0,0,0,0,0,0
14-30-55,0,0,0,33,0,0,0,0,0,0,0,0,0,0,0,0
14-31-15,0,34,0,0,0,0,0,0,0,0,0,0,0,31,0,29
14-31-25,0,29,0,0,30,29,0,0,0,0,0,0,0,31,0,0
14-31-35,0,0,0,44,0,0,33,0,0,0,0,0,0,0,0,0
14-31-45,0,0,0,0,0,0,36,0,0,0,0,0,0,0,0,0
14-31-55,0,0,0,0,0,0,32,0,0,0,0,0,0,0,0,0
14-32-05,0,0,0,0,0,0,0,0,0,0,34,0,0,30,0,0
14-32-15,0,0,0,0,0,0,0,0,0,0,32,0,31,0,0,0
14-32-25,0,0,0,31,32,0,0,0,0,0,0,0,0,33,0,0
14-32-35,0,0,0,39,0,0,0,0,0,0,0,0,0,0,0,0
14-32-45,0,0,0,32,30,30,0,0,0,0,0,0,0,0,0,0
14-32-55,0,31,0,0,0,0,0,0,0,0,0,0,0,35,0,0
14-33-05,0,0,0,0,0,0,34,0,0,0,30,0,0,0,0,0
14-33-15,0,0,0,0,0,0,39,0,0,0,0,0,0,0,0,0
14-33-25,0,0,0,0,0,0,53,0,0,0,0,0,30,0,0,0
14-33-35,0,0,0,0,0,0,0,0,0,0,0,0,0,31,0,0
14-33-45,0,0,0,0,30,0,0,0,0,0,0,0,0,0,31,0
14-33-55,0,0,0,0,0,0,0,0,0,0,0,0,0,32,0,0
14-34-05,0,0,0,0,29,0,0,0,0,0,0,0,0,0,0,0
14-34-15,0,31,0,31,0,0,0,0,0,0,0,0,0,34,0,0
14-34-25,0,0,0,0,0,30,0,0,0,0,0,0,0,31,0,0
14-34-35,0,0,0,30,0,0,0,38,0,0,0,0,0,35,0,0
14-34-45,0,33,0,33,32,33,0,0,0,0,0,0,0,33,0,0
14-34-55,0,33,0,34,0,31,0,0,0,0,0,0,0,0,0,0
14-35-05,0,32,0,33,0,32,0,38,0,0,0,0,0,33,0,0
14-35-15,0,0,0,30,30,0,0,0,0,0,0,0,0,0,0,0
14-35-25,0,32,0,37,0,31,0,0,0,0,0,0,0,35,0,0
14-35-35,0,32,0,31,0,0,0,0,0,0,0,0,0,32,30,0
14-35-45,0,0,0,0,0,0,0,0,0,0,0,0,0,31,0,0
14-35-55,0,0,0,0,0,29,0,0,0,0,0,0,0,32,0,0
14-36-05,0,29,0,0,0,0,0,0,0,0,0,0,0,31,0,0
14-36-15,0,32,0,0,0,0,0,31,0,0,0,0,0,33,0,0
14-36-25,0,32,0,32,33,0,0,34,0,0,0,0,0,34,0,0
14-36-35,0,35,0,0,0,30,0,35,0,0,0,0,0,38,0,0
14-36-45,0,31,0,35,0,31,0,0,0,0,0,0,0,32,0,0
14-36-55,0,33,0,34,0,34,0,0,0,0,0,0,0,39,0,0
14-37-05,0,33,0,0,0,30,0,0,0,0,0,0,0,31,0,0
14-37-15,0,34,0,0,0,32,0,0,0,0,0,0,0,30,0,0
14-37-25,0,35,0,0,0,37,0,0,0,0,0,0,0,36,0,0
14-37-35,0,35,0,0,29,0,0,0,0,0,0,0,0,32,34,0
14-37-45,0,33,0,0,0,0,0,0,0,0,0,0,0,34,34,0
14-37-55,0,39,0,0,34,34,0,37,0,0,0,0,0,40,34,0
14-38-05,0,0,0,0,35,0,0,0,0,0,0,0,0,34,0,0
14-38-15,0,0,0,0,36,29,0,29,0,0,0,0,0,32,0,0
14-38-25,0,0,0,30,39,0,0,31,0,0,0,0,0,31,30,0
14-38-35,0,0,0,0,38,0,0,31,0,0,0,0,0,32,29,0
14-38-45,0,0,0,33,40,0,0,32,0,0,0,0,0,37,33,0
14-38-55,0,0,0,32,40,0,0,34,0,0,0,0,0,36,34,0
14-39-05,0,0,0,31,38,0,0,32,0,0,0,0,0,0,29,0
14-39-15,0,0,0,30,39,0,0,34,0,0,0,0,0,31,31,0
14-39-25,0,0,0,32,38,0,0,34,0,0,0,0,0,31,30,0
14-39-35,0,35,0,31,39,32,0,37,0,0,0,0,0,35,38,0
14-39-45,0,31,0,30,38,34,0,36,0,0,0,0,0,33,38,0
14-39-55,0,32,0,31,46,32,0,42,0,0,0,0,0,33,37,0
14-40-05,0,33,0,0,39,34,0,40,0,0,0,0,0,33,35,0
14-40-15,0,30,0,0,38,0,0,38,0,0,0,0,0,0,30,0
14-40-25,0,31,0,0,41,30,0,40,0,0,0,0,0,0,32,0
14-40-35,0,31,0,36,43,31,0,40,0,0,0,0,0,35,33,0
14-40-45,0,0,0,36,39,30,0,35,0,0,0,0,0,33,36,0
14-40-55,0,0,0,37,43,33,0,40,0,0,0,0,0,36,34,0
14-41-05,0,0,0,34,41,30,0,37,0,0,0,0,0,36,33,0
14-41-15,0,31,0,33,45,31,0,38,0,0,0,0,0,33,38,0
14-41-25,0,30,0,35,41,29,0,37,0,0,0,0,0,35,34,0
14-41-35,0,29,0,37,41,30,0,36,0,0,0,0,0,30,32,0
14-41-45,0,29,0,36,37,32,0,35,0,0,0,0,0,36,37,0
14-41-55,0,31,0,40,45,31,0,39,0,0,0,0,0,37,37,0
14-42-05,0,32,0,36,39,0,0,37,0,0,0,0,0,35,37,0
14-42-15,0,32,0,40,33,32,0,37,0,0,0,0,0,37,36,0
14-42-25,0,34,0,36,38,33,0,35,0,0,0,0,0,37,35,0
14-42-35,0,39,0,0,53,34,0,46,0,0,0,0,0,40,39,0
14-42-45,0,41,0,0,48,31,0,44,0,0,0,0,0,39,35,0
14-42-55,0,39,0,0,49,32,0,42,0,0,0,0,0,39,37,0
14-43-05,0,34,0,0,40,33,0,42,0,0,0,0,0,41,37,0
14-43-15,0,31,0,0,35,30,0,32,0,0,0,0,0,35,39,0
14-43-25,0,31,0,32,40,31,0,35,0,0,0,0,0,35,39,0
14-43-35,0,0,0,34,40,0,0,35,0,0,0,0,0,34,40,0
14-43-45,0,0,0,35,41,0,0,36,0,0,0,0,0,34,38,0
14-43-55,0,0,0,33,37,0,0,35,0,0,0,0,0,35,36,0
14-44-05,0,0,0,34,38,0,0,36,0,0,0,0,0,33,35,0
14-44-15,0,29,0,32,37,0,0,33,0,0,0,0,0,33,34,0
14-44-25,0,30,0,35,39,0,33,35,0,0,0,0,0,33,34,0
14-44-35,0,30,0,35,37,0,32,34,0,0,0,0,0,34,36,0
14-44-45,0,30,0,34,39,0,0,36,0,0,0,0,0,34,35,0
14-44-55,0,0,0,33,37,0,0,35,0,0,0,0,38,35,38,0
14-45-05,0,31,0,36,43,31,0,39,0,0,0,0,0,39,36,0
14-45-15,0,0,0,31,39,29,0,36,0,0,0,0,0,35,36,0
14-45-25,0,29,0,36,39,0,0,35,0,0,0,0,0,34,37,0
14-45-35,0,29,0,31,38,0,0,36,0,0,0,0,0,34,36,0
14-45-45,0,29,0,31,40,0,0,36,0,0,0,0,0,36,35,0
14-45-55,0,30,0,32,41,30,0,36,0,0,0,0,0,36,36,0
14-46-05,0,29,0,36,38,0,0,36,0,0,0,0,0,36,37,0
14-46-15,0,0,0,0,39,0,0,37,0,0,0,0,0,35,37,0
14-46-25,0,30,0,0,38,0,0,36,0,0,0,0,29,34,34,0
14-46-35,0,30,0,0,39,0,0,37,0,0,0,0,0,34,35,0
14-46-45,0,30,0,0,36,0,0,35,0,0,0,0,0,34,35,0
14-46-55,0,0,0,0,38,0,0,35,0,0,0,0,0,34,35,0
14-47-05,0,29,0,0,38,0,0,37,0,0,0,0,0,35,36,0
14-47-15,0,31,0,0,39,29,0,37,0,0,0,0,0,38,38,0
14-47-25,0,0,0,0,40,0,0,36,0,0,0,0,0,37,36,0
14-47-35,0,29,0,34,40,0,0,36,0,0,0,0,0,38,38,0
14-47-45,0,32,0,33,41,0,0,36,0,0,0,0,0,40,39,0
14-47-55,0,30,0,30,38,0,0,34,0,0,0,0,0,34,32,0
14-48-05,0,30,0,41,45,31,0,39,0,0,0,0,0,39,36,0
14-48-15,0,29,0,44,46,31,0,39,0,0,0,0,0,41,35,0
14-48-25,0,30,0,35,45,31,0,40,0,0,0,0,0,41,35,0
14-48-35,0,30,0,34,45,32,0,41,0,0,0,0,0,40,36,0
14-48-45,0,0,0,34,38,0,0,35,0,0,0,0,0,35,38,0
14-48-55,0,0,0,36,36,0,0,35,0,0,0,0,0,31,36,0
14-49-05,0,0,0,35,45,29,0,39,0,0,0,0,0,36,35,0
14-49-15,0,0,0,0,39,0,0,36,0,0,0,0,0,31,35,0
14-49-25,0,33,0,30,39,29,0,36,0,0,0,0,0,41,37,0
14-49-35,0,32,0,0,37,30,0,35,0,0,0,0,0,38,40,0
14-49-45,0,29,0,32,34,30,0,32,0,0,0,0,0,32,33,0
14-49-55,0,30,0,29,37,32,0,36,0,0,0,0,0,40,36,0
14-50-05,0,30,0,0,34,30,0,34,0,0,0,0,0,35,37,0
14-50-15,0,30,0,0,39,32,0,36,0,0,0,0,0,37,36,0
14-50-25,0,34,0,0,37,31,0,33,0,0,0,0,0,35,36,0
14-50-35,0,29,0,0,40,30,0,38,0,0,0,0,0,35,39,0
14-50-45,0,31,0,0,44,33,0,42,0,0,0,0,0,34,32,0
14-50-55,0,31,0,29,38,34,0,40,0,0,0,0,0,39,37,0
14-51-05,0,0,0,0,40,0,0,41,0,0,0,0,0,39,34,0
14-51-15,0,30,0,0,43,29,0,42,0,0,0,0,0,39,33,0
14-51-25,0,29,0,0,42,32,0,40,0,0,0,0,0,38,33,0
14-51-35,0,0,0,0,42,31,0,40,0,0,0,0,0,35,33,0
14-51-45,0,30,0,32,45,38,0,38,0,0,0,0,0,43,35,0
14-51-55,0,0,0,0,44,35,0,39,0,0,0,0,0,42,33,0
14-52-05,0,31,0,0,41,35,0,36,0,0,0,0,0,41,33,0
14-52-15,0,31,0,0,42,30,0,35,0,0,0,0,0,37,40,0
14-52-25,0,31,0,0,45,0,0,35,0,0,0,0,0,36,42,0
14-52-35,0,34,0,0,37,32,0,33,0,0,0,0,0,40,39,0
14-52-45,0,30,0,0,42,0,0,32,0,0,0,0,0,41,40,0
14-52-55,0,31,0,0,45,0,0,34,0,0,0,0,0,36,41,0
14-53-05,0,31,0,0,41,33,0,40,0,0,0,0,0,40,37,0
14-53-15,0,34,0,0,42,0,0,33,0,0,0,0,0,37,40,0
14-53-25,0,33,0,0,40,0,0,30,0,0,0,0,0,37,37,0
14-53-35,0,32,0,0,40,0,0,30,0,0,0,0,0,37,37,0
14-53-45,0,33,0,0,39,29,0,30,0,0,0,0,0,39,37,0
14-53-55,0,0,0,0,36,31,0,29,0,0,0,0,0,37,35,0
14-54-05,0,30,0,0,35,31,0,35,0,0,0,0,0,36,36,0
14-54-15,0,33,0,29,42,0,0,30,0,0,0,0,0,37,40,0
14-54-25,0,31,0,0,45,30,0,38,0,0,0,0,0,36,36,0
14-54-35,0,0,0,0,45,0,0,37,0,0,0,0,0,31,35,0
14-54-45,0,0,0,0,46,29,0,38,0,0,0,0,0,32,36,0
14-54-55,0,30,0,0,45,30,0,38,0,0,0,0,0,32,35,0
14-55-05,0,30,0,30,40,32,0,36,0,0,0,0,0,39,35,0
14-55-15,0,35,0,0,40,34,0,36,0,0,0,0,0,42,37,0
14-55-25,0,34,0,29,40,0,0,35,0,0,0,0,0,40,37,0
14-55-35,0,33,0,31,44,36,0,40,0,0,0,0,0,42,36,0
14-55-45,0,30,0,0,38,34,0,38,0,0,0,0,0,41,38,0
14-55-55,0,33,0,0,45,36,0,41,0,0,0,0,0,42,37,0
14-56-05,0,30,0,0,41,31,0,36,0,0,0,0,0,36,37,0
14-56-15,0,29,0,0,37,30,0,33,0,0,0,0,0,39,39,0
14-56-25,0,33,0,0,42,35,0,37,0,0,0,0,0,40,37,0
14-56-35,0,30,0,29,44,34,0,38,0,0,0,0,0,42,34,0
14-56-45,0,33,0,0,41,33,0,37,0,0,0,0,0,39,35,0
14-56-55,0,31,0,0,40,30,0,32,0,0,0,0,0,34,30,0
14-57-05,0,33,0,29,39,31,0,31,0,0,0,0,0,37,31,0
14-57-15,0,29,0,0,34,29,0,0,0,0,0,0,0,32,33,0
14-57-25,0,29,0,0,32,0,0,31,0,0,0,0,0,37,30,0
14-57-35,0,32,0,29,37,30,0,0,0,0,0,0,0,32,30,0
14-57-45,0,31,0,0,32,0,0,30,0,0,0,0,0,33,0,0
14-57-55,0,31,0,29,31,0,0,0,0,0,0,0,0,30,29,0
14-58-05,0,31,0,0,31,0,0,0,0,0,0,0,0,31,29,0
14-58-15,0,31,0,0,0,0,0,0,0,0,0,0,0,31,0,0
14-58-25,0,30,0,34,30,29,0,0,0,0,0,0,0,30,0,0
14-58-35,0,31,0,0,29,0,0,0,0,0,0,0,0,30,0,0
14-58-45,0,33,0,0,0,0,0,0,0,0,0,0,0,35,0,0
14-58-55,0,35,0,31,0,0,0,0,0,0,0,0,0,38,0,0
14-59-05,0,31,0,0,0,0,0,0,0,0,0,0,0,33,0,0
14-59-15,0,34,0,0,0,0,0,0,0,0,0,0,0,34,0,0
14-59-25,0,0,0,0,0,0,32,0,0,0,0,0,0,33,0,0
14-59-35,0,37,0,34,42,35,32,37,0,0,0,0,0,37,37,0
14-59-45,0,29,0,31,43,32,29,38,0,0,0,0,0,36,35,0
14-59-55,0,33,0,0,32,31,34,29,0,0,0,0,0,35,30,0
15-00-05,0,33,0,0,31,0,35,0,0,0,0,0,0,34,30,0
15-00-15,0,31,0,34,31,0,37,0,0,0,0,0,0,32,29,0
15-00-25,0,33,0,31,31,31,36,31,0,0,0,0,0,31,0,0
15-00-35,0,0,0,0,0,0,33,0,0,0,0,0,0,31,0,0
15-00-45,0,0,0,0,0,0,36,0,0,0,0,0,0,0,0,0
15-00-55,0,29,0,30,0,0,38,0,0,0,0,0,0,0,0,0
15-01-05,0,0,0,31,0,0,37,0,0,0,0,0,0,31,0,0
15-01-15,0,0,0,0,0,0,31,0,0,0,0,0,0,0,0,0
15-01-25,0,35,0,36,0,31,36,0,0,0,0,0,0,35,31,0
15-01-35,0,39,0,39,31,34,40,31,0,0,0,0,0,40,31,0
15-01-45,0,43,0,46,32,43,43,33,0,0,0,0,0,46,31,0
15-01-55,0,41,0,46,39,34,51,34,0,0,0,0,0,44,43,29
15-02-05,0,47,0,42,35,39,45,31,0,0,0,0,0,48,41,30
15-02-15,0,46,0,53,39,54,49,38,0,0,0,0,0,49,45,34
15-02-25,0,51,0,47,33,52,43,32,0,0,0,0,0,54,37,41
15-02-35,29,55,0,52,33,52,42,33,0,0,0,0,0,60,46,43
15-02-45,30,55,0,51,31,52,43,33,0,0,0,0,0,60,46,43
15-02-55,30,55,0,52,31,51,46,31,0,0,0,0,0,59,46,42
15-03-05,29,54,0,52,32,51,52,33,0,0,0,0,0,60,46,43
15-03-15,30,55,0,52,32,52,51,31,0,0,0,0,0,60,45,43
15-03-25,29,55,0,50,31,51,48,31,0,0,0,0,0,60,46,43
15-03-35,30,55,0,51,34,52,38,33,0,0,0,0,0,61,45,43
15-03-45,30,56,0,52,34,52,42,33,0,0,0,0,0,60,45,42
15-03-55,30,55,0,51,34,52,43,32,0,0,0,0,0,60,46,42
15-04-05,30,55,0,52,32,52,48,30,0,0,0,0,0,60,48,43
15-04-15,30,51,0,53,36,54,60,31,0,0,0,0,0,60,47,43
15-04-25,0,51,0,53,35,54,61,32,0,0,0,0,0,61,47,43
15-04-35,0,51,0,53,35,55,61,0,0,0,0,0,0,61,46,43
15-04-45,0,51,0,54,35,55,60,30,0,0,0,0,0,61,46,42
15-04-55,0,52,0,54,36,55,60,0,0,0,0,0,0,61,46,43
15-05-05,0,51,0,53,36,55,60,31,0,0,0,0,0,61,46,42
15-05-15,0,50,0,53,36,55,60,31,0,0,0,0,0,62,47,42
15-05-25,0,51,0,53,36,55,61,30,0,0,0,0,0,62,46,42
15-05-35,0,52,0,53,36,56,60,30,0,0,0,0,0,61,46,42
15-05-45,0,53,0,53,37,56,61,30,0,0,0,0,29,61,46,42
15-05-55,0,52,0,54,36,56,61,32,0,0,0,0,0,60,47,43
15-06-05,0,50,0,54,37,55,61,30,0,0,0,0,0,61,46,42
15-06-15,0,50,0,53,35,55,61,30,0,0,0,0,0,61,46,43
15-06-25,0,50,0,55,36,55,61,34,0,0,0,0,0,61,47,42
15-06-35,0,39,0,53,35,53,60,32,0,0,0,0,29,61,47,41
15-06-45,0,47,0,53,35,51,61,32,0,0,0,0,0,61,47,40
15-06-55,0,51,0,53,35,55,60,33,0,0,0,0,29,61,47,43
15-07-05,0,52,0,55,41,55,52,33,0,0,0,0,33,61,44,43
15-07-15,0,52,0,53,39,56,50,35,0,0,0,0,35,62,46,44
15-07-25,0,53,0,54,37,55,45,33,0,0,0,0,36,60,43,42
15-07-35,0,50,0,53,34,56,49,33,0,0,0,0,35,61,46,43
15-07-45,0,51,0,52,37,54,50,31,0,0,0,0,35,61,43,42
15-07-55,0,51,0,52,35,55,49,31,0,0,0,0,34,61,44,43
15-08-05,0,50,0,52,33,55,49,33,0,0,0,0,35,60,44,43
15-08-15,0,49,0,53,34,55,49,32,0,0,0,0,34,61,44,43
15-08-25,0,51,0,53,33,55,50,31,0,0,0,0,36,62,45,43
15-08-35,0,51,0,52,34,55,50,31,0,0,0,0,35,61,45,42
15-08-45,0,50,0,53,32,55,50,32,0,0,0,0,33,61,45,43
15-08-55,0,52,0,52,32,55,50,32,0,0,0,0,33,61,45,42
15-09-05,0,52,0,53,34,55,50,32,0,0,0,0,33,61,45,42
15-09-15,0,52,0,54,35,55,49,32,0,0,0,0,34,61,44,42
15-09-25,0,52,0,53,35,55,48,31,0,0,0,0,30,61,44,43
15-09-35,0,53,0,53,36,55,49,33,0,0,0,0,35,60,45,42
15-09-45,0,52,0,53,36,55,48,32,0,0,0,0,37,61,43,43
15-09-55,0,50,0,54,36,56,48,31,0,0,0,0,34,62,45,44
15-10-05,0,51,0,55,36,55,50,33,0,0,0,0,35,61,45,43
15-10-15,0,51,0,54,37,56,50,32,0,0,0,0,35,62,44,44
15-10-25,0,51,0,52,36,56,50,32,0,0,0,0,35,63,44,43
15-10-35,0,47,0,53,34,55,50,32,0,0,0,0,32,60,44,42
15-10-45,0,45,0,54,34,55,49,32,0,0,0,0,32,60,44,44
15-10-55,0,42,0,53,34,55,47,32,0,0,0,0,32,60,46,44
15-11-05,0,42,0,54,32,55,48,31,0,0,0,0,31,59,45,44
15-11-15,0,40,0,54,32,55,48,31,0,0,0,0,33,59,45,44
15-11-25,0,40,0,54,33,56,49,30,0,0,0,0,34,60,45,42
15-11-35,0,39,0,53,36,56,48,31,0,0,0,0,34,60,45,44
15-11-45,0,38,0,54,36,55,49,31,0,0,0,0,33,60,44,42
15-11-55,0,38,0,54,37,55,49,31,0,0,0,0,33,60,44,42
15-12-05,0,37,0,53,37,55,48,31,0,0,0,0,34,59,44,43
15-12-15,0,38,0,54,37,55,49,32,0,0,0,0,34,60,44,42
15-12-25,0,41,0,54,37,55,49,32,0,0,0,0,34,60,44,43
15-12-35,0,40,0,53,36,55,48,30,0,0,0,0,33,59,41,43
15-12-45,0,51,0,54,34,55,49,31,0,0,0,0,35,62,44,42
15-12-55,0,51,0,53,35,55,49,31,0,0,0,0,35,61,44,42
15-13-05,0,51,0,54,36,55,49,30,0,0,0,0,34,61,44,42
15-13-15,0,51,0,53,35,55,50,0,0,0,0,0,34,61,45,43
15-13-25,0,52,0,53,35,55,48,31,0,0,0,0,34,61,44,42
15-13-35,0,52,0,53,35,55,50,31,0,0,0,0,35,61,44,42
15-13-45,0,52,0,52,34,55,49,31,0,0,0,0,35,62,45,43
15-13-55,0,52,0,53,35,55,50,0,0,0,0,0,34,61,44,42
15-14-05,0,52,0,54,35,55,51,30,0,0,0,0,35,61,45,42
15-14-15,0,50,0,54,36,55,48,31,0,0,0,0,34,61,44,42
15-14-25,0,51,0,52,36,55,48,33,0,0,0,0,34,62,44,42
15-14-35,0,51,0,54,35,55,49,32,0,0,0,0,32,61,44,42
15-14-45,0,51,0,53,36,55,51,32,0,0,0,0,34,61,45,42
15-14-55,0,52,0,54,34,55,50,0,0,0,0,0,34,61,45,43
15-15-05,0,51,0,53,33,55,49,0,0,0,0,0,33,61,45,43
15-15-15,0,51,0,53,0,55,49,33,0,0,0,0,35,61,45,42
15-15-25,0,51,0,52,0,55,50,32,0,0,0,0,33,62,45,43
15-15-35,0,52,0,53,0,55,49,0,0,0,0,0,34,61,44,43
15-15-45,0,51,0,52,0,55,49,0,0,0,0,0,33,62,45,42
15-15-55,0,51,0,54,0,55,49,31,0,0,0,0,35,61,45,42
15-16-05,0,51,0,53,0,55,50,0,0,0,0,0,35,61,44,42
15-16-15,0,51,0,54,0,55,48,29,0,0,0,0,34,61,45,42
15-16-25,31,51,0,54,0,55,49,31,0,0,0,0,34,61,45,42
15-16-35,0,51,0,52,0,56,49,31,0,0,0,0,33,63,46,43
15-16-45,0,52,0,54,0,56,49,31,0,0,0,0,32,63,45,43
15-16-55,30,50,0,54,0,55,48,31,0,0,0,0,35,63,45,42
15-17-05,0,50,0,53,0,56,49,29,0,0,0,0,36,62,45,43
15-17-15,30,50,0,54,0,56,50,32,0,0,0,0,35,63,44,43
15-17-25,29,49,0,53,0,55,49,30,0,0,0,0,36,62,45,43
15-17-35,29,49,0,53,0,56,49,32,0,0,0,0,36,62,45,43
15-17-45,31,49,0,54,0,56,49,0,0,0,0,0,35,62,45,43
15-17-55,0,49,0,52,0,56,49,30,0,0,0,0,36,62,45,43
15-18-05,30,49,0,53,0,56,48,31,0,0,0,0,36,63,45,43
15-18-15,30,49,0,54,0,55,49,31,0,0,0,0,37,62,44,43
15-18-25,30,50,0,53,0,56,48,31,0,0,0,0,36,62,44,43
15-18-35,30,49,0,53,0,56,49,31,0,0,0,0,36,62,45,43
15-18-45,0,50,0,53,0,56,48,30,0,0,0,0,35,62,45,43
15-18-55,0,50,0,53,0,56,49,30,0,0,0,0,35,62,45,43
15-19-05,0,49,0,53,0,56,50,0,0,0,0,0,37,62,45,42
15-19-15,29,50,0,53,0,56,49,31,0,0,0,0,37,62,44,43
15-19-25,0,50,0,52,0,56,50,30,0,0,0,0,36,63,45,43
15-19-35,29,50,0,53,0,56,50,31,0,0,0,0,34,62,45,43
15-19-45,0,50,0,53,0,55,49,29,0,0,0,0,33,63,44,43
15-19-55,0,50,0,52,0,55,49,0,0,0,0,0,33,62,45,43
15-20-05,0,50,0,53,0,56,49,31,0,0,0,0,33,62,45,43
15-20-15,30,50,0,52,0,56,48,31,0,0,0,0,35,63,45,43
15-20-25,30,50,0,53,0,55,49,0,0,0,0,0,32,62,45,43
15-20-35,29,50,0,53,0,55,49,31,0,0,0,0,32,62,44,43
15-20-45,0,50,0,53,0,55,49,31,0,0,0,0,34,62,45,43
15-20-55,29,50,0,53,0,56,49,0,0,0,0,0,33,62,44,43
15-21-05,30,50,0,54,0,55,49,0,0,0,0,0,31,62,44,43
15-21-15,0,50,0,53,0,55,49,29,0,0,0,0,33,63,45,43
15-21-25,30,50,0,54,0,56,49,0,0,0,0,0,36,62,44,43
15-21-35,29,50,0,54,0,56,49,31,0,0,0,0,36,62,45,43
15-21-45,0,50,0,52,0,56,49,31,0,0,0,0,36,62,44,43
15-21-55,29,50,0,53,0,56,49,0,0,0,0,0,36,63,0,43
15-22-05,30,50,0,53,0,56,49,31,0,0,0,0,36,63,0,43
15-22-15,30,50,0,52,0,56,49,32,0,0,0,0,37,62,0,43
15-22-25,30,50,0,53,0,56,49,32,0,0,0,0,35,62,0,43
15-22-35,30,50,0,54,0,56,49,31,0,0,0,0,36,62,0,43
15-22-45,30,50,0,53,0,55,49,31,0,0,0,0,36,63,0,43
15-22-55,29,50,0,54,0,56,49,32,0,0,0,0,35,62,0,43
15-23-05,30,50,0,54,0,56,49,31,0,0,0,0,36,61,0,43
15-23-15,30,50,0,53,0,56,49,31,0,0,0,0,36,62,0,43
15-23-25,30,50,0,53,0,55,49,31,0,0,0,0,35,63,0,43
15-23-35,0,50,0,52,0,56,49,31,0,0,0,0,36,63,0,42
15-23-45,30,50,0,54,0,55,48,31,0,0,0,0,35,63,0,43
15-23-55,29,50,0,53,0,56,49,0,0,0,0,0,36,62,0,43
15-24-05,30,50,0,53,0,55,49,31,0,0,0,0,36,62,0,43
15-24-15,29,50,0,53,0,56,49,31,0,0,0,0,37,63,0,42
15-24-25,0,50,0,53,0,56,49,29,0,0,0,0,36,62,0,43
15-24-35,30,50,0,53,0,55,49,32,0,0,0,0,36,62,0,43
15-24-45,30,50,0,53,0,56,49,32,0,0,0,0,36,63,0,43
15-24-55,29,50,0,53,0,55,49,31,0,0,0,0,36,62,0,43
15-25-05,0,50,0,53,0,56,49,32,0,0,0,0,36,62,0,43
15-25-15,0,50,0,53,0,56,49,31,0,0,0,0,36,62,0,43
15-25-25,30,50,0,53,0,56,49,32,0,0,0,0,36,63,0,43
15-25-35,29,49,0,54,0,56,49,31,0,0,0,0,36,63,0,43
15-25-45,0,50,0,52,0,56,49,31,0,0,0,0,35,62,0,43
15-25-55,30,50,0,53,0,56,49,31,0,0,0,0,35,62,0,43
15-26-05,0,50,0,52,0,56,49,0,0,0,0,0,36,62,0,43
15-26-15,0,50,0,54,0,55,50,0,0,0,0,0,34,62,0,43
15-26-25,29,50,0,53,0,55,49,0,0,0,0,0,35,62,0,43
15-26-35,31,50,0,53,0,56,50,29,0,0,0,0,35,62,0,43
15-26-45,29,49,0,53,0,55,49,0,0,0,0,0,36,62,0,43
15-26-55,0,50,0,53,0,56,49,31,0,0,0,0,36,62,0,43
15-27-05,0,50,0,52,0,55,49,29,0,0,0,0,33,62,0,43
15-27-15,0,50,0,53,0,56,49,31,0,0,0,0,33,62,0,43
15-27-25,0,50,0,53,0,56,49,0,0,0,0,0,33,63,0,43
15-27-35,0,50,0,52,0,56,49,31,0,0,0,0,32,62,0,43
15-27-45,30,49,0,53,0,56,49,31,0,0,0,0,33,62,0,43
15-27-55,0,50,0,53,0,55,49,31,0,0,0,0,35,62,0,43
15-28-05,29,49,0,52,0,56,49,29,0,0,0,0,35,62,0,43
15-28-15,0,50,0,54,0,56,49,31,0,0,0,0,35,62,0,43
15-28-25,29,49,0,52,0,55,49,31,0,0,0,0,35,62,0,43
15-28-35,30,50,0,53,0,55,49,31,0,0,0,0,34,62,0,44
15-28-45,0,50,0,53,0,56,50,32,0,0,0,0,32,62,0,43
15-28-55,30,50,0,53,0,55,49,31,0,0,0,0,34,63,0,43
15-29-05,0,50,0,53,0,56,49,31,0,0,0,0,33,62,0,43
15-29-15,29,50,0,53,0,56,49,31,0,0,0,0,32,62,0,43
15-29-25,30,50,0,52,0,55,49,32,0,0,0,0,34,62,0,43
15-29-35,30,50,0,52,0,56,49,32,0,0,0,0,34,63,0,44
15-29-45,30,50,0,54,0,56,49,32,0,0,0,0,35,63,0,43
15-29-55,0,50,0,53,0,56,49,31,0,0,0,0,33,62,0,43
15-30-05,30,50,0,54,0,55,50,32,0,0,0,0,37,63,0,43
15-30-15,30,50,0,53,0,55,50,30,0,0,0,0,35,62,0,43
15-30-25,0,50,0,53,0,55,49,32,0,0,0,0,36,63,0,43
15-30-35,0,50,0,54,0,56,49,32,0,0,0,0,36,63,0,43
15-30-45,30,50,0,54,0,56,49,31,0,0,0,0,36,62,0,43
15-30-55,30,50,0,54,0,56,49,32,0,0,0,0,36,63,0,43
15-31-05,30,50,0,53,0,56,49,32,0,0,0,0,36,62,0,43
15-31-15,30,50,0,53,0,56,50,32,0,0,0,0,36,62,0,43
15-31-25,30,50,0,53,0,56,50,32,0,0,0,0,36,62,0,43
15-31-35,30,50,0,53,0,55,50,31,0,0,0,0,36,62,0,43
15-31-45,30,50,0,53,0,56,49,32,0,0,0,0,36,62,0,43
15-31-55,30,50,0,53,0,56,50,32,0,0,0,0,37,63,0,43
15-32-05,30,50,0,54,0,56,49,32,0,0,0,0,36,63,0,43
15-32-15,0,50,0,53,0,56,49,31,0,0,0,0,36,63,0,43
15-32-25,0,49,0,53,0,56,49,32,0,0,0,0,37,62,0,43
15-32-35,0,50,0,53,0,56,49,0,0,0,0,0,36,62,0,43
15-32-45,29,50,0,54,0,56,49,32,0,0,0,0,35,62,0,43
15-32-55,30,50,0,54,0,56,49,31,0,0,0,0,36,63,0,43
15-33-05,0,50,0,54,0,56,49,0,0,0,0,0,37,61,0,43
15-33-15,29,50,0,54,0,56,50,32,0,0,0,0,36,62,0,43
15-33-25,0,50,0,55,0,56,49,31,0,0,0,0,35,62,0,43
15-33-35,0,50,0,53,0,56,50,31,0,0,0,0,36,63,0,43
15-33-45,0,50,0,53,0,56,50,0,0,0,0,0,37,62,0,43
15-33-55,0,50,0,54,0,55,49,31,0,0,0,0,36,63,0,43
15-34-05,0,50,0,54,0,56,49,0,0,0,0,0,37,63,0,43
15-34-15,29,50,0,53,0,56,49,32,0,0,0,0,36,63,0,43
15-34-25,30,50,0,54,0,56,49,32,0,0,0,0,36,63,0,43
15-34-35,30,50,0,54,0,56,49,32,0,0,0,0,37,62,0,43
15-34-45,30,50,0,53,0,56,49,32,0,0,0,0,38,62,0,43
15-34-55,30,50,0,55,0,56,49,32,0,0,0,0,37,63,0,43
15-35-05,30,50,0,53,0,56,49,32,0,0,0,0,36,62,0,43
15-35-15,30,50,0,54,0,56,50,32,0,0,0,0,37,63,0,43
15-35-25,30,50,0,52,0,56,49,32,0,0,0,0,37,62,0,43
15-35-35,30,50,0,52,0,56,49,32,0,0,0,0,37,63,0,43
15-35-45,30,50,0,54,0,56,50,31,0,0,0,0,36,63,0,43
15-35-55,31,50,0,53,0,56,49,32,0,0,0,0,36,63,0,43
15-36-05,30,50,0,53,0,56,49,32,0,0,0,0,37,63,0,43
15-36-15,30,50,0,54,0,56,49,32,0,0,0,0,36,62,0,43
15-36-25,30,50,0,53,0,56,49,31,0,0,0,0,36,63,0,43
15-36-35,30,50,0,53,0,56,49,32,0,0,0,0,36,62,0,43
15-36-45,30,50,0,52,0,56,49,32,0,0,0,0,36,62,0,43
15-36-55,30,50,0,53,0,56,49,31,0,0,0,0,36,63,0,43
15-37-05,30,50,0,53,0,56,49,32,0,0,0,0,36,62,0,43
15-37-15,30,50,0,53,0,56,49,32,0,0,0,0,37,63,0,43
15-37-25,30,50,0,53,0,56,49,32,0,0,0,0,37,62,0,43
15-37-35,30,50,0,53,0,56,49,31,0,0,0,0,36,63,0,43
15-37-45,30,50,0,53,0,56,49,31,0,0,0,0,37,63,0,43
15-37-55,30,50,0,54,0,56,49,32,0,0,0,0,37,63,0,43
15-38-05,30,50,0,53,0,55,49,32,0,0,0,0,37,62,0,43
15-38-15,30,50,0,53,0,56,49,32,0,0,0,0,37,63,0,43
15-38-25,30,50,0,53,0,56,49,32,0,0,0,0,36,63,0,43
15-38-35,30,50,0,53,0,56,50,32,0,0,0,0,36,62,0,43
15-38-45,30,50,0,54,0,56,50,32,0,0,0,0,37,62,0,43
15-38-55,30,50,0,53,0,56,49,32,0,0,0,0,37,62,0,43
15-39-05,30,50,0,54,0,56,49,32,0,0,0,0,37,63,0,43
15-39-15,31,50,0,53,0,56,49,32,0,0,0,0,37,62,0,43
15-39-25,30,50,0,53,0,56,49,32,0,0,0,0,36,63,0,43
15-39-35,30,50,0,53,0,56,49,32,0,0,0,0,37,62,0,43
15-39-45,31,50,0,54,0,56,49,32,0,0,0,0,36,63,0,43
15-39-55,30,50,0,54,0,56,49,32,0,0,0,0,37,63,0,43
15-40-05,31,50,0,54,0,56,49,32,0,0,0,0,37,62,0,43
15-40-15,30,50,0,53,0,56,50,32,0,0,0,0,36,63,0,43
15-40-25,31,50,0,53,0,56,49,31,0,0,0,0,37,62,0,43
15-40-35,30,50,0,53,0,56,49,32,0,0,0,0,37,63,0,43
15-40-45,30,50,0,53,0,56,49,32,0,0,0,0,37,63,0,44
15-40-55,30,50,0,53,0,56,49,32,0,0,0,0,36,63,0,43
15-41-05,31,50,0,54,0,56,49,32,0,0,0,0,36,63,0,43
15-41-15,30,50,0,55,0,56,49,32,0,0,0,0,37,63,0,43
15-41-25,30,50,0,53,0,56,49,32,0,0,0,0,37,63,0,44
15-41-35,31,50,0,54,0,56,50,31,0,0,0,0,36,63,0,43
15-41-45,30,50,0,53,0,56,49,32,0,0,0,0,37,62,0,44
15-41-55,30,50,0,53,0,56,49,32,0,0,0,0,37,63,0,43
15-42-05,30,50,0,52,0,56,50,32,0,0,0,0,37,62,0,43
15-42-15,31,50,0,53,0,56,49,32,0,0,0,0,37,63,0,43
15-42-25,30,50,0,54,0,56,49,32,0,0,0,0,36,62,0,43
15-42-35,30,50,0,53,0,56,49,32,0,0,0,0,36,63,0,43
15-42-45,31,50,0,54,0,56,49,32,0,0,0,0,36,63,0,43
15-42-55,30,50,0,54,0,56,49,32,0,0,0,0,37,63,0,43
15-43-05,30,50,0,53,0,56,49,32,0,0,0,0,36,63,0,43
15-43-15,31,50,0,53,0,56,50,32,0,0,0,0,36,63,0,44
15-43-25,31,50,0,53,0,56,50,32,0,0,0,0,37,63,0,43
15-43-35,31,50,0,52,0,56,49,32,0,0,0,0,37,63,0,43
15-43-45,30,50,0,53,0,56,49,32,0,0,0,0,36,63,0,43
15-43-55,30,50,0,54,0,56,49,32,0,0,0,0,37,62,0,43
15-44-05,31,50,0,54,0,56,49,32,0,0,0,0,37,63,0,43
15-44-15,30,50,0,53,0,56,49,32,0,0,0,0,36,62,0,43
15-44-25,30,50,0,53,0,56,49,32,0,0,0,0,37,62,0,43
15-44-35,30,50,0,53,0,56,49,32,0,0,0,0,37,63,0,43
15-44-45,30,50,0,53,0,56,49,32,0,0,0,0,36,63,0,43
15-44-55,31,50,0,53,0,56,49,32,0,0,0,0,37,62,0,43
15-45-05,30,50,0,53,0,56,49,32,0,0,0,0,36,63,0,44
15-45-15,31,50,0,54,0,56,49,32,0,0,0,0,37,63,0,43
15-45-25,31,50,0,53,0,56,49,32,0,0,0,0,36,62,0,44
15-45-35,30,50,0,54,0,56,49,32,0,0,0,0,37,63,0,43
15-45-45,30,50,0,53,0,56,50,32,0,0,0,0,37,63,0,43
15-45-55,30,49,0,53,0,56,49,32,0,0,0,0,37,63,0,44
15-46-05,30,50,0,53,0,56,49,32,0,0,0,0,35,62,0,44
15-46-15,29,50,0,53,0,55,49,32,0,0,0,0,37,62,0,43
15-46-25,30,50,0,53,0,55,49,32,0,0,0,0,36,63,0,44
15-46-35,31,50,0,52,0,56,49,32,0,0,0,0,37,62,0,43
15-46-45,30,50,0,54,0,56,49,32,0,0,0,0,37,62,0,43
15-46-55,30,50,0,53,0,56,49,32,0,0,0,0,37,63,0,44
15-47-05,30,50,0,53,0,56,49,32,0,0,0,0,36,62,0,43
15-47-15,30,50,0,52,0,56,49,32,0,0,0,0,36,63,0,43
15-47-25,30,50,0,53,0,56,49,32,0,0,0,0,37,62,0,43
15-47-35,31,50,0,52,0,56,49,32,0,0,0,0,36,63,0,43
15-47-45,30,50,0,53,0,56,49,32,0,0,0,0,36,62,0,43
15-47-55,31,50,0,53,0,56,49,32,0,0,0,0,37,63,0,43
